paper,screening,patch,C,M,Y,K,L_t,a_t,b_t,L_m,a_m,b_m,de00
ofsetni papir 80 g,150 dot,1,0.0,0.0,0.0,0.0,93.0,12.0,1.0,92.0,89.0,0.0,0.26
ofsetni papir 80 g,150 dot,2,0.0,21.0,0.0,0.0,87.0,23.0,6.0,86.0,98.0,6.0,0.36
ofsetni papir 80 g,150 dot,3,0.0,52.0,0.0,0.0,73.0,0.0,19.0,72.0,56.0,20.0,0.48
ofsetni papir 80 g,150 dot,4,0.0,81.0,0.0,0.0,59.0,27.0,37.0,58.0,97.0,37.0,0.29
ofsetni papir 80 g,150 dot,5,0.0,100.0,0.0,0.0,49.0,42.0,54.0,49.0,23.0,54.0,0.22
ofsetni papir 80 g,150 dot,6,16.0,0.0,0.0,0.0,88.0,61.0,-2.0,88.0,22.0,-2.0,0.37
ofsetni papir 80 g,150 dot,7,16.0,21.0,0.0,0.0,83.0,6.0,3.0,82.0,59.0,3.0,0.45
ofsetni papir 80 g,150 dot,8,16.0,52.0,0.0,0.0,69.0,42.0,16.0,69.0,24.0,15.0,0.44
ofsetni papir 80 g,150 dot,9,16.0,81.0,0.0,0.0,54.0,36.0,31.0,54.0,68.0,31.0,1.02
ofsetni papir 80 g,150 dot,10,16.0,100.0,0.0,0.0,45.0,85.0,47.0,47.0,0.0,45.0,1.37
ofsetni papir 80 g,150 dot,11,39.0,0.0,0.0,0.0,81.0,7.0,-9.0,80.0,82.0,-9.0,0.43
ofsetni papir 80 g,150 dot,12,39.0,21.0,0.0,0.0,74.0,93.0,-3.0,74.0,41.0,-3.0,0.52
ofsetni papir 80 g,150 dot,13,39.0,52.0,0.0,0.0,62.0,97.0,8.0,62.0,25.0,8.0,0.75
ofsetni papir 80 g,150 dot,14,39.0,81.0,0.0,0.0,50.0,37.0,24.0,50.0,18.0,23.0,0.51
ofsetni papir 80 g,150 dot,15,39.0,100.0,0.0,0.0,42.0,54.0,38.0,85.0,30.0,-6.0,47.07
ofsetni papir 80 g,150 dot,16,64.0,0.0,0.0,0.0,70.0,44.0,-18.0,69.0,74.0,-19.0,0.58
ofsetni papir 80 g,150 dot,17,64.0,21.0,0.0,0.0,63.0,64.0,-14.0,62.0,84.0,-13.0,0.77
ofsetni papir 80 g,150 dot,18,64.0,52.0,0.0,0.0,53.0,34.0,-2.0,52.0,86.0,-3.0,0.69
ofsetni papir 80 g,150 dot,19,64.0,81.0,0.0,0.0,43.0,38.0,9.0,43.0,18.0,9.0,0.2
ofsetni papir 80 g,150 dot,20,64.0,100.0,0.0,0.0,35.0,84.0,20.0,36.0,12.0,18.0,1.08
ofsetni papir 80 g,150 dot,21,85.0,0.0,0.0,0.0,60.0,70.0,-27.0,60.0,40.0,-27.0,0.29
ofsetni papir 80 g,150 dot,22,85.0,21.0,0.0,0.0,55.0,22.0,-22.0,55.0,6.0,-22.0,0.47
ofsetni papir 80 g,150 dot,23,85.0,52.0,0.0,0.0,46.0,81.0,-11.0,46.0,28.0,-11.0,0.54
ofsetni papir 80 g,150 dot,24,85.0,81.0,0.0,0.0,37.0,79.0,0.0,38.0,59.0,-0.0,0.72
ofsetni papir 80 g,150 dot,25,85.0,100.0,0.0,0.0,32.0,38.0,8.0,31.0,89.0,8.0,0.45
ofsetni papir 80 g,150 dot,26,100.0,0.0,0.0,0.0,54.0,84.0,-32.0,54.0,78.0,-32.0,0.1
ofsetni papir 80 g,150 dot,27,100.0,21.0,0.0,0.0,48.0,92.0,-28.0,48.0,88.0,-27.0,0.46
ofsetni papir 80 g,150 dot,28,100.0,52.0,0.0,0.0,42.0,26.0,-17.0,42.0,14.0,-17.0,0.23
ofsetni papir 80 g,150 dot,29,100.0,81.0,0.0,0.0,33.0,85.0,-5.0,21.0,38.0,-1.0,21.17
ofsetni papir 80 g,150 dot,30,100.0,100.0,0.0,0.0,29.0,68.0,2.0,30.0,2.0,1.0,0.34
ofsetni papir 80 g,150 dot,31,0.0,0.0,21.0,0.0,91.0,62.0,-1.0,91.0,56.0,-1.0,0.72
ofsetni papir 80 g,150 dot,32,0.0,21.0,21.0,0.0,83.0,18.0,5.0,82.0,77.0,6.0,1.16
ofsetni papir 80 g,150 dot,33,0.0,52.0,21.0,0.0,71.0,24.0,20.0,71.0,55.0,20.0,0.43
ofsetni papir 80 g,150 dot,34,0.0,81.0,21.0,0.0,58.0,21.0,39.0,58.0,58.0,39.0,0.35
ofsetni papir 80 g,150 dot,35,0.0,100.0,21.0,0.0,48.0,8.0,55.0,48.0,94.0,54.0,0.94
ofsetni papir 80 g,150 dot,36,16.0,0.0,21.0,0.0,85.0,83.0,-4.0,85.0,55.0,-4.0,1.32
ofsetni papir 80 g,150 dot,37,16.0,21.0,21.0,0.0,73.0,65.0,1.0,73.0,47.0,2.0,0.99
ofsetni papir 80 g,150 dot,38,16.0,52.0,21.0,0.0,62.0,59.0,14.0,63.0,14.0,14.0,0.51
ofsetni papir 80 g,150 dot,39,16.0,81.0,21.0,0.0,51.0,41.0,31.0,51.0,79.0,31.0,0.38
ofsetni papir 80 g,150 dot,40,16.0,100.0,21.0,0.0,43.0,32.0,45.0,43.0,84.0,44.0,0.52
ofsetni papir 80 g,150 dot,41,39.0,0.0,21.0,0.0,78.0,0.0,-11.0,77.0,70.0,-11.0,1.04
ofsetni papir 80 g,150 dot,42,39.0,21.0,21.0,0.0,66.0,53.0,-3.0,66.0,66.0,-3.0,0.54
ofsetni papir 80 g,150 dot,43,39.0,52.0,21.0,0.0,55.0,99.0,8.0,92.0,46.0,0.0,28.73
ofsetni papir 80 g,150 dot,44,39.0,81.0,21.0,0.0,45.0,18.0,21.0,45.0,55.0,21.0,0.49
ofsetni papir 80 g,150 dot,45,39.0,100.0,21.0,0.0,38.0,87.0,34.0,39.0,45.0,32.0,0.75
ofsetni papir 80 g,150 dot,46,64.0,0.0,21.0,0.0,66.0,18.0,-23.0,66.0,11.0,-23.0,0.97
ofsetni papir 80 g,150 dot,47,64.0,21.0,21.0,0.0,57.0,5.0,-14.0,57.0,30.0,-13.0,0.55
ofsetni papir 80 g,150 dot,48,64.0,52.0,21.0,0.0,46.0,83.0,-1.0,47.0,19.0,-1.0,0.4
ofsetni papir 80 g,150 dot,49,64.0,81.0,21.0,0.0,38.0,90.0,11.0,38.0,13.0,10.0,1.21
ofsetni papir 80 g,150 dot,50,64.0,100.0,21.0,0.0,33.0,42.0,19.0,33.0,59.0,18.0,1.02
ofsetni papir 80 g,150 dot,51,85.0,0.0,21.0,0.0,58.0,6.0,-32.0,58.0,14.0,-31.0,0.63
ofsetni papir 80 g,150 dot,52,85.0,21.0,21.0,0.0,49.0,96.0,-23.0,50.0,7.0,-23.0,0.43
ofsetni papir 80 g,150 dot,53,85.0,52.0,21.0,0.0,40.0,11.0,-10.0,40.0,44.0,-10.0,0.36
ofsetni papir 80 g,150 dot,54,85.0,81.0,21.0,0.0,32.0,90.0,1.0,32.0,95.0,0.0,0.43
ofsetni papir 80 g,150 dot,55,85.0,100.0,21.0,0.0,29.0,0.0,7.0,30.0,31.0,6.0,1.39
ofsetni papir 80 g,150 dot,56,100.0,0.0,21.0,0.0,52.0,22.0,-38.0,52.0,56.0,-37.0,0.71
ofsetni papir 80 g,150 dot,57,100.0,21.0,21.0,0.0,46.0,29.0,-30.0,19.0,20.0,1.0,39.77
ofsetni papir 80 g,150 dot,58,100.0,52.0,21.0,0.0,37.0,17.0,-15.0,37.0,88.0,-15.0,0.65
ofsetni papir 80 g,150 dot,59,100.0,81.0,21.0,0.0,29.0,95.0,-5.0,31.0,24.0,-5.0,1.05
ofsetni papir 80 g,150 dot,60,100.0,100.0,21.0,0.0,27.0,18.0,0.0,28.0,95.0,-0.0,1.39
ofsetni papir 80 g,150 dot,61,0.0,0.0,52.0,0.0,89.0,15.0,-2.0,88.0,96.0,-2.0,0.71
ofsetni papir 80 g,150 dot,62,0.0,21.0,52.0,0.0,81.0,46.0,5.0,81.0,44.0,5.0,0.92
ofsetni papir 80 g,150 dot,63,0.0,52.0,52.0,0.0,69.0,55.0,20.0,69.0,55.0,20.0,0.27
ofsetni papir 80 g,150 dot,64,0.0,81.0,52.0,0.0,57.0,44.0,40.0,57.0,35.0,39.0,0.32
ofsetni papir 80 g,150 dot,65,0.0,100.0,52.0,0.0,47.0,32.0,54.0,47.0,82.0,54.0,0.55
ofsetni papir 80 g,150 dot,66,16.0,0.0,52.0,0.0,81.0,85.0,-5.0,81.0,94.0,-5.0,1.31
ofsetni papir 80 g,150 dot,67,16.0,21.0,52.0,0.0,71.0,89.0,1.0,71.0,36.0,1.0,1.35
ofsetni papir 80 g,150 dot,68,16.0,52.0,52.0,0.0,60.0,60.0,14.0,60.0,87.0,15.0,1.47
ofsetni papir 80 g,150 dot,69,16.0,81.0,52.0,0.0,50.0,40.0,30.0,50.0,44.0,30.0,0.41
ofsetni papir 80 g,150 dot,70,16.0,100.0,52.0,0.0,42.0,99.0,44.0,43.0,56.0,43.0,0.67
ofsetni papir 80 g,150 dot,71,39.0,0.0,52.0,0.0,75.0,19.0,-13.0,17.0,23.0,-1.0,58.58
ofsetni papir 80 g,150 dot,72,39.0,21.0,52.0,0.0,61.0,62.0,-4.0,62.0,55.0,-4.0,1.14
ofsetni papir 80 g,150 dot,73,39.0,52.0,52.0,0.0,50.0,74.0,6.0,50.0,86.0,7.0,0.77
ofsetni papir 80 g,150 dot,74,39.0,81.0,52.0,0.0,41.0,79.0,19.0,42.0,37.0,19.0,0.77
ofsetni papir 80 g,150 dot,75,39.0,100.0,52.0,0.0,37.0,6.0,30.0,37.0,45.0,30.0,0.63
ofsetni papir 80 g,150 dot,76,64.0,0.0,52.0,0.0,63.0,94.0,-26.0,63.0,91.0,-26.0,1.23
ofsetni papir 80 g,150 dot,77,64.0,21.0,52.0,0.0,54.0,43.0,-15.0,53.0,90.0,-15.0,1.1
ofsetni papir 80 g,150 dot,78,64.0,52.0,52.0,0.0,37.0,43.0,-1.0,38.0,26.0,-1.0,0.92
ofsetni papir 80 g,150 dot,79,64.0,81.0,52.0,0.0,31.0,91.0,8.0,32.0,99.0,7.0,0.98
ofsetni papir 80 g,150 dot,80,64.0,100.0,52.0,0.0,28.0,59.0,14.0,30.0,21.0,13.0,1.39
ofsetni papir 80 g,150 dot,81,85.0,0.0,52.0,0.0,54.0,88.0,-38.0,55.0,38.0,-36.0,1.12
ofsetni papir 80 g,150 dot,82,85.0,21.0,52.0,0.0,46.0,64.0,-28.0,47.0,29.0,-26.0,1.33
ofsetni papir 80 g,150 dot,83,85.0,52.0,52.0,0.0,33.0,47.0,-9.0,34.0,45.0,-9.0,1.03
ofsetni papir 80 g,150 dot,84,85.0,81.0,52.0,0.0,28.0,13.0,0.0,29.0,84.0,0.0,1.35
ofsetni papir 80 g,150 dot,85,85.0,100.0,52.0,0.0,25.0,39.0,4.0,21.0,46.0,0.0,11.88
ofsetni papir 80 g,150 dot,86,100.0,0.0,52.0,0.0,50.0,33.0,-43.0,50.0,57.0,-42.0,0.33
ofsetni papir 80 g,150 dot,87,100.0,21.0,52.0,0.0,43.0,70.0,-35.0,44.0,23.0,-34.0,0.94
ofsetni papir 80 g,150 dot,88,100.0,52.0,52.0,0.0,31.0,94.0,-16.0,33.0,25.0,-15.0,1.36
ofsetni papir 80 g,150 dot,89,100.0,81.0,52.0,0.0,25.0,12.0,-4.0,26.0,29.0,-3.0,0.88
ofsetni papir 80 g,150 dot,90,100.0,100.0,52.0,0.0,23.0,31.0,-0.0,24.0,12.0,-0.0,0.64
ofsetni papir 80 g,150 dot,91,0.0,0.0,81.0,0.0,86.0,76.0,-3.0,86.0,58.0,-3.0,0.78
ofsetni papir 80 g,150 dot,92,0.0,21.0,81.0,0.0,78.0,75.0,5.0,78.0,33.0,5.0,0.86
ofsetni papir 80 g,150 dot,93,0.0,52.0,81.0,0.0,65.0,92.0,22.0,66.0,52.0,21.0,0.67
ofsetni papir 80 g,150 dot,94,0.0,81.0,81.0,0.0,54.0,53.0,41.0,54.0,85.0,41.0,0.36
ofsetni papir 80 g,150 dot,95,0.0,100.0,81.0,0.0,45.0,72.0,55.0,46.0,34.0,55.0,0.83
ofsetni papir 80 g,150 dot,96,16.0,0.0,81.0,0.0,79.0,23.0,-6.0,78.0,88.0,-6.0,0.53
ofsetni papir 80 g,150 dot,97,16.0,21.0,81.0,0.0,70.0,55.0,0.0,69.0,33.0,1.0,1.09
ofsetni papir 80 g,150 dot,98,16.0,52.0,81.0,0.0,59.0,21.0,15.0,58.0,23.0,15.0,1.13
ofsetni papir 80 g,150 dot,99,16.0,81.0,81.0,0.0,48.0,51.0,32.0,20.0,20.0,5.0,29.89
ofsetni papir 80 g,150 dot,100,16.0,100.0,81.0,0.0,41.0,14.0,46.0,42.0,22.0,45.0,1.09
ofsetni papir 80 g,150 dot,101,39.0,0.0,81.0,0.0,72.0,63.0,-14.0,71.0,99.0,-14.0,1.01
ofsetni papir 80 g,150 dot,102,39.0,21.0,81.0,0.0,59.0,2.0,-6.0,59.0,28.0,-5.0,1.17
ofsetni papir 80 g,150 dot,103,39.0,52.0,81.0,0.0,49.0,30.0,6.0,49.0,15.0,6.0,1.05
ofsetni papir 80 g,150 dot,104,39.0,81.0,81.0,0.0,39.0,67.0,20.0,40.0,76.0,20.0,1.21
ofsetni papir 80 g,150 dot,105,39.0,100.0,81.0,0.0,34.0,88.0,30.0,36.0,74.0,28.0,1.86
ofsetni papir 80 g,150 dot,106,64.0,0.0,81.0,0.0,59.0,97.0,-31.0,59.0,26.0,-31.0,1.44
ofsetni papir 80 g,150 dot,107,64.0,21.0,81.0,0.0,52.0,4.0,-18.0,51.0,45.0,-19.0,1.33
ofsetni papir 80 g,150 dot,108,64.0,52.0,81.0,0.0,37.0,48.0,-2.0,37.0,24.0,-2.0,0.62
ofsetni papir 80 g,150 dot,109,64.0,81.0,81.0,0.0,29.0,86.0,7.0,31.0,77.0,7.0,1.57
ofsetni papir 80 g,150 dot,110,64.0,100.0,81.0,0.0,27.0,35.0,13.0,28.0,31.0,13.0,0.8
ofsetni papir 80 g,150 dot,111,85.0,0.0,81.0,0.0,52.0,28.0,-42.0,51.0,51.0,-42.0,1.0
ofsetni papir 80 g,150 dot,112,85.0,21.0,81.0,0.0,45.0,79.0,-31.0,45.0,55.0,-29.0,0.74
ofsetni papir 80 g,150 dot,113,85.0,52.0,81.0,0.0,32.0,1.0,-11.0,27.0,90.0,-0.0,12.66
ofsetni papir 80 g,150 dot,114,85.0,81.0,81.0,0.0,27.0,11.0,0.0,27.0,86.0,0.0,0.61
ofsetni papir 80 g,150 dot,115,85.0,100.0,81.0,0.0,24.0,69.0,4.0,25.0,53.0,4.0,0.61
ofsetni papir 80 g,150 dot,116,100.0,0.0,81.0,0.0,47.0,1.0,-49.0,47.0,62.0,-47.0,1.45
ofsetni papir 80 g,150 dot,117,100.0,21.0,81.0,0.0,41.0,46.0,-38.0,41.0,59.0,-39.0,0.97
ofsetni papir 80 g,150 dot,118,100.0,52.0,81.0,0.0,30.0,31.0,-18.0,30.0,69.0,-18.0,0.59
ofsetni papir 80 g,150 dot,119,100.0,81.0,81.0,0.0,23.0,61.0,-4.0,25.0,89.0,-3.0,1.72
ofsetni papir 80 g,150 dot,120,100.0,100.0,81.0,0.0,21.0,94.0,-0.0,23.0,29.0,-0.0,1.0
ofsetni papir 80 g,150 dot,121,0.0,0.0,100.0,0.0,85.0,71.0,-3.0,85.0,27.0,-2.0,0.34
ofsetni papir 80 g,150 dot,122,0.0,21.0,100.0,0.0,78.0,10.0,6.0,78.0,20.0,6.0,0.33
ofsetni papir 80 g,150 dot,123,0.0,52.0,100.0,0.0,63.0,90.0,24.0,63.0,62.0,24.0,0.81
ofsetni papir 80 g,150 dot,124,0.0,81.0,100.0,0.0,51.0,98.0,44.0,51.0,54.0,45.0,0.68
ofsetni papir 80 g,150 dot,125,0.0,100.0,100.0,0.0,44.0,75.0,55.0,45.0,61.0,54.0,1.0
ofsetni papir 80 g,150 dot,126,16.0,0.0,100.0,0.0,78.0,62.0,-6.0,77.0,65.0,-7.0,0.81
ofsetni papir 80 g,150 dot,127,16.0,21.0,100.0,0.0,68.0,82.0,0.0,28.0,32.0,11.0,45.81
ofsetni papir 80 g,150 dot,128,16.0,52.0,100.0,0.0,57.0,58.0,15.0,57.0,71.0,16.0,0.26
ofsetni papir 80 g,150 dot,129,16.0,81.0,100.0,0.0,46.0,89.0,33.0,47.0,17.0,33.0,0.37
ofsetni papir 80 g,150 dot,130,16.0,100.0,100.0,0.0,40.0,60.0,45.0,41.0,18.0,45.0,0.83
ofsetni papir 80 g,150 dot,131,39.0,0.0,100.0,0.0,70.0,50.0,-16.0,69.0,91.0,-16.0,0.58
ofsetni papir 80 g,150 dot,132,39.0,21.0,100.0,0.0,57.0,60.0,-6.0,57.0,9.0,-6.0,0.75
ofsetni papir 80 g,150 dot,133,39.0,52.0,100.0,0.0,47.0,21.0,5.0,46.0,90.0,5.0,0.52
ofsetni papir 80 g,150 dot,134,39.0,81.0,100.0,0.0,38.0,32.0,20.0,38.0,66.0,19.0,0.85
ofsetni papir 80 g,150 dot,135,39.0,100.0,100.0,0.0,35.0,28.0,30.0,35.0,12.0,29.0,0.28
ofsetni papir 80 g,150 dot,136,64.0,0.0,100.0,0.0,58.0,63.0,-32.0,58.0,53.0,-31.0,0.89
ofsetni papir 80 g,150 dot,137,64.0,21.0,100.0,0.0,50.0,2.0,-19.0,50.0,0.0,-18.0,0.69
ofsetni papir 80 g,150 dot,138,64.0,52.0,100.0,0.0,37.0,11.0,-2.0,36.0,63.0,-2.0,0.46
ofsetni papir 80 g,150 dot,139,64.0,81.0,100.0,0.0,30.0,90.0,6.0,30.0,37.0,6.0,0.45
ofsetni papir 80 g,150 dot,140,64.0,100.0,100.0,0.0,27.0,16.0,12.0,27.0,35.0,12.0,0.23
ofsetni papir 80 g,150 dot,141,85.0,0.0,100.0,0.0,51.0,1.0,-43.0,36.0,76.0,-5.0,22.44
ofsetni papir 80 g,150 dot,142,85.0,21.0,100.0,0.0,43.0,67.0,-32.0,44.0,10.0,-32.0,0.73
ofsetni papir 80 g,150 dot,143,85.0,52.0,100.0,0.0,32.0,50.0,-12.0,31.0,99.0,-12.0,0.59
ofsetni papir 80 g,150 dot,144,85.0,81.0,100.0,0.0,26.0,63.0,-0.0,27.0,26.0,-0.0,0.86
ofsetni papir 80 g,150 dot,145,85.0,100.0,100.0,0.0,24.0,35.0,3.0,24.0,62.0,3.0,0.5
ofsetni papir 80 g,150 dot,146,100.0,0.0,100.0,0.0,45.0,83.0,-51.0,46.0,34.0,-50.0,0.84
ofsetni papir 80 g,150 dot,147,100.0,21.0,100.0,0.0,40.0,88.0,-40.0,41.0,37.0,-38.0,1.01
ofsetni papir 80 g,150 dot,148,100.0,52.0,100.0,0.0,30.0,39.0,-19.0,30.0,63.0,-19.0,0.56
ofsetni papir 80 g,150 dot,149,100.0,81.0,100.0,0.0,23.0,45.0,-4.0,24.0,9.0,-4.0,0.52
ofsetni papir 80 g,150 dot,150,100.0,100.0,100.0,0.0,22.0,75.0,-0.0,23.0,59.0,-0.0,0.62
ofsetni papir 80 g,150 dot,151,0.0,0.0,0.0,25.0,71.0,69.0,0.0,71.0,96.0,0.0,0.31
ofsetni papir 80 g,150 dot,152,0.0,31.0,0.0,25.0,65.0,37.0,8.0,64.0,68.0,8.0,0.59
ofsetni papir 80 g,150 dot,153,0.0,72.0,0.0,25.0,49.0,93.0,25.0,50.0,36.0,25.0,0.48
ofsetni papir 80 g,150 dot,154,0.0,100.0,0.0,25.0,39.0,61.0,41.0,39.0,25.0,41.0,0.38
ofsetni papir 80 g,150 dot,155,21.0,0.0,0.0,25.0,70.0,0.0,-4.0,27.0,76.0,7.0,45.73
ofsetni papir 80 g,150 dot,156,21.0,31.0,0.0,25.0,61.0,31.0,4.0,61.0,47.0,4.0,0.62
ofsetni papir 80 g,150 dot,157,21.0,72.0,0.0,25.0,45.0,54.0,20.0,45.0,26.0,20.0,0.32
ofsetni papir 80 g,150 dot,158,21.0,100.0,0.0,25.0,36.0,66.0,35.0,36.0,53.0,35.0,0.2
ofsetni papir 80 g,150 dot,159,52.0,0.0,0.0,25.0,59.0,68.0,-13.0,60.0,54.0,-12.0,0.88
ofsetni papir 80 g,150 dot,160,52.0,31.0,0.0,25.0,52.0,43.0,-4.0,52.0,38.0,-4.0,0.06
ofsetni papir 80 g,150 dot,161,52.0,72.0,0.0,25.0,39.0,46.0,10.0,39.0,28.0,9.0,0.97
ofsetni papir 80 g,150 dot,162,52.0,100.0,0.0,25.0,32.0,37.0,21.0,30.0,79.0,21.0,1.41
ofsetni papir 80 g,150 dot,163,81.0,0.0,0.0,25.0,50.0,16.0,-22.0,49.0,99.0,-22.0,0.2
ofsetni papir 80 g,150 dot,164,81.0,31.0,0.0,25.0,43.0,72.0,-14.0,43.0,54.0,-13.0,0.21
ofsetni papir 80 g,150 dot,165,81.0,72.0,0.0,25.0,33.0,25.0,-0.0,32.0,54.0,-0.0,0.65
ofsetni papir 80 g,150 dot,166,81.0,100.0,0.0,25.0,27.0,11.0,7.0,27.0,34.0,7.0,0.51
ofsetni papir 80 g,150 dot,167,100.0,0.0,0.0,25.0,44.0,22.0,-29.0,44.0,40.0,-28.0,0.37
ofsetni papir 80 g,150 dot,168,100.0,31.0,0.0,25.0,39.0,44.0,-20.0,39.0,44.0,-19.0,0.45
ofsetni papir 80 g,150 dot,169,100.0,72.0,0.0,25.0,29.0,17.0,-6.0,32.0,80.0,-11.0,9.39
ofsetni papir 80 g,150 dot,170,100.0,100.0,0.0,25.0,25.0,68.0,1.0,25.0,87.0,1.0,0.21
ofsetni papir 80 g,150 dot,171,0.0,0.0,31.0,25.0,71.0,90.0,-1.0,71.0,43.0,-1.0,0.57
ofsetni papir 80 g,150 dot,172,0.0,31.0,31.0,25.0,62.0,46.0,7.0,62.0,62.0,7.0,1.08
ofsetni papir 80 g,150 dot,173,0.0,72.0,31.0,25.0,48.0,68.0,24.0,48.0,68.0,25.0,0.71
ofsetni papir 80 g,150 dot,174,0.0,100.0,31.0,25.0,38.0,94.0,40.0,38.0,95.0,40.0,0.31
ofsetni papir 80 g,150 dot,175,21.0,0.0,31.0,25.0,65.0,93.0,-5.0,65.0,91.0,-5.0,0.96
ofsetni papir 80 g,150 dot,176,21.0,31.0,31.0,25.0,53.0,37.0,2.0,52.0,24.0,2.0,1.21
ofsetni papir 80 g,150 dot,177,21.0,72.0,31.0,25.0,42.0,59.0,18.0,42.0,41.0,17.0,0.44
ofsetni papir 80 g,150 dot,178,21.0,100.0,31.0,25.0,35.0,53.0,30.0,34.0,81.0,30.0,0.62
ofsetni papir 80 g,150 dot,179,52.0,0.0,31.0,25.0,57.0,31.0,-14.0,57.0,1.0,-14.0,0.56
ofsetni papir 80 g,150 dot,180,52.0,31.0,31.0,25.0,44.0,18.0,-4.0,43.0,55.0,-3.0,0.63
ofsetni papir 80 g,150 dot,181,52.0,72.0,31.0,25.0,34.0,57.0,8.0,33.0,77.0,8.0,0.75
ofsetni papir 80 g,150 dot,182,52.0,100.0,31.0,25.0,29.0,32.0,18.0,28.0,5.0,18.0,0.98
ofsetni papir 80 g,150 dot,183,81.0,0.0,31.0,25.0,47.0,70.0,-25.0,26.0,59.0,-1.0,27.2
ofsetni papir 80 g,150 dot,184,81.0,31.0,31.0,25.0,37.0,33.0,-12.0,37.0,91.0,-12.0,0.56
ofsetni papir 80 g,150 dot,185,81.0,72.0,31.0,25.0,27.0,39.0,-0.0,27.0,95.0,-0.0,0.54
ofsetni papir 80 g,150 dot,186,81.0,100.0,31.0,25.0,23.0,57.0,5.0,23.0,94.0,5.0,0.46
ofsetni papir 80 g,150 dot,187,100.0,0.0,31.0,25.0,41.0,88.0,-33.0,42.0,72.0,-32.0,0.85
ofsetni papir 80 g,150 dot,188,100.0,31.0,31.0,25.0,33.0,64.0,-18.0,33.0,89.0,-18.0,0.29
ofsetni papir 80 g,150 dot,189,100.0,72.0,31.0,25.0,25.0,2.0,-4.0,25.0,25.0,-4.0,0.2
ofsetni papir 80 g,150 dot,190,100.0,100.0,31.0,25.0,21.0,57.0,-0.0,21.0,32.0,0.0,0.44
ofsetni papir 80 g,150 dot,191,0.0,0.0,72.0,25.0,68.0,27.0,-3.0,67.0,95.0,-2.0,0.32
ofsetni papir 80 g,150 dot,192,0.0,31.0,72.0,25.0,59.0,74.0,6.0,58.0,93.0,6.0,0.72
ofsetni papir 80 g,150 dot,193,0.0,72.0,72.0,25.0,46.0,36.0,24.0,45.0,72.0,25.0,0.66
ofsetni papir 80 g,150 dot,194,0.0,100.0,72.0,25.0,36.0,85.0,39.0,36.0,71.0,40.0,0.27
ofsetni papir 80 g,150 dot,195,21.0,0.0,72.0,25.0,62.0,33.0,-6.0,61.0,12.0,-6.0,1.06
ofsetni papir 80 g,150 dot,196,21.0,31.0,72.0,25.0,51.0,93.0,1.0,50.0,34.0,1.0,1.61
ofsetni papir 80 g,150 dot,197,21.0,72.0,72.0,25.0,40.0,34.0,18.0,66.0,54.0,-2.0,38.55
ofsetni papir 80 g,150 dot,198,21.0,100.0,72.0,25.0,33.0,97.0,28.0,34.0,21.0,29.0,0.24
ofsetni papir 80 g,150 dot,199,52.0,0.0,72.0,25.0,53.0,55.0,-16.0,52.0,44.0,-16.0,1.13
ofsetni papir 80 g,150 dot,200,52.0,31.0,72.0,25.0,38.0,32.0,-5.0,40.0,29.0,-5.0,1.74
ofsetni papir 80 g,150 dot,201,52.0,72.0,72.0,25.0,29.0,66.0,6.0,31.0,69.0,6.0,1.84
ofsetni papir 80 g,150 dot,202,52.0,100.0,72.0,25.0,26.0,95.0,13.0,27.0,34.0,12.0,0.59
ofsetni papir 80 g,150 dot,203,81.0,0.0,72.0,25.0,44.0,11.0,-29.0,44.0,45.0,-28.0,0.59
ofsetni papir 80 g,150 dot,204,81.0,31.0,72.0,25.0,35.0,52.0,-15.0,35.0,55.0,-14.0,0.71
ofsetni papir 80 g,150 dot,205,81.0,72.0,72.0,25.0,26.0,5.0,-0.0,26.0,19.0,-0.0,0.39
ofsetni papir 80 g,150 dot,206,81.0,100.0,72.0,25.0,23.0,58.0,3.0,23.0,13.0,3.0,0.36
ofsetni papir 80 g,150 dot,207,100.0,0.0,72.0,25.0,39.0,26.0,-37.0,39.0,39.0,-36.0,0.7
ofsetni papir 80 g,150 dot,208,100.0,31.0,72.0,25.0,31.0,74.0,-22.0,32.0,41.0,-21.0,1.05
ofsetni papir 80 g,150 dot,209,100.0,72.0,72.0,25.0,22.0,36.0,-4.0,22.0,60.0,-4.0,0.18
ofsetni papir 80 g,150 dot,210,100.0,100.0,72.0,25.0,22.0,23.0,-0.0,21.0,27.0,-0.0,0.69
ofsetni papir 80 g,150 dot,211,0.0,0.0,100.0,25.0,66.0,66.0,-3.0,40.0,78.0,17.0,38.0
ofsetni papir 80 g,150 dot,212,0.0,31.0,100.0,25.0,57.0,69.0,6.0,57.0,46.0,6.0,0.38
ofsetni papir 80 g,150 dot,213,0.0,72.0,100.0,25.0,45.0,9.0,25.0,44.0,53.0,26.0,0.94
ofsetni papir 80 g,150 dot,214,0.0,100.0,100.0,25.0,37.0,62.0,39.0,37.0,80.0,38.0,0.53
ofsetni papir 80 g,150 dot,215,21.0,0.0,100.0,25.0,59.0,98.0,-7.0,59.0,98.0,-7.0,0.61
ofsetni papir 80 g,150 dot,216,21.0,31.0,100.0,25.0,49.0,40.0,1.0,49.0,29.0,1.0,1.19
ofsetni papir 80 g,150 dot,217,21.0,72.0,100.0,25.0,38.0,25.0,18.0,38.0,90.0,17.0,2.07
ofsetni papir 80 g,150 dot,218,21.0,100.0,100.0,25.0,32.0,66.0,29.0,33.0,65.0,26.0,1.86
ofsetni papir 80 g,150 dot,219,52.0,0.0,100.0,25.0,51.0,34.0,-17.0,50.0,70.0,-18.0,1.53
ofsetni papir 80 g,150 dot,220,52.0,31.0,100.0,25.0,39.0,23.0,-6.0,38.0,60.0,-6.0,0.97
ofsetni papir 80 g,150 dot,221,52.0,72.0,100.0,25.0,29.0,41.0,5.0,29.0,12.0,5.0,0.53
ofsetni papir 80 g,150 dot,222,52.0,100.0,100.0,25.0,25.0,4.0,13.0,26.0,34.0,12.0,1.41
ofsetni papir 80 g,150 dot,223,81.0,0.0,100.0,25.0,41.0,34.0,-32.0,41.0,62.0,-32.0,0.95
ofsetni papir 80 g,150 dot,224,81.0,31.0,100.0,25.0,33.0,57.0,-17.0,32.0,77.0,-17.0,0.98
ofsetni papir 80 g,150 dot,225,81.0,72.0,100.0,25.0,26.0,46.0,-1.0,48.0,8.0,-25.0,27.51
ofsetni papir 80 g,150 dot,226,81.0,100.0,100.0,25.0,24.0,46.0,2.0,25.0,90.0,2.0,1.06
ofsetni papir 80 g,150 dot,227,100.0,0.0,100.0,25.0,39.0,26.0,-38.0,40.0,4.0,-36.0,1.17
ofsetni papir 80 g,150 dot,228,100.0,31.0,100.0,25.0,31.0,45.0,-23.0,32.0,85.0,-21.0,1.58
ofsetni papir 80 g,150 dot,229,100.0,72.0,100.0,25.0,24.0,71.0,-4.0,26.0,39.0,-4.0,1.27
ofsetni papir 80 g,150 dot,230,100.0,100.0,100.0,25.0,24.0,49.0,-0.0,24.0,69.0,-0.0,0.2
ofsetni papir 80 g,150 dot,231,0.0,0.0,0.0,60.0,40.0,14.0,-0.0,40.0,16.0,-0.0,0.17
ofsetni papir 80 g,150 dot,232,0.0,31.0,0.0,60.0,38.0,21.0,3.0,38.0,79.0,3.0,0.62
ofsetni papir 80 g,150 dot,233,0.0,72.0,0.0,60.0,31.0,44.0,12.0,32.0,28.0,11.0,1.12
ofsetni papir 80 g,150 dot,234,0.0,100.0,0.0,60.0,26.0,51.0,18.0,27.0,39.0,15.0,1.66
ofsetni papir 80 g,150 dot,235,31.0,0.0,0.0,60.0,41.0,32.0,-4.0,40.0,28.0,-4.0,0.94
ofsetni papir 80 g,150 dot,236,31.0,31.0,0.0,60.0,35.0,81.0,0.0,34.0,66.0,0.0,1.05
ofsetni papir 80 g,150 dot,237,31.0,72.0,0.0,60.0,28.0,83.0,8.0,28.0,17.0,7.0,0.71
ofsetni papir 80 g,150 dot,238,31.0,100.0,0.0,60.0,22.0,86.0,14.0,23.0,14.0,13.0,0.63
ofsetni papir 80 g,150 dot,239,72.0,0.0,0.0,60.0,33.0,70.0,-10.0,30.0,44.0,-6.0,9.15
ofsetni papir 80 g,150 dot,240,72.0,31.0,0.0,60.0,29.0,83.0,-5.0,30.0,2.0,-5.0,0.27
ofsetni papir 80 g,150 dot,241,72.0,72.0,0.0,60.0,25.0,12.0,0.0,25.0,58.0,0.0,0.5
ofsetni papir 80 g,150 dot,242,72.0,100.0,0.0,60.0,21.0,97.0,4.0,23.0,13.0,3.0,0.96
ofsetni papir 80 g,150 dot,243,100.0,0.0,0.0,60.0,29.0,48.0,-13.0,30.0,14.0,-13.0,0.86
ofsetni papir 80 g,150 dot,244,100.0,31.0,0.0,60.0,27.0,15.0,-7.0,28.0,29.0,-7.0,0.98
ofsetni papir 80 g,150 dot,245,100.0,72.0,0.0,60.0,21.0,96.0,-1.0,24.0,55.0,-2.0,1.97
ofsetni papir 80 g,150 dot,246,100.0,100.0,0.0,60.0,22.0,12.0,0.0,23.0,57.0,0.0,1.18
ofsetni papir 80 g,150 dot,247,0.0,0.0,31.0,60.0,42.0,26.0,-1.0,43.0,2.0,-1.0,0.76
ofsetni papir 80 g,150 dot,248,0.0,31.0,31.0,60.0,37.0,33.0,3.0,38.0,1.0,2.0,0.89
ofsetni papir 80 g,150 dot,249,0.0,72.0,31.0,60.0,31.0,14.0,11.0,31.0,4.0,10.0,0.67
ofsetni papir 80 g,150 dot,250,0.0,100.0,31.0,60.0,27.0,53.0,15.0,27.0,57.0,15.0,0.39
ofsetni papir 80 g,150 dot,251,31.0,0.0,31.0,60.0,39.0,5.0,-4.0,37.0,84.0,-4.0,1.04
ofsetni papir 80 g,150 dot,252,31.0,31.0,31.0,60.0,33.0,39.0,-0.0,33.0,6.0,-0.0,0.32
ofsetni papir 80 g,150 dot,253,31.0,72.0,31.0,60.0,27.0,83.0,6.0,70.0,25.0,-4.0,45.81
ofsetni papir 80 g,150 dot,254,31.0,100.0,31.0,60.0,23.0,67.0,10.0,26.0,14.0,10.0,1.84
ofsetni papir 80 g,150 dot,255,72.0,0.0,31.0,60.0,32.0,90.0,-10.0,32.0,71.0,-10.0,0.23
ofsetni papir 80 g,150 dot,256,72.0,31.0,31.0,60.0,29.0,21.0,-4.0,29.0,13.0,-4.0,0.17
ofsetni papir 80 g,150 dot,257,72.0,72.0,31.0,60.0,25.0,32.0,0.0,25.0,88.0,0.0,0.48
ofsetni papir 80 g,150 dot,258,72.0,100.0,31.0,60.0,23.0,13.0,2.0,24.0,89.0,2.0,1.33
ofsetni papir 80 g,150 dot,259,100.0,0.0,31.0,60.0,29.0,10.0,-13.0,30.0,33.0,-12.0,1.05
ofsetni papir 80 g,150 dot,260,100.0,31.0,31.0,60.0,25.0,53.0,-7.0,27.0,63.0,-6.0,1.64
ofsetni papir 80 g,150 dot,261,100.0,72.0,31.0,60.0,23.0,62.0,-1.0,24.0,89.0,-1.0,0.96
ofsetni papir 80 g,150 dot,262,100.0,100.0,31.0,60.0,22.0,3.0,0.0,22.0,85.0,0.0,0.62
ofsetni papir 80 g,150 dot,263,0.0,0.0,72.0,60.0,42.0,12.0,-2.0,40.0,75.0,-2.0,1.45
ofsetni papir 80 g,150 dot,264,0.0,31.0,72.0,60.0,36.0,76.0,2.0,36.0,53.0,2.0,0.38
ofsetni papir 80 g,150 dot,265,0.0,72.0,72.0,60.0,30.0,78.0,10.0,30.0,37.0,10.0,0.48
ofsetni papir 80 g,150 dot,266,0.0,100.0,72.0,60.0,27.0,62.0,15.0,27.0,23.0,15.0,0.46
ofsetni papir 80 g,150 dot,267,31.0,0.0,72.0,60.0,36.0,82.0,-5.0,51.0,54.0,-42.0,22.77
ofsetni papir 80 g,150 dot,268,31.0,31.0,72.0,60.0,31.0,57.0,-1.0,33.0,12.0,-0.0,1.26
ofsetni papir 80 g,150 dot,269,31.0,72.0,72.0,60.0,27.0,52.0,5.0,27.0,78.0,5.0,0.55
ofsetni papir 80 g,150 dot,270,31.0,100.0,72.0,60.0,25.0,74.0,8.0,25.0,37.0,8.0,0.54
ofsetni papir 80 g,150 dot,271,72.0,0.0,72.0,60.0,30.0,17.0,-11.0,30.0,67.0,-11.0,0.39
ofsetni papir 80 g,150 dot,272,72.0,31.0,72.0,60.0,28.0,43.0,-5.0,28.0,70.0,-5.0,0.25
ofsetni papir 80 g,150 dot,273,72.0,72.0,72.0,60.0,26.0,69.0,0.0,26.0,96.0,0.0,0.28
ofsetni papir 80 g,150 dot,274,72.0,100.0,72.0,60.0,24.0,7.0,2.0,24.0,79.0,1.0,0.53
ofsetni papir 80 g,150 dot,275,100.0,0.0,72.0,60.0,28.0,68.0,-13.0,29.0,53.0,-13.0,0.79
ofsetni papir 80 g,150 dot,276,100.0,31.0,72.0,60.0,25.0,95.0,-7.0,27.0,20.0,-7.0,0.93
ofsetni papir 80 g,150 dot,277,100.0,72.0,72.0,60.0,24.0,85.0,-1.0,25.0,62.0,-1.0,0.59
ofsetni papir 80 g,150 dot,278,100.0,100.0,72.0,60.0,23.0,92.0,-0.0,24.0,7.0,-0.0,0.31
ofsetni papir 80 g,150 dot,279,0.0,0.0,100.0,60.0,39.0,46.0,-3.0,38.0,45.0,-3.0,0.92
ofsetni papir 80 g,150 dot,280,0.0,31.0,100.0,60.0,34.0,53.0,0.0,34.0,55.0,1.0,0.42
ofsetni papir 80 g,150 dot,281,0.0,72.0,100.0,60.0,28.0,40.0,11.0,69.0,27.0,0.0,46.24
ofsetni papir 80 g,150 dot,282,0.0,100.0,100.0,60.0,24.0,22.0,15.0,24.0,45.0,15.0,0.19
ofsetni papir 80 g,150 dot,283,31.0,0.0,100.0,60.0,34.0,81.0,-6.0,35.0,36.0,-6.0,0.51
ofsetni papir 80 g,150 dot,284,31.0,31.0,100.0,60.0,31.0,23.0,-1.0,31.0,22.0,-1.0,0.31
ofsetni papir 80 g,150 dot,285,31.0,72.0,100.0,60.0,26.0,43.0,4.0,27.0,42.0,4.0,1.06
ofsetni papir 80 g,150 dot,286,31.0,100.0,100.0,60.0,25.0,72.0,7.0,25.0,58.0,7.0,0.48
ofsetni papir 80 g,150 dot,287,72.0,0.0,100.0,60.0,30.0,24.0,-11.0,30.0,61.0,-11.0,0.98
ofsetni papir 80 g,150 dot,288,72.0,31.0,100.0,60.0,27.0,87.0,-5.0,27.0,83.0,-5.0,0.48
ofsetni papir 80 g,150 dot,289,72.0,72.0,100.0,60.0,26.0,27.0,-0.0,25.0,98.0,-0.0,0.34
ofsetni papir 80 g,150 dot,290,72.0,100.0,100.0,60.0,24.0,81.0,1.0,25.0,71.0,1.0,0.69
ofsetni papir 80 g,150 dot,291,100.0,0.0,100.0,60.0,29.0,26.0,-13.0,29.0,80.0,-12.0,0.53
ofsetni papir 80 g,150 dot,292,100.0,31.0,100.0,60.0,25.0,92.0,-8.0,27.0,31.0,-7.0,1.18
ofsetni papir 80 g,150 dot,293,100.0,72.0,100.0,60.0,24.0,14.0,-2.0,24.0,99.0,-2.0,0.63
ofsetni papir 80 g,150 dot,294,100.0,100.0,100.0,60.0,23.0,46.0,-0.0,23.0,44.0,-0.0,0.03
ofsetni papir 80 g,150 dot,295,0.0,0.0,0.0,88.0,26.0,73.0,-0.0,33.0,63.0,-11.0,12.96
ofsetni papir 80 g,150 dot,296,0.0,52.0,0.0,88.0,24.0,40.0,2.0,24.0,59.0,2.0,0.32
ofsetni papir 80 g,150 dot,297,0.0,100.0,0.0,88.0,23.0,19.0,4.0,22.0,82.0,5.0,0.44
ofsetni papir 80 g,150 dot,298,31.0,0.0,0.0,88.0,26.0,43.0,-1.0,26.0,83.0,-1.0,0.33
ofsetni papir 80 g,150 dot,299,31.0,52.0,0.0,88.0,24.0,54.0,0.0,25.0,44.0,0.0,0.79
ofsetni papir 80 g,150 dot,300,31.0,100.0,0.0,88.0,21.0,44.0,3.0,23.0,76.0,3.0,1.74
ofsetni papir 80 g,150 dot,301,72.0,0.0,0.0,88.0,23.0,89.0,-2.0,25.0,80.0,-2.0,1.4
ofsetni papir 80 g,150 dot,302,72.0,52.0,0.0,88.0,23.0,58.0,-0.0,24.0,70.0,-0.0,0.92
ofsetni papir 80 g,150 dot,303,72.0,100.0,0.0,88.0,23.0,35.0,1.0,24.0,4.0,0.0,0.7
ofsetni papir 80 g,150 dot,304,100.0,0.0,0.0,88.0,24.0,66.0,-2.0,25.0,78.0,-2.0,0.99
ofsetni papir 80 g,150 dot,305,100.0,52.0,0.0,88.0,24.0,27.0,-0.0,24.0,66.0,-1.0,0.61
ofsetni papir 80 g,150 dot,306,100.0,100.0,0.0,88.0,22.0,50.0,0.0,23.0,93.0,0.0,1.04
ofsetni papir 80 g,150 dot,307,0.0,0.0,52.0,88.0,28.0,37.0,-1.0,28.0,75.0,-1.0,0.3
ofsetni papir 80 g,150 dot,308,0.0,52.0,52.0,88.0,25.0,8.0,1.0,25.0,60.0,1.0,0.58
ofsetni papir 80 g,150 dot,309,0.0,100.0,52.0,88.0,18.0,85.0,5.0,49.0,8.0,31.0,31.07
ofsetni papir 80 g,150 dot,310,31.0,0.0,52.0,88.0,25.0,53.0,-2.0,25.0,97.0,-2.0,0.41
ofsetni papir 80 g,150 dot,311,31.0,52.0,52.0,88.0,24.0,75.0,0.0,24.0,9.0,0.0,0.54
ofsetni papir 80 g,150 dot,312,31.0,100.0,52.0,88.0,22.0,77.0,2.0,22.0,47.0,2.0,0.26
ofsetni papir 80 g,150 dot,313,72.0,0.0,52.0,88.0,24.0,2.0,-3.0,24.0,78.0,-3.0,0.76
ofsetni papir 80 g,150 dot,314,72.0,52.0,52.0,88.0,24.0,1.0,-0.0,24.0,83.0,-0.0,0.63
ofsetni papir 80 g,150 dot,315,72.0,100.0,52.0,88.0,23.0,97.0,0.0,24.0,4.0,0.0,0.06
ofsetni papir 80 g,150 dot,316,100.0,0.0,52.0,88.0,24.0,3.0,-3.0,24.0,71.0,-3.0,0.51
ofsetni papir 80 g,150 dot,317,100.0,52.0,52.0,88.0,24.0,51.0,-0.0,23.0,49.0,-1.0,0.8
ofsetni papir 80 g,150 dot,318,100.0,100.0,52.0,88.0,25.0,0.0,-0.0,24.0,26.0,-0.0,0.64
ofsetni papir 80 g,150 dot,319,0.0,0.0,100.0,88.0,27.0,94.0,-1.0,28.0,54.0,-2.0,0.55
ofsetni papir 80 g,150 dot,320,0.0,52.0,100.0,88.0,26.0,12.0,0.0,26.0,29.0,0.0,0.42
ofsetni papir 80 g,150 dot,321,0.0,100.0,100.0,88.0,23.0,8.0,3.0,25.0,2.0,3.0,1.41
ofsetni papir 80 g,150 dot,322,31.0,0.0,100.0,88.0,26.0,57.0,-2.0,26.0,97.0,-2.0,0.57
ofsetni papir 80 g,150 dot,323,31.0,52.0,100.0,88.0,18.0,84.0,-0.0,26.0,11.0,4.0,13.09
ofsetni papir 80 g,150 dot,324,31.0,100.0,100.0,88.0,19.0,61.0,2.0,20.0,79.0,2.0,0.91
ofsetni papir 80 g,150 dot,325,72.0,0.0,100.0,88.0,23.0,39.0,-4.0,24.0,12.0,-4.0,0.59
ofsetni papir 80 g,150 dot,326,72.0,52.0,100.0,88.0,23.0,38.0,-1.0,23.0,97.0,-1.0,0.53
ofsetni papir 80 g,150 dot,327,72.0,100.0,100.0,88.0,23.0,57.0,0.0,24.0,8.0,0.0,0.53
ofsetni papir 80 g,150 dot,328,100.0,0.0,100.0,88.0,23.0,54.0,-4.0,24.0,65.0,-4.0,0.84
ofsetni papir 80 g,150 dot,329,100.0,52.0,100.0,88.0,24.0,9.0,-1.0,24.0,56.0,-1.0,0.35
ofsetni papir 80 g,150 dot,330,100.0,100.0,100.0,88.0,24.0,12.0,-0.0,25.0,82.0,-0.0,1.31
ofsetni papir 80 g,150 dot,331,0.0,0.0,0.0,100.0,27.0,24.0,-0.0,27.0,48.0,-0.0,0.29
ofsetni papir 80 g,150 dot,332,0.0,52.0,0.0,100.0,25.0,5.0,0.0,25.0,42.0,0.0,0.37
ofsetni papir 80 g,150 dot,333,0.0,100.0,0.0,100.0,24.0,22.0,1.0,24.0,51.0,1.0,0.39
ofsetni papir 80 g,150 dot,334,52.0,0.0,0.0,100.0,22.0,55.0,-0.0,24.0,70.0,-1.0,1.57
ofsetni papir 80 g,150 dot,335,52.0,52.0,0.0,100.0,22.0,85.0,-0.0,24.0,34.0,-0.0,1.13
ofsetni papir 80 g,150 dot,336,52.0,100.0,0.0,100.0,23.0,6.0,0.0,23.0,87.0,0.0,0.59
ofsetni papir 80 g,150 dot,337,100.0,0.0,0.0,100.0,15.0,76.0,-1.0,75.0,26.0,-12.0,59.11
ofsetni papir 80 g,150 dot,338,100.0,52.0,0.0,100.0,17.0,20.0,-0.0,18.0,94.0,-0.0,1.27
ofsetni papir 80 g,150 dot,339,100.0,100.0,0.0,100.0,20.0,77.0,0.0,21.0,55.0,0.0,0.63
ofsetni papir 80 g,150 dot,340,0.0,0.0,52.0,100.0,22.0,38.0,-0.0,23.0,67.0,-0.0,0.92
ofsetni papir 80 g,150 dot,341,0.0,52.0,52.0,100.0,23.0,28.0,0.0,23.0,59.0,0.0,0.31
ofsetni papir 80 g,150 dot,342,0.0,100.0,52.0,100.0,22.0,88.0,1.0,24.0,30.0,1.0,1.06
ofsetni papir 80 g,150 dot,343,52.0,0.0,52.0,100.0,24.0,45.0,-1.0,24.0,2.0,-1.0,0.32
ofsetni papir 80 g,150 dot,344,52.0,52.0,52.0,100.0,24.0,9.0,-0.0,25.0,4.0,-0.0,0.71
ofsetni papir 80 g,150 dot,345,52.0,100.0,52.0,100.0,24.0,36.0,0.0,23.0,97.0,0.0,0.28
ofsetni papir 80 g,150 dot,346,100.0,0.0,52.0,100.0,23.0,75.0,-1.0,24.0,65.0,-1.0,0.91
ofsetni papir 80 g,150 dot,347,100.0,52.0,52.0,100.0,24.0,48.0,-0.0,24.0,99.0,-1.0,0.44
ofsetni papir 80 g,150 dot,348,100.0,100.0,52.0,100.0,24.0,8.0,-0.0,24.0,83.0,-0.0,0.61
ofsetni papir 80 g,150 dot,349,0.0,0.0,100.0,100.0,24.0,0.0,-1.0,23.0,91.0,-1.0,0.28
ofsetni papir 80 g,150 dot,350,0.0,52.0,100.0,100.0,24.0,30.0,0.0,24.0,40.0,0.0,0.46
ofsetni papir 80 g,150 dot,351,0.0,100.0,100.0,100.0,18.0,38.0,1.0,47.0,32.0,-29.0,39.62
ofsetni papir 80 g,150 dot,352,52.0,0.0,100.0,100.0,18.0,80.0,-2.0,19.0,60.0,-2.0,0.55
ofsetni papir 80 g,150 dot,353,52.0,52.0,100.0,100.0,23.0,66.0,-0.0,23.0,51.0,-0.0,0.21
ofsetni papir 80 g,150 dot,354,52.0,100.0,100.0,100.0,23.0,10.0,0.0,22.0,53.0,0.0,0.43
ofsetni papir 80 g,150 dot,355,100.0,0.0,100.0,100.0,21.0,31.0,-2.0,20.0,17.0,-2.0,1.11
ofsetni papir 80 g,150 dot,356,100.0,52.0,100.0,100.0,21.0,83.0,-1.0,21.0,75.0,-1.0,0.17
ofsetni papir 80 g,150 dot,357,100.0,100.0,100.0,100.0,25.0,5.0,-0.0,23.0,59.0,-0.0,1.06
ofsetni papir 80 g,150 dot,358,5.0,0.0,0.0,0.0,90.0,51.0,-0.0,92.0,2.0,-0.0,1.18
ofsetni papir 80 g,150 dot,359,28.0,0.0,0.0,0.0,85.0,53.0,-6.0,85.0,14.0,-6.0,0.46
ofsetni papir 80 g,150 dot,360,95.0,0.0,0.0,0.0,56.0,1.0,-30.0,56.0,35.0,-30.0,0.37
ofsetni papir 80 g,150 dot,361,0.0,4.0,0.0,0.0,92.0,69.0,1.0,92.0,59.0,1.0,0.24
ofsetni papir 80 g,150 dot,362,0.0,11.0,0.0,0.0,91.0,20.0,1.0,90.0,79.0,2.0,0.5
ofsetni papir 80 g,150 dot,363,0.0,93.0,0.0,0.0,53.0,7.0,51.0,52.0,97.0,50.0,0.48
ofsetni papir 80 g,150 dot,364,0.0,0.0,4.0,0.0,92.0,81.0,1.0,92.0,86.0,1.0,0.32
ofsetni papir 80 g,150 dot,365,0.0,0.0,11.0,0.0,92.0,58.0,0.0,56.0,40.0,8.0,28.18
ofsetni papir 80 g,150 dot,366,0.0,0.0,93.0,0.0,87.0,6.0,-4.0,86.0,72.0,-3.0,0.48
ofsetni papir 80 g,150 dot,367,0.0,0.0,0.0,4.0,87.0,65.0,0.0,87.0,33.0,0.0,0.24
ofsetni papir 80 g,150 dot,368,0.0,0.0,0.0,13.0,79.0,9.0,0.0,79.0,49.0,0.0,0.34
ofsetni papir 80 g,150 dot,369,0.0,0.0,0.0,95.0,28.0,36.0,-0.0,28.0,40.0,-0.0,0.19
ofsetni papir 80 g,150 dot,370,9.0,7.0,7.0,0.0,84.0,73.0,0.0,84.0,25.0,0.0,0.37
ofsetni papir 80 g,150 dot,371,19.0,15.0,15.0,0.0,75.0,57.0,0.0,75.0,30.0,0.0,0.56
ofsetni papir 80 g,150 dot,372,29.0,23.0,23.0,0.0,66.0,57.0,-0.0,65.0,80.0,-0.0,0.63
ofsetni papir 80 g,150 dot,373,39.0,31.0,31.0,0.0,56.0,70.0,-0.0,56.0,53.0,-0.0,0.48
ofsetni papir 80 g,150 dot,374,49.0,39.0,39.0,4.0,45.0,15.0,-0.0,44.0,94.0,-0.0,0.42
ofsetni papir 80 g,150 dot,375,59.0,47.0,47.0,16.0,37.0,27.0,-0.0,37.0,70.0,-0.0,0.48
ofsetni papir 80 g,150 dot,376,69.0,55.0,55.0,31.0,32.0,37.0,-1.0,32.0,89.0,-1.0,0.56
ofsetni papir 80 g,150 dot,377,79.0,63.0,63.0,48.0,28.0,88.0,-1.0,29.0,8.0,-1.0,0.36
ofsetni papir 80 g,150 dot,378,89.0,71.0,71.0,72.0,25.0,1.0,-1.0,25.0,60.0,-1.0,0.51
ofsetni papir 80 g,150 dot,379,99.0,79.0,79.0,100.0,20.0,38.0,-0.0,35.0,41.0,-5.0,22.08
ofsetni papir 80 g,150 dot,380,9.0,7.0,7.0,0.0,85.0,49.0,0.0,85.0,46.0,0.0,0.25
ofsetni papir 80 g,150 dot,381,18.0,14.0,14.0,0.0,77.0,60.0,0.0,77.0,23.0,0.0,0.35
ofsetni papir 80 g,150 dot,382,27.0,21.0,21.0,0.0,68.0,27.0,0.0,68.0,42.0,0.0,0.2
ofsetni papir 80 g,150 dot,383,36.0,29.0,29.0,0.0,58.0,86.0,-0.0,59.0,35.0,-0.0,0.53
ofsetni papir 80 g,150 dot,384,45.0,36.0,36.0,0.0,50.0,12.0,-0.0,50.0,3.0,-0.0,0.3
ofsetni papir 80 g,150 dot,385,54.0,43.0,43.0,0.0,43.0,38.0,-0.0,43.0,72.0,-0.0,0.48
ofsetni papir 80 g,150 dot,386,63.0,50.0,50.0,0.0,39.0,69.0,-1.0,39.0,22.0,-1.0,0.46
ofsetni papir 80 g,150 dot,387,72.0,58.0,58.0,0.0,35.0,81.0,-1.0,35.0,57.0,-1.0,0.56
ofsetni papir 80 g,150 dot,388,81.0,65.0,65.0,2.0,32.0,39.0,-2.0,33.0,3.0,-2.0,0.72
ofsetni papir 80 g,150 dot,389,90.0,72.0,72.0,49.0,26.0,52.0,-1.0,26.0,46.0,-2.0,0.71
ofsetni papir 80 g,150 dot,390,24.0,19.0,19.0,11.0,63.0,34.0,-0.0,63.0,29.0,-0.0,0.31
ofsetni papir 80 g,150 dot,391,49.0,39.0,39.0,30.0,37.0,62.0,-0.0,38.0,35.0,-0.0,0.66
ofsetni papir 80 g,150 dot,392,74.0,59.0,59.0,59.0,28.0,84.0,-1.0,29.0,12.0,-1.0,0.32
ofsetni papir 80 g,150 dot,393,28.0,0.0,0.0,0.0,85.0,83.0,-6.0,43.0,8.0,36.0,45.99
ofsetni papir 80 g,150 dot,394,64.0,0.0,0.0,0.0,67.0,57.0,-22.0,67.0,34.0,-22.0,0.25
ofsetni papir 80 g,150 dot,395,0.0,21.0,0.0,0.0,89.0,38.0,4.0,87.0,87.0,6.0,1.73
ofsetni papir 80 g,150 dot,396,0.0,52.0,0.0,0.0,73.0,76.0,20.0,73.0,39.0,20.0,0.49
ofsetni papir 80 g,150 dot,397,0.0,0.0,21.0,0.0,92.0,54.0,-0.0,92.0,31.0,-0.0,1.1
ofsetni papir 80 g,150 dot,398,0.0,0.0,52.0,0.0,90.0,46.0,-2.0,90.0,13.0,-2.0,0.3
ofsetni papir 80 g,150 dot,399,0.0,0.0,0.0,25.0,69.0,68.0,0.0,69.0,76.0,0.0,0.23
ofsetni papir 80 g,150 dot,400,0.0,0.0,0.0,60.0,43.0,82.0,-0.0,40.0,76.0,-0.0,2.94
ofsetni papir 80 g,200 dot,1,0.0,0.0,0.0,0.0,93.0,12.0,1.0,93.0,22.0,1.0,0.18
ofsetni papir 80 g,200 dot,2,0.0,21.0,0.0,0.0,87.0,23.0,6.0,86.0,57.0,7.0,0.93
ofsetni papir 80 g,200 dot,3,0.0,52.0,0.0,0.0,73.0,0.0,19.0,71.0,73.0,21.0,1.4
ofsetni papir 80 g,200 dot,4,0.0,81.0,0.0,0.0,59.0,27.0,37.0,57.0,84.0,39.0,1.55
ofsetni papir 80 g,200 dot,5,0.0,100.0,0.0,0.0,49.0,42.0,54.0,48.0,61.0,56.0,0.89
ofsetni papir 80 g,200 dot,6,16.0,0.0,0.0,0.0,88.0,61.0,-2.0,88.0,5.0,-3.0,0.65
ofsetni papir 80 g,200 dot,7,16.0,21.0,0.0,0.0,83.0,6.0,3.0,81.0,57.0,3.0,1.17
ofsetni papir 80 g,200 dot,8,16.0,52.0,0.0,0.0,69.0,42.0,16.0,67.0,24.0,17.0,1.94
ofsetni papir 80 g,200 dot,9,16.0,81.0,0.0,0.0,54.0,36.0,31.0,52.0,50.0,33.0,1.91
ofsetni papir 80 g,200 dot,10,16.0,100.0,0.0,0.0,45.0,85.0,47.0,46.0,48.0,46.0,0.82
ofsetni papir 80 g,200 dot,11,39.0,0.0,0.0,0.0,81.0,7.0,-9.0,79.0,79.0,-10.0,1.23
ofsetni papir 80 g,200 dot,12,39.0,21.0,0.0,0.0,74.0,93.0,-3.0,72.0,95.0,-4.0,1.65
ofsetni papir 80 g,200 dot,13,39.0,52.0,0.0,0.0,62.0,97.0,8.0,60.0,94.0,9.0,1.87
ofsetni papir 80 g,200 dot,14,39.0,81.0,0.0,0.0,50.0,37.0,24.0,48.0,63.0,24.0,1.78
ofsetni papir 80 g,200 dot,15,39.0,100.0,0.0,0.0,42.0,54.0,38.0,42.0,14.0,36.0,0.87
ofsetni papir 80 g,200 dot,16,64.0,0.0,0.0,0.0,70.0,44.0,-18.0,68.0,19.0,-20.0,2.01
ofsetni papir 80 g,200 dot,17,64.0,21.0,0.0,0.0,63.0,64.0,-14.0,61.0,73.0,-14.0,1.71
ofsetni papir 80 g,200 dot,18,64.0,52.0,0.0,0.0,53.0,34.0,-2.0,51.0,25.0,-3.0,2.18
ofsetni papir 80 g,200 dot,19,64.0,81.0,0.0,0.0,43.0,38.0,9.0,40.0,67.0,10.0,2.5
ofsetni papir 80 g,200 dot,20,64.0,100.0,0.0,0.0,35.0,84.0,20.0,34.0,9.0,20.0,1.61
ofsetni papir 80 g,200 dot,21,85.0,0.0,0.0,0.0,60.0,70.0,-27.0,58.0,75.0,-28.0,1.8
ofsetni papir 80 g,200 dot,22,85.0,21.0,0.0,0.0,55.0,22.0,-22.0,53.0,49.0,-23.0,1.69
ofsetni papir 80 g,200 dot,23,85.0,52.0,0.0,0.0,46.0,81.0,-11.0,44.0,61.0,-10.0,2.15
ofsetni papir 80 g,200 dot,24,85.0,81.0,0.0,0.0,37.0,79.0,0.0,35.0,61.0,0.0,1.87
ofsetni papir 80 g,200 dot,25,85.0,100.0,0.0,0.0,32.0,38.0,8.0,30.0,57.0,8.0,1.43
ofsetni papir 80 g,200 dot,26,100.0,0.0,0.0,0.0,54.0,84.0,-32.0,54.0,16.0,-32.0,0.66
ofsetni papir 80 g,200 dot,27,100.0,21.0,0.0,0.0,48.0,92.0,-28.0,48.0,15.0,-27.0,0.87
ofsetni papir 80 g,200 dot,28,100.0,52.0,0.0,0.0,42.0,26.0,-17.0,41.0,1.0,-16.0,1.27
ofsetni papir 80 g,200 dot,29,100.0,81.0,0.0,0.0,33.0,85.0,-5.0,33.0,57.0,-4.0,0.48
ofsetni papir 80 g,200 dot,30,100.0,100.0,0.0,0.0,29.0,68.0,2.0,29.0,34.0,1.0,0.39
ofsetni papir 80 g,200 dot,31,0.0,0.0,21.0,0.0,91.0,62.0,-1.0,91.0,65.0,-1.0,0.1
ofsetni papir 80 g,200 dot,32,0.0,21.0,21.0,0.0,83.0,18.0,5.0,82.0,58.0,6.0,1.61
ofsetni papir 80 g,200 dot,33,0.0,52.0,21.0,0.0,71.0,24.0,20.0,69.0,70.0,22.0,1.81
ofsetni papir 80 g,200 dot,34,0.0,81.0,21.0,0.0,58.0,21.0,39.0,56.0,42.0,42.0,1.9
ofsetni papir 80 g,200 dot,35,0.0,100.0,21.0,0.0,48.0,8.0,55.0,47.0,69.0,56.0,0.43
ofsetni papir 80 g,200 dot,36,16.0,0.0,21.0,0.0,85.0,83.0,-4.0,85.0,29.0,-4.0,1.27
ofsetni papir 80 g,200 dot,37,16.0,21.0,21.0,0.0,73.0,65.0,1.0,73.0,0.0,2.0,1.12
ofsetni papir 80 g,200 dot,38,16.0,52.0,21.0,0.0,62.0,59.0,14.0,62.0,3.0,16.0,1.12
ofsetni papir 80 g,200 dot,39,16.0,81.0,21.0,0.0,51.0,41.0,31.0,50.0,18.0,33.0,1.46
ofsetni papir 80 g,200 dot,40,16.0,100.0,21.0,0.0,43.0,32.0,45.0,42.0,86.0,45.0,0.49
ofsetni papir 80 g,200 dot,41,39.0,0.0,21.0,0.0,78.0,0.0,-11.0,77.0,0.0,-12.0,1.14
ofsetni papir 80 g,200 dot,42,39.0,21.0,21.0,0.0,66.0,53.0,-3.0,66.0,10.0,-3.0,0.51
ofsetni papir 80 g,200 dot,43,39.0,52.0,21.0,0.0,55.0,99.0,8.0,55.0,56.0,9.0,0.73
ofsetni papir 80 g,200 dot,44,39.0,81.0,21.0,0.0,45.0,18.0,21.0,44.0,36.0,23.0,1.02
ofsetni papir 80 g,200 dot,45,39.0,100.0,21.0,0.0,38.0,87.0,34.0,39.0,31.0,33.0,0.53
ofsetni papir 80 g,200 dot,46,64.0,0.0,21.0,0.0,66.0,18.0,-23.0,64.0,60.0,-25.0,1.76
ofsetni papir 80 g,200 dot,47,64.0,21.0,21.0,0.0,57.0,5.0,-14.0,55.0,68.0,-15.0,1.55
ofsetni papir 80 g,200 dot,48,64.0,52.0,21.0,0.0,46.0,83.0,-1.0,45.0,98.0,-1.0,1.01
ofsetni papir 80 g,200 dot,49,64.0,81.0,21.0,0.0,38.0,90.0,11.0,36.0,66.0,11.0,2.12
ofsetni papir 80 g,200 dot,50,64.0,100.0,21.0,0.0,33.0,42.0,19.0,32.0,31.0,18.0,1.33
ofsetni papir 80 g,200 dot,51,85.0,0.0,21.0,0.0,58.0,6.0,-32.0,56.0,88.0,-33.0,1.2
ofsetni papir 80 g,200 dot,52,85.0,21.0,21.0,0.0,49.0,96.0,-23.0,48.0,91.0,-24.0,1.2
ofsetni papir 80 g,200 dot,53,85.0,52.0,21.0,0.0,40.0,11.0,-10.0,39.0,46.0,-10.0,0.82
ofsetni papir 80 g,200 dot,54,85.0,81.0,21.0,0.0,32.0,90.0,1.0,31.0,50.0,1.0,1.2
ofsetni papir 80 g,200 dot,55,85.0,100.0,21.0,0.0,29.0,0.0,7.0,27.0,46.0,6.0,1.66
ofsetni papir 80 g,200 dot,56,100.0,0.0,21.0,0.0,52.0,22.0,-38.0,51.0,94.0,-37.0,0.58
ofsetni papir 80 g,200 dot,57,100.0,21.0,21.0,0.0,46.0,29.0,-30.0,46.0,62.0,-30.0,0.33
ofsetni papir 80 g,200 dot,58,100.0,52.0,21.0,0.0,37.0,17.0,-15.0,37.0,41.0,-16.0,0.53
ofsetni papir 80 g,200 dot,59,100.0,81.0,21.0,0.0,29.0,95.0,-5.0,29.0,79.0,-4.0,0.44
ofsetni papir 80 g,200 dot,60,100.0,100.0,21.0,0.0,27.0,18.0,0.0,27.0,15.0,0.0,0.15
ofsetni papir 80 g,200 dot,61,0.0,0.0,52.0,0.0,89.0,15.0,-2.0,88.0,71.0,-2.0,0.53
ofsetni papir 80 g,200 dot,62,0.0,21.0,52.0,0.0,81.0,46.0,5.0,80.0,76.0,6.0,1.3
ofsetni papir 80 g,200 dot,63,0.0,52.0,52.0,0.0,69.0,55.0,20.0,68.0,7.0,22.0,1.51
ofsetni papir 80 g,200 dot,64,0.0,81.0,52.0,0.0,57.0,44.0,40.0,55.0,87.0,42.0,1.7
ofsetni papir 80 g,200 dot,65,0.0,100.0,52.0,0.0,47.0,32.0,54.0,47.0,37.0,54.0,0.17
ofsetni papir 80 g,200 dot,66,16.0,0.0,52.0,0.0,81.0,85.0,-5.0,81.0,93.0,-5.0,0.49
ofsetni papir 80 g,200 dot,67,16.0,21.0,52.0,0.0,71.0,89.0,1.0,71.0,30.0,1.0,1.06
ofsetni papir 80 g,200 dot,68,16.0,52.0,52.0,0.0,60.0,60.0,14.0,59.0,82.0,16.0,1.39
ofsetni papir 80 g,200 dot,69,16.0,81.0,52.0,0.0,50.0,40.0,30.0,49.0,35.0,32.0,1.27
ofsetni papir 80 g,200 dot,70,16.0,100.0,52.0,0.0,42.0,99.0,44.0,42.0,0.0,45.0,0.94
ofsetni papir 80 g,200 dot,71,39.0,0.0,52.0,0.0,75.0,19.0,-13.0,74.0,73.0,-13.0,0.7
ofsetni papir 80 g,200 dot,72,39.0,21.0,52.0,0.0,61.0,62.0,-4.0,62.0,68.0,-4.0,1.02
ofsetni papir 80 g,200 dot,73,39.0,52.0,52.0,0.0,50.0,74.0,6.0,51.0,55.0,8.0,1.42
ofsetni papir 80 g,200 dot,74,39.0,81.0,52.0,0.0,41.0,79.0,19.0,42.0,51.0,21.0,1.64
ofsetni papir 80 g,200 dot,75,39.0,100.0,52.0,0.0,37.0,6.0,30.0,36.0,94.0,32.0,0.83
ofsetni papir 80 g,200 dot,76,64.0,0.0,52.0,0.0,63.0,94.0,-26.0,62.0,51.0,-28.0,1.97
ofsetni papir 80 g,200 dot,77,64.0,21.0,52.0,0.0,54.0,43.0,-15.0,53.0,56.0,-17.0,1.57
ofsetni papir 80 g,200 dot,78,64.0,52.0,52.0,0.0,37.0,43.0,-1.0,38.0,98.0,-1.0,1.4
ofsetni papir 80 g,200 dot,79,64.0,81.0,52.0,0.0,31.0,91.0,8.0,33.0,70.0,8.0,1.5
ofsetni papir 80 g,200 dot,80,64.0,100.0,52.0,0.0,28.0,59.0,14.0,29.0,36.0,14.0,0.74
ofsetni papir 80 g,200 dot,81,85.0,0.0,52.0,0.0,54.0,88.0,-38.0,54.0,43.0,-37.0,1.28
ofsetni papir 80 g,200 dot,82,85.0,21.0,52.0,0.0,46.0,64.0,-28.0,46.0,9.0,-28.0,0.96
ofsetni papir 80 g,200 dot,83,85.0,52.0,52.0,0.0,33.0,47.0,-9.0,33.0,89.0,-10.0,0.77
ofsetni papir 80 g,200 dot,84,85.0,81.0,52.0,0.0,28.0,13.0,0.0,28.0,76.0,0.0,0.79
ofsetni papir 80 g,200 dot,85,85.0,100.0,52.0,0.0,25.0,39.0,4.0,25.0,63.0,4.0,0.65
ofsetni papir 80 g,200 dot,86,100.0,0.0,52.0,0.0,50.0,33.0,-43.0,50.0,25.0,-42.0,0.53
ofsetni papir 80 g,200 dot,87,100.0,21.0,52.0,0.0,43.0,70.0,-35.0,44.0,7.0,-34.0,0.62
ofsetni papir 80 g,200 dot,88,100.0,52.0,52.0,0.0,31.0,94.0,-16.0,33.0,49.0,-17.0,1.45
ofsetni papir 80 g,200 dot,89,100.0,81.0,52.0,0.0,25.0,12.0,-4.0,25.0,29.0,-4.0,0.53
ofsetni papir 80 g,200 dot,90,100.0,100.0,52.0,0.0,23.0,31.0,-0.0,22.0,82.0,0.0,0.61
ofsetni papir 80 g,200 dot,91,0.0,0.0,81.0,0.0,86.0,76.0,-3.0,86.0,45.0,-2.0,0.51
ofsetni papir 80 g,200 dot,92,0.0,21.0,81.0,0.0,78.0,75.0,5.0,78.0,36.0,5.0,0.84
ofsetni papir 80 g,200 dot,93,0.0,52.0,81.0,0.0,65.0,92.0,22.0,64.0,97.0,24.0,1.88
ofsetni papir 80 g,200 dot,94,0.0,81.0,81.0,0.0,54.0,53.0,41.0,53.0,58.0,43.0,1.73
ofsetni papir 80 g,200 dot,95,0.0,100.0,81.0,0.0,45.0,72.0,55.0,45.0,59.0,56.0,0.34
ofsetni papir 80 g,200 dot,96,16.0,0.0,81.0,0.0,79.0,23.0,-6.0,78.0,98.0,-7.0,0.37
ofsetni papir 80 g,200 dot,97,16.0,21.0,81.0,0.0,70.0,55.0,0.0,69.0,74.0,1.0,0.87
ofsetni papir 80 g,200 dot,98,16.0,52.0,81.0,0.0,59.0,21.0,15.0,57.0,18.0,17.0,2.71
ofsetni papir 80 g,200 dot,99,16.0,81.0,81.0,0.0,48.0,51.0,32.0,48.0,23.0,33.0,0.97
ofsetni papir 80 g,200 dot,100,16.0,100.0,81.0,0.0,41.0,14.0,46.0,41.0,62.0,46.0,0.6
ofsetni papir 80 g,200 dot,101,39.0,0.0,81.0,0.0,72.0,63.0,-14.0,71.0,74.0,-15.0,0.94
ofsetni papir 80 g,200 dot,102,39.0,21.0,81.0,0.0,59.0,2.0,-6.0,60.0,43.0,-5.0,1.31
ofsetni papir 80 g,200 dot,103,39.0,52.0,81.0,0.0,49.0,30.0,6.0,49.0,13.0,7.0,1.55
ofsetni papir 80 g,200 dot,104,39.0,81.0,81.0,0.0,39.0,67.0,20.0,39.0,95.0,22.0,1.58
ofsetni papir 80 g,200 dot,105,39.0,100.0,81.0,0.0,34.0,88.0,30.0,36.0,23.0,30.0,1.25
ofsetni papir 80 g,200 dot,106,64.0,0.0,81.0,0.0,59.0,97.0,-31.0,58.0,91.0,-31.0,2.13
ofsetni papir 80 g,200 dot,107,64.0,21.0,81.0,0.0,52.0,4.0,-18.0,51.0,54.0,-19.0,1.45
ofsetni papir 80 g,200 dot,108,64.0,52.0,81.0,0.0,37.0,48.0,-2.0,39.0,4.0,-2.0,1.42
ofsetni papir 80 g,200 dot,109,64.0,81.0,81.0,0.0,29.0,86.0,7.0,31.0,58.0,8.0,1.81
ofsetni papir 80 g,200 dot,110,64.0,100.0,81.0,0.0,27.0,35.0,13.0,28.0,46.0,14.0,1.21
ofsetni papir 80 g,200 dot,111,85.0,0.0,81.0,0.0,52.0,28.0,-42.0,51.0,52.0,-42.0,1.57
ofsetni papir 80 g,200 dot,112,85.0,21.0,81.0,0.0,45.0,79.0,-31.0,44.0,39.0,-32.0,1.42
ofsetni papir 80 g,200 dot,113,85.0,52.0,81.0,0.0,32.0,1.0,-11.0,34.0,14.0,-12.0,1.8
ofsetni papir 80 g,200 dot,114,85.0,81.0,81.0,0.0,27.0,11.0,0.0,28.0,46.0,0.0,1.06
ofsetni papir 80 g,200 dot,115,85.0,100.0,81.0,0.0,24.0,69.0,4.0,26.0,3.0,4.0,1.12
ofsetni papir 80 g,200 dot,116,100.0,0.0,81.0,0.0,47.0,1.0,-49.0,47.0,21.0,-48.0,0.55
ofsetni papir 80 g,200 dot,117,100.0,21.0,81.0,0.0,41.0,46.0,-38.0,41.0,76.0,-38.0,0.44
ofsetni papir 80 g,200 dot,118,100.0,52.0,81.0,0.0,30.0,31.0,-18.0,31.0,82.0,-18.0,1.3
ofsetni papir 80 g,200 dot,119,100.0,81.0,81.0,0.0,23.0,61.0,-4.0,25.0,72.0,-4.0,1.73
ofsetni papir 80 g,200 dot,120,100.0,100.0,81.0,0.0,21.0,94.0,-0.0,23.0,88.0,-0.0,1.44
ofsetni papir 80 g,200 dot,121,0.0,0.0,100.0,0.0,85.0,71.0,-3.0,85.0,56.0,-3.0,0.25
ofsetni papir 80 g,200 dot,122,0.0,21.0,100.0,0.0,78.0,10.0,6.0,77.0,92.0,6.0,0.7
ofsetni papir 80 g,200 dot,123,0.0,52.0,100.0,0.0,63.0,90.0,24.0,63.0,14.0,25.0,2.22
ofsetni papir 80 g,200 dot,124,0.0,81.0,100.0,0.0,51.0,98.0,44.0,50.0,95.0,46.0,2.32
ofsetni papir 80 g,200 dot,125,0.0,100.0,100.0,0.0,44.0,75.0,55.0,44.0,98.0,55.0,1.07
ofsetni papir 80 g,200 dot,126,16.0,0.0,100.0,0.0,78.0,62.0,-6.0,78.0,12.0,-7.0,0.64
ofsetni papir 80 g,200 dot,127,16.0,21.0,100.0,0.0,68.0,82.0,0.0,69.0,8.0,1.0,0.81
ofsetni papir 80 g,200 dot,128,16.0,52.0,100.0,0.0,57.0,58.0,15.0,57.0,54.0,17.0,1.89
ofsetni papir 80 g,200 dot,129,16.0,81.0,100.0,0.0,46.0,89.0,33.0,46.0,89.0,34.0,1.67
ofsetni papir 80 g,200 dot,130,16.0,100.0,100.0,0.0,40.0,60.0,45.0,40.0,87.0,46.0,1.09
ofsetni papir 80 g,200 dot,131,39.0,0.0,100.0,0.0,70.0,50.0,-16.0,69.0,85.0,-16.0,1.07
ofsetni papir 80 g,200 dot,132,39.0,21.0,100.0,0.0,57.0,60.0,-6.0,58.0,53.0,-6.0,0.87
ofsetni papir 80 g,200 dot,133,39.0,52.0,100.0,0.0,47.0,21.0,5.0,48.0,10.0,6.0,1.28
ofsetni papir 80 g,200 dot,134,39.0,81.0,100.0,0.0,38.0,32.0,20.0,39.0,18.0,21.0,2.06
ofsetni papir 80 g,200 dot,135,39.0,100.0,100.0,0.0,35.0,28.0,30.0,36.0,30.0,30.0,1.27
ofsetni papir 80 g,200 dot,136,64.0,0.0,100.0,0.0,58.0,63.0,-32.0,57.0,82.0,-33.0,1.78
ofsetni papir 80 g,200 dot,137,64.0,21.0,100.0,0.0,50.0,2.0,-19.0,50.0,8.0,-20.0,1.11
ofsetni papir 80 g,200 dot,138,64.0,52.0,100.0,0.0,37.0,11.0,-2.0,37.0,95.0,-2.0,0.75
ofsetni papir 80 g,200 dot,139,64.0,81.0,100.0,0.0,30.0,90.0,6.0,30.0,4.0,7.0,1.39
ofsetni papir 80 g,200 dot,140,64.0,100.0,100.0,0.0,27.0,16.0,12.0,27.0,11.0,13.0,0.92
ofsetni papir 80 g,200 dot,141,85.0,0.0,100.0,0.0,51.0,1.0,-43.0,51.0,3.0,-43.0,1.16
ofsetni papir 80 g,200 dot,142,85.0,21.0,100.0,0.0,43.0,67.0,-32.0,43.0,74.0,-32.0,2.0
ofsetni papir 80 g,200 dot,143,85.0,52.0,100.0,0.0,32.0,50.0,-12.0,33.0,43.0,-13.0,1.4
ofsetni papir 80 g,200 dot,144,85.0,81.0,100.0,0.0,26.0,63.0,-0.0,28.0,38.0,-0.0,1.55
ofsetni papir 80 g,200 dot,145,85.0,100.0,100.0,0.0,24.0,35.0,3.0,24.0,77.0,4.0,1.1
ofsetni papir 80 g,200 dot,146,100.0,0.0,100.0,0.0,45.0,83.0,-51.0,46.0,3.0,-51.0,0.59
ofsetni papir 80 g,200 dot,147,100.0,21.0,100.0,0.0,40.0,88.0,-40.0,41.0,19.0,-39.0,0.91
ofsetni papir 80 g,200 dot,148,100.0,52.0,100.0,0.0,30.0,39.0,-19.0,31.0,1.0,-21.0,1.02
ofsetni papir 80 g,200 dot,149,100.0,81.0,100.0,0.0,23.0,45.0,-4.0,26.0,22.0,-4.0,2.3
ofsetni papir 80 g,200 dot,150,100.0,100.0,100.0,0.0,22.0,75.0,-0.0,24.0,16.0,-0.0,1.02
ofsetni papir 80 g,200 dot,151,0.0,0.0,0.0,25.0,71.0,69.0,0.0,71.0,79.0,0.0,0.15
ofsetni papir 80 g,200 dot,152,0.0,31.0,0.0,25.0,65.0,37.0,8.0,64.0,54.0,9.0,1.0
ofsetni papir 80 g,200 dot,153,0.0,72.0,0.0,25.0,49.0,93.0,25.0,49.0,38.0,26.0,0.73
ofsetni papir 80 g,200 dot,154,0.0,100.0,0.0,25.0,39.0,61.0,41.0,38.0,78.0,42.0,0.79
ofsetni papir 80 g,200 dot,155,21.0,0.0,0.0,25.0,70.0,0.0,-4.0,70.0,4.0,-4.0,0.31
ofsetni papir 80 g,200 dot,156,21.0,31.0,0.0,25.0,61.0,31.0,4.0,60.0,63.0,4.0,0.83
ofsetni papir 80 g,200 dot,157,21.0,72.0,0.0,25.0,45.0,54.0,20.0,44.0,96.0,21.0,0.97
ofsetni papir 80 g,200 dot,158,21.0,100.0,0.0,25.0,36.0,66.0,35.0,36.0,89.0,35.0,0.25
ofsetni papir 80 g,200 dot,159,52.0,0.0,0.0,25.0,59.0,68.0,-13.0,59.0,16.0,-13.0,0.53
ofsetni papir 80 g,200 dot,160,52.0,31.0,0.0,25.0,52.0,43.0,-4.0,51.0,49.0,-5.0,1.05
ofsetni papir 80 g,200 dot,161,52.0,72.0,0.0,25.0,39.0,46.0,10.0,38.0,94.0,10.0,0.82
ofsetni papir 80 g,200 dot,162,52.0,100.0,0.0,25.0,32.0,37.0,21.0,31.0,23.0,20.0,1.3
ofsetni papir 80 g,200 dot,163,81.0,0.0,0.0,25.0,50.0,16.0,-22.0,49.0,78.0,-22.0,0.4
ofsetni papir 80 g,200 dot,164,81.0,31.0,0.0,25.0,43.0,72.0,-14.0,43.0,20.0,-14.0,0.56
ofsetni papir 80 g,200 dot,165,81.0,72.0,0.0,25.0,33.0,25.0,-0.0,31.0,78.0,-0.0,1.21
ofsetni papir 80 g,200 dot,166,81.0,100.0,0.0,25.0,27.0,11.0,7.0,26.0,12.0,7.0,0.88
ofsetni papir 80 g,200 dot,167,100.0,0.0,0.0,25.0,44.0,22.0,-29.0,44.0,14.0,-28.0,0.28
ofsetni papir 80 g,200 dot,168,100.0,31.0,0.0,25.0,39.0,44.0,-20.0,39.0,18.0,-19.0,0.38
ofsetni papir 80 g,200 dot,169,100.0,72.0,0.0,25.0,29.0,17.0,-6.0,29.0,86.0,-5.0,0.72
ofsetni papir 80 g,200 dot,170,100.0,100.0,0.0,25.0,25.0,68.0,1.0,25.0,1.0,2.0,0.71
ofsetni papir 80 g,200 dot,171,0.0,0.0,31.0,25.0,71.0,90.0,-1.0,71.0,47.0,-1.0,0.4
ofsetni papir 80 g,200 dot,172,0.0,31.0,31.0,25.0,62.0,46.0,7.0,62.0,92.0,8.0,1.41
ofsetni papir 80 g,200 dot,173,0.0,72.0,31.0,25.0,48.0,68.0,24.0,47.0,28.0,27.0,2.01
ofsetni papir 80 g,200 dot,174,0.0,100.0,31.0,25.0,38.0,94.0,40.0,39.0,10.0,41.0,0.3
ofsetni papir 80 g,200 dot,175,21.0,0.0,31.0,25.0,65.0,93.0,-5.0,65.0,67.0,-6.0,0.5
ofsetni papir 80 g,200 dot,176,21.0,31.0,31.0,25.0,53.0,37.0,2.0,53.0,4.0,3.0,0.64
ofsetni papir 80 g,200 dot,177,21.0,72.0,31.0,25.0,42.0,59.0,18.0,42.0,59.0,19.0,0.87
ofsetni papir 80 g,200 dot,178,21.0,100.0,31.0,25.0,35.0,53.0,30.0,34.0,80.0,31.0,0.77
ofsetni papir 80 g,200 dot,179,52.0,0.0,31.0,25.0,57.0,31.0,-14.0,56.0,63.0,-15.0,0.95
ofsetni papir 80 g,200 dot,180,52.0,31.0,31.0,25.0,44.0,18.0,-4.0,44.0,85.0,-4.0,0.73
ofsetni papir 80 g,200 dot,181,52.0,72.0,31.0,25.0,34.0,57.0,8.0,34.0,99.0,8.0,0.5
ofsetni papir 80 g,200 dot,182,52.0,100.0,31.0,25.0,29.0,32.0,18.0,28.0,98.0,18.0,0.53
ofsetni papir 80 g,200 dot,183,81.0,0.0,31.0,25.0,47.0,70.0,-25.0,47.0,89.0,-25.0,0.38
ofsetni papir 80 g,200 dot,184,81.0,31.0,31.0,25.0,37.0,33.0,-12.0,38.0,7.0,-13.0,0.92
ofsetni papir 80 g,200 dot,185,81.0,72.0,31.0,25.0,27.0,39.0,-0.0,29.0,2.0,-0.0,1.31
ofsetni papir 80 g,200 dot,186,81.0,100.0,31.0,25.0,23.0,57.0,5.0,26.0,23.0,4.0,2.03
ofsetni papir 80 g,200 dot,187,100.0,0.0,31.0,25.0,41.0,88.0,-33.0,43.0,39.0,-31.0,1.53
ofsetni papir 80 g,200 dot,188,100.0,31.0,31.0,25.0,33.0,64.0,-18.0,35.0,33.0,-19.0,1.39
ofsetni papir 80 g,200 dot,189,100.0,72.0,31.0,25.0,25.0,2.0,-4.0,24.0,84.0,-4.0,0.67
ofsetni papir 80 g,200 dot,190,100.0,100.0,31.0,25.0,21.0,57.0,-0.0,21.0,54.0,0.0,0.69
ofsetni papir 80 g,200 dot,191,0.0,0.0,72.0,25.0,68.0,27.0,-3.0,68.0,5.0,-2.0,0.52
ofsetni papir 80 g,200 dot,192,0.0,31.0,72.0,25.0,59.0,74.0,6.0,58.0,97.0,7.0,0.94
ofsetni papir 80 g,200 dot,193,0.0,72.0,72.0,25.0,46.0,36.0,24.0,44.0,79.0,26.0,1.91
ofsetni papir 80 g,200 dot,194,0.0,100.0,72.0,25.0,36.0,85.0,39.0,35.0,15.0,41.0,1.71
ofsetni papir 80 g,200 dot,195,21.0,0.0,72.0,25.0,62.0,33.0,-6.0,61.0,61.0,-6.0,1.02
ofsetni papir 80 g,200 dot,196,21.0,31.0,72.0,25.0,51.0,93.0,1.0,51.0,73.0,2.0,0.6
ofsetni papir 80 g,200 dot,197,21.0,72.0,72.0,25.0,40.0,34.0,18.0,40.0,47.0,19.0,0.92
ofsetni papir 80 g,200 dot,198,21.0,100.0,72.0,25.0,33.0,97.0,28.0,34.0,5.0,28.0,0.07
ofsetni papir 80 g,200 dot,199,52.0,0.0,72.0,25.0,53.0,55.0,-16.0,52.0,41.0,-17.0,1.39
ofsetni papir 80 g,200 dot,200,52.0,31.0,72.0,25.0,38.0,32.0,-5.0,41.0,56.0,-5.0,2.89
ofsetni papir 80 g,200 dot,201,52.0,72.0,72.0,25.0,29.0,66.0,6.0,32.0,44.0,7.0,2.31
ofsetni papir 80 g,200 dot,202,52.0,100.0,72.0,25.0,26.0,95.0,13.0,28.0,91.0,13.0,1.51
ofsetni papir 80 g,200 dot,203,81.0,0.0,72.0,25.0,44.0,11.0,-29.0,43.0,87.0,-30.0,0.38
ofsetni papir 80 g,200 dot,204,81.0,31.0,72.0,25.0,35.0,52.0,-15.0,35.0,22.0,-16.0,0.84
ofsetni papir 80 g,200 dot,205,81.0,72.0,72.0,25.0,26.0,5.0,-0.0,27.0,13.0,-0.0,0.86
ofsetni papir 80 g,200 dot,206,81.0,100.0,72.0,25.0,23.0,58.0,3.0,22.0,41.0,4.0,1.03
ofsetni papir 80 g,200 dot,207,100.0,0.0,72.0,25.0,39.0,26.0,-37.0,39.0,17.0,-37.0,1.34
ofsetni papir 80 g,200 dot,208,100.0,31.0,72.0,25.0,31.0,74.0,-22.0,30.0,74.0,-23.0,1.48
ofsetni papir 80 g,200 dot,209,100.0,72.0,72.0,25.0,22.0,36.0,-4.0,22.0,28.0,-4.0,0.18
ofsetni papir 80 g,200 dot,210,100.0,100.0,72.0,25.0,22.0,23.0,-0.0,22.0,8.0,-0.0,0.35
ofsetni papir 80 g,200 dot,211,0.0,0.0,100.0,25.0,66.0,66.0,-3.0,66.0,51.0,-2.0,0.41
ofsetni papir 80 g,200 dot,212,0.0,31.0,100.0,25.0,57.0,69.0,6.0,57.0,46.0,7.0,0.98
ofsetni papir 80 g,200 dot,213,0.0,72.0,100.0,25.0,45.0,9.0,25.0,44.0,7.0,27.0,2.27
ofsetni papir 80 g,200 dot,214,0.0,100.0,100.0,25.0,37.0,62.0,39.0,38.0,84.0,38.0,1.81
ofsetni papir 80 g,200 dot,215,21.0,0.0,100.0,25.0,59.0,98.0,-7.0,60.0,83.0,-7.0,1.02
ofsetni papir 80 g,200 dot,216,21.0,31.0,100.0,25.0,49.0,40.0,1.0,50.0,60.0,1.0,1.7
ofsetni papir 80 g,200 dot,217,21.0,72.0,100.0,25.0,38.0,25.0,18.0,39.0,14.0,18.0,2.73
ofsetni papir 80 g,200 dot,218,21.0,100.0,100.0,25.0,32.0,66.0,29.0,32.0,74.0,29.0,0.74
ofsetni papir 80 g,200 dot,219,52.0,0.0,100.0,25.0,51.0,34.0,-17.0,50.0,42.0,-19.0,1.54
ofsetni papir 80 g,200 dot,220,52.0,31.0,100.0,25.0,39.0,23.0,-6.0,38.0,57.0,-6.0,0.63
ofsetni papir 80 g,200 dot,221,52.0,72.0,100.0,25.0,29.0,41.0,5.0,29.0,89.0,6.0,1.17
ofsetni papir 80 g,200 dot,222,52.0,100.0,100.0,25.0,25.0,4.0,13.0,24.0,82.0,14.0,0.56
ofsetni papir 80 g,200 dot,223,81.0,0.0,100.0,25.0,41.0,34.0,-32.0,40.0,89.0,-32.0,1.56
ofsetni papir 80 g,200 dot,224,81.0,31.0,100.0,25.0,33.0,57.0,-17.0,33.0,11.0,-18.0,1.1
ofsetni papir 80 g,200 dot,225,81.0,72.0,100.0,25.0,26.0,46.0,-1.0,26.0,56.0,-1.0,0.83
ofsetni papir 80 g,200 dot,226,81.0,100.0,100.0,25.0,24.0,46.0,2.0,24.0,41.0,3.0,0.61
ofsetni papir 80 g,200 dot,227,100.0,0.0,100.0,25.0,39.0,26.0,-38.0,39.0,43.0,-37.0,0.59
ofsetni papir 80 g,200 dot,228,100.0,31.0,100.0,25.0,31.0,45.0,-23.0,33.0,67.0,-22.0,1.91
ofsetni papir 80 g,200 dot,229,100.0,72.0,100.0,25.0,24.0,71.0,-4.0,25.0,56.0,-5.0,0.7
ofsetni papir 80 g,200 dot,230,100.0,100.0,100.0,25.0,24.0,49.0,-0.0,25.0,11.0,-0.0,0.49
ofsetni papir 80 g,200 dot,231,0.0,0.0,0.0,60.0,40.0,14.0,-0.0,41.0,51.0,-0.0,1.24
ofsetni papir 80 g,200 dot,232,0.0,31.0,0.0,60.0,38.0,21.0,3.0,38.0,89.0,3.0,0.66
ofsetni papir 80 g,200 dot,233,0.0,72.0,0.0,60.0,31.0,44.0,12.0,30.0,87.0,13.0,1.17
ofsetni papir 80 g,200 dot,234,0.0,100.0,0.0,60.0,26.0,51.0,18.0,26.0,75.0,18.0,0.27
ofsetni papir 80 g,200 dot,235,31.0,0.0,0.0,60.0,41.0,32.0,-4.0,40.0,18.0,-4.0,1.12
ofsetni papir 80 g,200 dot,236,31.0,31.0,0.0,60.0,35.0,81.0,0.0,35.0,12.0,0.0,0.71
ofsetni papir 80 g,200 dot,237,31.0,72.0,0.0,60.0,28.0,83.0,8.0,28.0,74.0,8.0,0.41
ofsetni papir 80 g,200 dot,238,31.0,100.0,0.0,60.0,22.0,86.0,14.0,23.0,93.0,13.0,0.83
ofsetni papir 80 g,200 dot,239,72.0,0.0,0.0,60.0,33.0,70.0,-10.0,33.0,87.0,-11.0,0.65
ofsetni papir 80 g,200 dot,240,72.0,31.0,0.0,60.0,29.0,83.0,-5.0,29.0,59.0,-5.0,0.67
ofsetni papir 80 g,200 dot,241,72.0,72.0,0.0,60.0,25.0,12.0,0.0,25.0,81.0,0.0,0.61
ofsetni papir 80 g,200 dot,242,72.0,100.0,0.0,60.0,21.0,97.0,4.0,24.0,24.0,3.0,1.77
ofsetni papir 80 g,200 dot,243,100.0,0.0,0.0,60.0,29.0,48.0,-13.0,31.0,24.0,-13.0,1.38
ofsetni papir 80 g,200 dot,244,100.0,31.0,0.0,60.0,27.0,15.0,-7.0,28.0,64.0,-7.0,1.16
ofsetni papir 80 g,200 dot,245,100.0,72.0,0.0,60.0,21.0,96.0,-1.0,25.0,25.0,-1.0,2.44
ofsetni papir 80 g,200 dot,246,100.0,100.0,0.0,60.0,22.0,12.0,0.0,23.0,94.0,0.0,1.37
ofsetni papir 80 g,200 dot,247,0.0,0.0,31.0,60.0,42.0,26.0,-1.0,43.0,56.0,-1.0,1.2
ofsetni papir 80 g,200 dot,248,0.0,31.0,31.0,60.0,37.0,33.0,3.0,37.0,72.0,3.0,0.57
ofsetni papir 80 g,200 dot,249,0.0,72.0,31.0,60.0,31.0,14.0,11.0,31.0,16.0,11.0,0.64
ofsetni papir 80 g,200 dot,250,0.0,100.0,31.0,60.0,27.0,53.0,15.0,27.0,50.0,15.0,0.14
ofsetni papir 80 g,200 dot,251,31.0,0.0,31.0,60.0,39.0,5.0,-4.0,38.0,66.0,-4.0,0.48
ofsetni papir 80 g,200 dot,252,31.0,31.0,31.0,60.0,33.0,39.0,-0.0,33.0,83.0,-0.0,0.37
ofsetni papir 80 g,200 dot,253,31.0,72.0,31.0,60.0,27.0,83.0,6.0,27.0,63.0,8.0,1.23
ofsetni papir 80 g,200 dot,254,31.0,100.0,31.0,60.0,23.0,67.0,10.0,24.0,31.0,11.0,1.06
ofsetni papir 80 g,200 dot,255,72.0,0.0,31.0,60.0,32.0,90.0,-10.0,33.0,7.0,-11.0,0.88
ofsetni papir 80 g,200 dot,256,72.0,31.0,31.0,60.0,29.0,21.0,-4.0,30.0,5.0,-5.0,0.87
ofsetni papir 80 g,200 dot,257,72.0,72.0,31.0,60.0,25.0,32.0,0.0,26.0,38.0,0.0,0.91
ofsetni papir 80 g,200 dot,258,72.0,100.0,31.0,60.0,23.0,13.0,2.0,25.0,74.0,2.0,1.95
ofsetni papir 80 g,200 dot,259,100.0,0.0,31.0,60.0,29.0,10.0,-13.0,31.0,73.0,-12.0,2.06
ofsetni papir 80 g,200 dot,260,100.0,31.0,31.0,60.0,25.0,53.0,-7.0,28.0,19.0,-6.0,2.0
ofsetni papir 80 g,200 dot,261,100.0,72.0,31.0,60.0,23.0,62.0,-1.0,25.0,92.0,-1.0,1.68
ofsetni papir 80 g,200 dot,262,100.0,100.0,31.0,60.0,22.0,3.0,0.0,24.0,31.0,0.0,1.68
ofsetni papir 80 g,200 dot,263,0.0,0.0,72.0,60.0,42.0,12.0,-2.0,41.0,28.0,-2.0,0.81
ofsetni papir 80 g,200 dot,264,0.0,31.0,72.0,60.0,36.0,76.0,2.0,35.0,89.0,2.0,0.85
ofsetni papir 80 g,200 dot,265,0.0,72.0,72.0,60.0,30.0,78.0,10.0,30.0,45.0,11.0,0.67
ofsetni papir 80 g,200 dot,266,0.0,100.0,72.0,60.0,27.0,62.0,15.0,24.0,78.0,18.0,2.82
ofsetni papir 80 g,200 dot,267,31.0,0.0,72.0,60.0,36.0,82.0,-5.0,37.0,37.0,-6.0,1.02
ofsetni papir 80 g,200 dot,268,31.0,31.0,72.0,60.0,31.0,57.0,-1.0,32.0,85.0,-0.0,1.18
ofsetni papir 80 g,200 dot,269,31.0,72.0,72.0,60.0,27.0,52.0,5.0,28.0,87.0,6.0,1.47
ofsetni papir 80 g,200 dot,270,31.0,100.0,72.0,60.0,25.0,74.0,8.0,26.0,80.0,9.0,0.97
ofsetni papir 80 g,200 dot,271,72.0,0.0,72.0,60.0,30.0,17.0,-11.0,31.0,32.0,-11.0,0.91
ofsetni papir 80 g,200 dot,272,72.0,31.0,72.0,60.0,28.0,43.0,-5.0,28.0,70.0,-5.0,0.61
ofsetni papir 80 g,200 dot,273,72.0,72.0,72.0,60.0,26.0,69.0,0.0,27.0,9.0,0.0,0.33
ofsetni papir 80 g,200 dot,274,72.0,100.0,72.0,60.0,24.0,7.0,2.0,25.0,32.0,2.0,0.91
ofsetni papir 80 g,200 dot,275,100.0,0.0,72.0,60.0,28.0,68.0,-13.0,30.0,45.0,-13.0,1.37
ofsetni papir 80 g,200 dot,276,100.0,31.0,72.0,60.0,25.0,95.0,-7.0,27.0,44.0,-7.0,1.11
ofsetni papir 80 g,200 dot,277,100.0,72.0,72.0,60.0,24.0,85.0,-1.0,25.0,22.0,-1.0,0.35
ofsetni papir 80 g,200 dot,278,100.0,100.0,72.0,60.0,23.0,92.0,-0.0,22.0,99.0,-0.0,0.7
ofsetni papir 80 g,200 dot,279,0.0,0.0,100.0,60.0,39.0,46.0,-3.0,38.0,85.0,-3.0,0.63
ofsetni papir 80 g,200 dot,280,0.0,31.0,100.0,60.0,34.0,53.0,0.0,35.0,10.0,1.0,0.87
ofsetni papir 80 g,200 dot,281,0.0,72.0,100.0,60.0,28.0,40.0,11.0,28.0,7.0,12.0,1.44
ofsetni papir 80 g,200 dot,282,0.0,100.0,100.0,60.0,24.0,22.0,15.0,25.0,21.0,15.0,0.96
ofsetni papir 80 g,200 dot,283,31.0,0.0,100.0,60.0,34.0,81.0,-6.0,36.0,31.0,-7.0,1.47
ofsetni papir 80 g,200 dot,284,31.0,31.0,100.0,60.0,31.0,23.0,-1.0,32.0,69.0,-1.0,1.25
ofsetni papir 80 g,200 dot,285,31.0,72.0,100.0,60.0,26.0,43.0,4.0,28.0,6.0,5.0,1.94
ofsetni papir 80 g,200 dot,286,31.0,100.0,100.0,60.0,25.0,72.0,7.0,26.0,79.0,7.0,0.85
ofsetni papir 80 g,200 dot,287,72.0,0.0,100.0,60.0,30.0,24.0,-11.0,31.0,64.0,-11.0,1.31
ofsetni papir 80 g,200 dot,288,72.0,31.0,100.0,60.0,27.0,87.0,-5.0,28.0,14.0,-6.0,0.69
ofsetni papir 80 g,200 dot,289,72.0,72.0,100.0,60.0,26.0,27.0,-0.0,27.0,30.0,-0.0,0.83
ofsetni papir 80 g,200 dot,290,72.0,100.0,100.0,60.0,24.0,81.0,1.0,25.0,58.0,1.0,0.64
ofsetni papir 80 g,200 dot,291,100.0,0.0,100.0,60.0,29.0,26.0,-13.0,29.0,25.0,-13.0,0.19
ofsetni papir 80 g,200 dot,292,100.0,31.0,100.0,60.0,25.0,92.0,-8.0,24.0,88.0,-8.0,1.03
ofsetni papir 80 g,200 dot,293,100.0,72.0,100.0,60.0,24.0,14.0,-2.0,23.0,5.0,-2.0,0.8
ofsetni papir 80 g,200 dot,294,100.0,100.0,100.0,60.0,23.0,46.0,-0.0,23.0,98.0,-0.0,0.4
ofsetni papir 80 g,200 dot,295,0.0,0.0,0.0,88.0,26.0,73.0,-0.0,27.0,35.0,-0.0,0.46
ofsetni papir 80 g,200 dot,296,0.0,52.0,0.0,88.0,24.0,40.0,2.0,23.0,54.0,2.0,0.81
ofsetni papir 80 g,200 dot,297,0.0,100.0,0.0,88.0,23.0,19.0,4.0,23.0,19.0,5.0,0.46
ofsetni papir 80 g,200 dot,298,31.0,0.0,0.0,88.0,26.0,43.0,-1.0,27.0,51.0,-1.0,0.91
ofsetni papir 80 g,200 dot,299,31.0,52.0,0.0,88.0,24.0,54.0,0.0,25.0,69.0,0.0,0.89
ofsetni papir 80 g,200 dot,300,31.0,100.0,0.0,88.0,21.0,44.0,3.0,24.0,14.0,3.0,1.96
ofsetni papir 80 g,200 dot,301,72.0,0.0,0.0,88.0,23.0,89.0,-2.0,26.0,36.0,-2.0,1.82
ofsetni papir 80 g,200 dot,302,72.0,52.0,0.0,88.0,23.0,58.0,-0.0,24.0,49.0,-0.0,0.67
ofsetni papir 80 g,200 dot,303,72.0,100.0,0.0,88.0,23.0,35.0,1.0,24.0,48.0,1.0,0.81
ofsetni papir 80 g,200 dot,304,100.0,0.0,0.0,88.0,24.0,66.0,-2.0,25.0,50.0,-2.0,0.63
ofsetni papir 80 g,200 dot,305,100.0,52.0,0.0,88.0,24.0,27.0,-0.0,22.0,81.0,-0.0,1.21
ofsetni papir 80 g,200 dot,306,100.0,100.0,0.0,88.0,22.0,50.0,0.0,22.0,2.0,0.0,0.49
ofsetni papir 80 g,200 dot,307,0.0,0.0,52.0,88.0,28.0,37.0,-1.0,28.0,24.0,-1.0,0.2
ofsetni papir 80 g,200 dot,308,0.0,52.0,52.0,88.0,25.0,8.0,1.0,25.0,48.0,1.0,0.39
ofsetni papir 80 g,200 dot,309,0.0,100.0,52.0,88.0,18.0,85.0,5.0,19.0,11.0,5.0,0.39
ofsetni papir 80 g,200 dot,310,31.0,0.0,52.0,88.0,25.0,53.0,-2.0,24.0,96.0,-2.0,0.6
ofsetni papir 80 g,200 dot,311,31.0,52.0,52.0,88.0,24.0,75.0,0.0,24.0,89.0,0.0,0.32
ofsetni papir 80 g,200 dot,312,31.0,100.0,52.0,88.0,22.0,77.0,2.0,23.0,45.0,2.0,0.53
ofsetni papir 80 g,200 dot,313,72.0,0.0,52.0,88.0,24.0,2.0,-3.0,25.0,11.0,-3.0,0.88
ofsetni papir 80 g,200 dot,314,72.0,52.0,52.0,88.0,24.0,1.0,-0.0,24.0,85.0,-0.0,0.62
ofsetni papir 80 g,200 dot,315,72.0,100.0,52.0,88.0,23.0,97.0,0.0,24.0,84.0,0.0,0.66
ofsetni papir 80 g,200 dot,316,100.0,0.0,52.0,88.0,24.0,3.0,-3.0,25.0,66.0,-2.0,1.27
ofsetni papir 80 g,200 dot,317,100.0,52.0,52.0,88.0,24.0,51.0,-0.0,24.0,72.0,-0.0,0.34
ofsetni papir 80 g,200 dot,318,100.0,100.0,52.0,88.0,25.0,0.0,-0.0,24.0,22.0,-0.0,0.66
ofsetni papir 80 g,200 dot,319,0.0,0.0,100.0,88.0,27.0,94.0,-1.0,27.0,44.0,-2.0,0.56
ofsetni papir 80 g,200 dot,320,0.0,52.0,100.0,88.0,26.0,12.0,0.0,24.0,82.0,0.0,1.05
ofsetni papir 80 g,200 dot,321,0.0,100.0,100.0,88.0,23.0,8.0,3.0,23.0,71.0,3.0,0.46
ofsetni papir 80 g,200 dot,322,31.0,0.0,100.0,88.0,26.0,57.0,-2.0,26.0,37.0,-2.0,0.23
ofsetni papir 80 g,200 dot,323,31.0,52.0,100.0,88.0,18.0,84.0,-0.0,19.0,36.0,-0.0,0.38
ofsetni papir 80 g,200 dot,324,31.0,100.0,100.0,88.0,19.0,61.0,2.0,19.0,2.0,3.0,0.91
ofsetni papir 80 g,200 dot,325,72.0,0.0,100.0,88.0,23.0,39.0,-4.0,24.0,14.0,-4.0,0.6
ofsetni papir 80 g,200 dot,326,72.0,52.0,100.0,88.0,23.0,38.0,-1.0,23.0,85.0,-1.0,0.64
ofsetni papir 80 g,200 dot,327,72.0,100.0,100.0,88.0,23.0,57.0,0.0,24.0,56.0,0.0,0.8
ofsetni papir 80 g,200 dot,328,100.0,0.0,100.0,88.0,23.0,54.0,-4.0,25.0,88.0,-3.0,1.81
ofsetni papir 80 g,200 dot,329,100.0,52.0,100.0,88.0,24.0,9.0,-1.0,25.0,29.0,-1.0,0.91
ofsetni papir 80 g,200 dot,330,100.0,100.0,100.0,88.0,24.0,12.0,-0.0,25.0,2.0,-0.0,0.85
ofsetni papir 80 g,200 dot,331,0.0,0.0,0.0,100.0,27.0,24.0,-0.0,27.0,10.0,-0.0,0.23
ofsetni papir 80 g,200 dot,332,0.0,52.0,0.0,100.0,25.0,5.0,0.0,25.0,6.0,0.0,0.18
ofsetni papir 80 g,200 dot,333,0.0,100.0,0.0,100.0,24.0,22.0,1.0,22.0,80.0,1.0,1.26
ofsetni papir 80 g,200 dot,334,52.0,0.0,0.0,100.0,22.0,55.0,-0.0,22.0,67.0,-0.0,0.33
ofsetni papir 80 g,200 dot,335,52.0,52.0,0.0,100.0,22.0,85.0,-0.0,22.0,70.0,0.0,0.14
ofsetni papir 80 g,200 dot,336,52.0,100.0,0.0,100.0,23.0,6.0,0.0,23.0,4.0,0.0,0.23
ofsetni papir 80 g,200 dot,337,100.0,0.0,0.0,100.0,15.0,76.0,-1.0,15.0,40.0,-1.0,0.44
ofsetni papir 80 g,200 dot,338,100.0,52.0,0.0,100.0,17.0,20.0,-0.0,18.0,15.0,-0.0,0.68
ofsetni papir 80 g,200 dot,339,100.0,100.0,0.0,100.0,20.0,77.0,0.0,20.0,88.0,0.0,0.27
ofsetni papir 80 g,200 dot,340,0.0,0.0,52.0,100.0,22.0,38.0,-0.0,23.0,86.0,-0.0,1.1
ofsetni papir 80 g,200 dot,341,0.0,52.0,52.0,100.0,23.0,28.0,0.0,23.0,73.0,0.0,0.4
ofsetni papir 80 g,200 dot,342,0.0,100.0,52.0,100.0,22.0,88.0,1.0,24.0,55.0,1.0,1.22
ofsetni papir 80 g,200 dot,343,52.0,0.0,52.0,100.0,24.0,45.0,-1.0,25.0,37.0,-1.0,0.72
ofsetni papir 80 g,200 dot,344,52.0,52.0,52.0,100.0,24.0,9.0,-0.0,24.0,61.0,-0.0,0.45
ofsetni papir 80 g,200 dot,345,52.0,100.0,52.0,100.0,24.0,36.0,0.0,24.0,79.0,0.0,2.69
ofsetni papir 80 g,200 dot,346,100.0,0.0,52.0,100.0,23.0,75.0,-1.0,25.0,2.0,-1.0,0.97
ofsetni papir 80 g,200 dot,347,100.0,52.0,52.0,100.0,24.0,48.0,-0.0,24.0,27.0,-1.0,0.56
ofsetni papir 80 g,200 dot,348,100.0,100.0,52.0,100.0,24.0,8.0,-0.0,23.0,58.0,-0.0,0.38
ofsetni papir 80 g,200 dot,349,0.0,0.0,100.0,100.0,24.0,0.0,-1.0,23.0,60.0,-1.0,0.3
ofsetni papir 80 g,200 dot,350,0.0,52.0,100.0,100.0,24.0,30.0,0.0,22.0,84.0,0.0,1.11
ofsetni papir 80 g,200 dot,351,0.0,100.0,100.0,100.0,18.0,38.0,1.0,18.0,63.0,1.0,0.29
ofsetni papir 80 g,200 dot,352,52.0,0.0,100.0,100.0,18.0,80.0,-2.0,19.0,25.0,-2.0,0.35
ofsetni papir 80 g,200 dot,353,52.0,52.0,100.0,100.0,23.0,66.0,-0.0,23.0,39.0,-0.0,0.28
ofsetni papir 80 g,200 dot,354,52.0,100.0,100.0,100.0,23.0,10.0,0.0,22.0,77.0,0.0,0.31
ofsetni papir 80 g,200 dot,355,100.0,0.0,100.0,100.0,21.0,31.0,-2.0,22.0,83.0,-1.0,1.13
ofsetni papir 80 g,200 dot,356,100.0,52.0,100.0,100.0,21.0,83.0,-1.0,22.0,58.0,-1.0,0.55
ofsetni papir 80 g,200 dot,357,100.0,100.0,100.0,100.0,25.0,5.0,-0.0,25.0,30.0,-0.0,0.29
ofsetni papir 80 g,200 dot,358,5.0,0.0,0.0,0.0,90.0,51.0,-0.0,92.0,1.0,-0.0,1.23
ofsetni papir 80 g,200 dot,359,28.0,0.0,0.0,0.0,85.0,53.0,-6.0,84.0,55.0,-7.0,1.11
ofsetni papir 80 g,200 dot,360,95.0,0.0,0.0,0.0,56.0,1.0,-30.0,55.0,71.0,-30.0,0.28
ofsetni papir 80 g,200 dot,361,0.0,4.0,0.0,0.0,92.0,69.0,1.0,92.0,47.0,1.0,0.15
ofsetni papir 80 g,200 dot,362,0.0,11.0,0.0,0.0,91.0,20.0,1.0,90.0,69.0,2.0,0.54
ofsetni papir 80 g,200 dot,363,0.0,93.0,0.0,0.0,53.0,7.0,51.0,52.0,3.0,52.0,1.23
ofsetni papir 80 g,200 dot,364,0.0,0.0,4.0,0.0,92.0,81.0,1.0,93.0,12.0,1.0,0.2
ofsetni papir 80 g,200 dot,365,0.0,0.0,11.0,0.0,92.0,58.0,0.0,92.0,23.0,0.0,0.8
ofsetni papir 80 g,200 dot,366,0.0,0.0,93.0,0.0,87.0,6.0,-4.0,86.0,78.0,-3.0,0.34
ofsetni papir 80 g,200 dot,367,0.0,0.0,0.0,4.0,87.0,65.0,0.0,87.0,20.0,0.0,0.3
ofsetni papir 80 g,200 dot,368,0.0,0.0,0.0,13.0,79.0,9.0,0.0,78.0,99.0,0.0,0.09
ofsetni papir 80 g,200 dot,369,0.0,0.0,0.0,95.0,28.0,36.0,-0.0,27.0,90.0,-0.0,0.37
ofsetni papir 80 g,200 dot,370,9.0,7.0,7.0,0.0,84.0,73.0,0.0,84.0,13.0,0.0,0.42
ofsetni papir 80 g,200 dot,371,19.0,15.0,15.0,0.0,75.0,57.0,0.0,74.0,36.0,-0.0,0.97
ofsetni papir 80 g,200 dot,372,29.0,23.0,23.0,0.0,66.0,57.0,-0.0,65.0,35.0,-0.0,1.05
ofsetni papir 80 g,200 dot,373,39.0,31.0,31.0,0.0,56.0,70.0,-0.0,56.0,10.0,-0.0,0.56
ofsetni papir 80 g,200 dot,374,49.0,39.0,39.0,4.0,45.0,15.0,-0.0,44.0,23.0,-0.0,0.87
ofsetni papir 80 g,200 dot,375,59.0,47.0,47.0,16.0,37.0,27.0,-0.0,36.0,31.0,-1.0,0.86
ofsetni papir 80 g,200 dot,376,69.0,55.0,55.0,31.0,32.0,37.0,-1.0,30.0,45.0,-1.0,1.54
ofsetni papir 80 g,200 dot,377,79.0,63.0,63.0,48.0,28.0,88.0,-1.0,27.0,87.0,-1.0,0.77
ofsetni papir 80 g,200 dot,378,89.0,71.0,71.0,72.0,25.0,1.0,-1.0,23.0,52.0,-1.0,1.08
ofsetni papir 80 g,200 dot,379,99.0,79.0,79.0,100.0,20.0,38.0,-0.0,20.0,61.0,-0.0,0.19
ofsetni papir 80 g,200 dot,380,9.0,7.0,7.0,0.0,85.0,49.0,0.0,84.0,79.0,0.0,0.46
ofsetni papir 80 g,200 dot,381,18.0,14.0,14.0,0.0,77.0,60.0,0.0,76.0,40.0,0.0,0.87
ofsetni papir 80 g,200 dot,382,27.0,21.0,21.0,0.0,68.0,27.0,0.0,67.0,65.0,-0.0,0.58
ofsetni papir 80 g,200 dot,383,36.0,29.0,29.0,0.0,58.0,86.0,-0.0,58.0,72.0,-0.0,0.31
ofsetni papir 80 g,200 dot,384,45.0,36.0,36.0,0.0,50.0,12.0,-0.0,50.0,15.0,-0.0,0.27
ofsetni papir 80 g,200 dot,385,54.0,43.0,43.0,0.0,43.0,38.0,-0.0,43.0,21.0,-0.0,0.33
ofsetni papir 80 g,200 dot,386,63.0,50.0,50.0,0.0,39.0,69.0,-1.0,37.0,30.0,-1.0,2.1
ofsetni papir 80 g,200 dot,387,72.0,58.0,58.0,0.0,35.0,81.0,-1.0,34.0,99.0,-1.0,1.3
ofsetni papir 80 g,200 dot,388,81.0,65.0,65.0,2.0,32.0,39.0,-2.0,32.0,29.0,-2.0,0.24
ofsetni papir 80 g,200 dot,389,90.0,72.0,72.0,49.0,26.0,52.0,-1.0,26.0,45.0,-2.0,0.71
ofsetni papir 80 g,200 dot,390,24.0,19.0,19.0,11.0,63.0,34.0,-0.0,62.0,44.0,-0.0,0.79
ofsetni papir 80 g,200 dot,391,49.0,39.0,39.0,30.0,37.0,62.0,-0.0,36.0,59.0,-0.0,0.87
ofsetni papir 80 g,200 dot,392,74.0,59.0,59.0,59.0,28.0,84.0,-1.0,26.0,26.0,-1.0,1.95
ofsetni papir 80 g,200 dot,393,28.0,0.0,0.0,0.0,85.0,83.0,-6.0,84.0,89.0,-6.0,0.99
ofsetni papir 80 g,200 dot,394,64.0,0.0,0.0,0.0,67.0,57.0,-22.0,66.0,0.0,-23.0,1.37
ofsetni papir 80 g,200 dot,395,0.0,21.0,0.0,0.0,89.0,38.0,4.0,87.0,65.0,6.0,2.2
ofsetni papir 80 g,200 dot,396,0.0,52.0,0.0,0.0,73.0,76.0,20.0,72.0,57.0,21.0,1.19
ofsetni papir 80 g,200 dot,397,0.0,0.0,21.0,0.0,92.0,54.0,-0.0,92.0,49.0,-0.0,0.87
ofsetni papir 80 g,200 dot,398,0.0,0.0,52.0,0.0,90.0,46.0,-2.0,90.0,13.0,-2.0,1.18
ofsetni papir 80 g,200 dot,399,0.0,0.0,0.0,25.0,69.0,68.0,0.0,69.0,36.0,0.0,0.28
ofsetni papir 80 g,200 dot,400,0.0,0.0,0.0,60.0,43.0,82.0,-0.0,39.0,23.0,-0.0,4.27
ofsetni papir 80 g,200 line,1,0.0,0.0,0.0,0.0,93.0,12.0,1.0,93.0,16.0,1.0,0.17
ofsetni papir 80 g,200 line,2,0.0,21.0,0.0,0.0,87.0,23.0,6.0,87.0,79.0,6.0,1.09
ofsetni papir 80 g,200 line,3,0.0,52.0,0.0,0.0,73.0,0.0,19.0,72.0,59.0,20.0,1.37
ofsetni papir 80 g,200 line,4,0.0,81.0,0.0,0.0,59.0,27.0,37.0,59.0,87.0,36.0,0.69
ofsetni papir 80 g,200 line,5,0.0,100.0,0.0,0.0,49.0,42.0,54.0,49.0,59.0,55.0,0.27
ofsetni papir 80 g,200 line,6,16.0,0.0,0.0,0.0,88.0,61.0,-2.0,88.0,40.0,-3.0,0.77
ofsetni papir 80 g,200 line,7,16.0,21.0,0.0,0.0,83.0,6.0,3.0,83.0,59.0,2.0,1.86
ofsetni papir 80 g,200 line,8,16.0,52.0,0.0,0.0,69.0,42.0,16.0,68.0,56.0,16.0,0.9
ofsetni papir 80 g,200 line,9,16.0,81.0,0.0,0.0,54.0,36.0,31.0,55.0,65.0,30.0,1.52
ofsetni papir 80 g,200 line,10,16.0,100.0,0.0,0.0,45.0,85.0,47.0,46.0,42.0,46.0,0.83
ofsetni papir 80 g,200 line,11,39.0,0.0,0.0,0.0,81.0,7.0,-9.0,79.0,59.0,-10.0,1.64
ofsetni papir 80 g,200 line,12,39.0,21.0,0.0,0.0,74.0,93.0,-3.0,74.0,5.0,-5.0,2.15
ofsetni papir 80 g,200 line,13,39.0,52.0,0.0,0.0,62.0,97.0,8.0,61.0,33.0,7.0,3.0
ofsetni papir 80 g,200 line,14,39.0,81.0,0.0,0.0,50.0,37.0,24.0,50.0,70.0,20.0,2.81
ofsetni papir 80 g,200 line,15,39.0,100.0,0.0,0.0,42.0,54.0,38.0,41.0,26.0,35.0,2.05
ofsetni papir 80 g,200 line,16,64.0,0.0,0.0,0.0,70.0,44.0,-18.0,70.0,4.0,-18.0,0.42
ofsetni papir 80 g,200 line,17,64.0,21.0,0.0,0.0,63.0,64.0,-14.0,63.0,94.0,-14.0,0.39
ofsetni papir 80 g,200 line,18,64.0,52.0,0.0,0.0,53.0,34.0,-2.0,52.0,70.0,-2.0,0.75
ofsetni papir 80 g,200 line,19,64.0,81.0,0.0,0.0,43.0,38.0,9.0,43.0,88.0,10.0,0.69
ofsetni papir 80 g,200 line,20,64.0,100.0,0.0,0.0,35.0,84.0,20.0,35.0,73.0,22.0,0.68
ofsetni papir 80 g,200 line,21,85.0,0.0,0.0,0.0,60.0,70.0,-27.0,60.0,1.0,-27.0,0.86
ofsetni papir 80 g,200 line,22,85.0,21.0,0.0,0.0,55.0,22.0,-22.0,55.0,50.0,-23.0,0.38
ofsetni papir 80 g,200 line,23,85.0,52.0,0.0,0.0,46.0,81.0,-11.0,45.0,3.0,-11.0,1.78
ofsetni papir 80 g,200 line,24,85.0,81.0,0.0,0.0,37.0,79.0,0.0,37.0,47.0,-1.0,1.68
ofsetni papir 80 g,200 line,25,85.0,100.0,0.0,0.0,32.0,38.0,8.0,31.0,14.0,8.0,1.04
ofsetni papir 80 g,200 line,26,100.0,0.0,0.0,0.0,54.0,84.0,-32.0,54.0,35.0,-31.0,1.02
ofsetni papir 80 g,200 line,27,100.0,21.0,0.0,0.0,48.0,92.0,-28.0,48.0,78.0,-28.0,0.16
ofsetni papir 80 g,200 line,28,100.0,52.0,0.0,0.0,42.0,26.0,-17.0,40.0,89.0,-17.0,1.27
ofsetni papir 80 g,200 line,29,100.0,81.0,0.0,0.0,33.0,85.0,-5.0,34.0,42.0,-6.0,1.18
ofsetni papir 80 g,200 line,30,100.0,100.0,0.0,0.0,29.0,68.0,2.0,29.0,3.0,1.0,0.96
ofsetni papir 80 g,200 line,31,0.0,0.0,21.0,0.0,91.0,62.0,-1.0,91.0,78.0,-1.0,0.88
ofsetni papir 80 g,200 line,32,0.0,21.0,21.0,0.0,83.0,18.0,5.0,84.0,17.0,4.0,1.92
ofsetni papir 80 g,200 line,33,0.0,52.0,21.0,0.0,71.0,24.0,20.0,70.0,92.0,21.0,0.73
ofsetni papir 80 g,200 line,34,0.0,81.0,21.0,0.0,58.0,21.0,39.0,58.0,70.0,38.0,1.54
ofsetni papir 80 g,200 line,35,0.0,100.0,21.0,0.0,48.0,8.0,55.0,48.0,50.0,55.0,0.64
ofsetni papir 80 g,200 line,36,16.0,0.0,21.0,0.0,85.0,83.0,-4.0,85.0,44.0,-4.0,0.8
ofsetni papir 80 g,200 line,37,16.0,21.0,21.0,0.0,73.0,65.0,1.0,73.0,53.0,1.0,0.56
ofsetni papir 80 g,200 line,38,16.0,52.0,21.0,0.0,62.0,59.0,14.0,62.0,31.0,15.0,0.4
ofsetni papir 80 g,200 line,39,16.0,81.0,21.0,0.0,51.0,41.0,31.0,52.0,59.0,29.0,1.67
ofsetni papir 80 g,200 line,40,16.0,100.0,21.0,0.0,43.0,32.0,45.0,44.0,14.0,45.0,0.79
ofsetni papir 80 g,200 line,41,39.0,0.0,21.0,0.0,78.0,0.0,-11.0,76.0,14.0,-13.0,2.04
ofsetni papir 80 g,200 line,42,39.0,21.0,21.0,0.0,66.0,53.0,-3.0,65.0,46.0,-3.0,1.01
ofsetni papir 80 g,200 line,43,39.0,52.0,21.0,0.0,55.0,99.0,8.0,55.0,11.0,8.0,1.41
ofsetni papir 80 g,200 line,44,39.0,81.0,21.0,0.0,45.0,18.0,21.0,45.0,76.0,21.0,0.82
ofsetni papir 80 g,200 line,45,39.0,100.0,21.0,0.0,38.0,87.0,34.0,37.0,45.0,34.0,1.22
ofsetni papir 80 g,200 line,46,64.0,0.0,21.0,0.0,66.0,18.0,-23.0,66.0,24.0,-23.0,0.44
ofsetni papir 80 g,200 line,47,64.0,21.0,21.0,0.0,57.0,5.0,-14.0,56.0,65.0,-14.0,1.02
ofsetni papir 80 g,200 line,48,64.0,52.0,21.0,0.0,46.0,83.0,-1.0,46.0,97.0,-2.0,0.68
ofsetni papir 80 g,200 line,49,64.0,81.0,21.0,0.0,38.0,90.0,11.0,38.0,90.0,9.0,2.5
ofsetni papir 80 g,200 line,50,64.0,100.0,21.0,0.0,33.0,42.0,19.0,32.0,85.0,18.0,0.93
ofsetni papir 80 g,200 line,51,85.0,0.0,21.0,0.0,58.0,6.0,-32.0,57.0,41.0,-32.0,0.85
ofsetni papir 80 g,200 line,52,85.0,21.0,21.0,0.0,49.0,96.0,-23.0,48.0,98.0,-23.0,1.11
ofsetni papir 80 g,200 line,53,85.0,52.0,21.0,0.0,40.0,11.0,-10.0,40.0,26.0,-10.0,0.59
ofsetni papir 80 g,200 line,54,85.0,81.0,21.0,0.0,32.0,90.0,1.0,33.0,26.0,0.0,1.28
ofsetni papir 80 g,200 line,55,85.0,100.0,21.0,0.0,29.0,0.0,7.0,29.0,75.0,6.0,1.31
ofsetni papir 80 g,200 line,56,100.0,0.0,21.0,0.0,52.0,22.0,-38.0,51.0,63.0,-38.0,0.58
ofsetni papir 80 g,200 line,57,100.0,21.0,21.0,0.0,46.0,29.0,-30.0,46.0,6.0,-31.0,0.4
ofsetni papir 80 g,200 line,58,100.0,52.0,21.0,0.0,37.0,17.0,-15.0,38.0,21.0,-16.0,1.15
ofsetni papir 80 g,200 line,59,100.0,81.0,21.0,0.0,29.0,95.0,-5.0,30.0,14.0,-6.0,1.24
ofsetni papir 80 g,200 line,60,100.0,100.0,21.0,0.0,27.0,18.0,0.0,27.0,89.0,-0.0,1.4
ofsetni papir 80 g,200 line,61,0.0,0.0,52.0,0.0,89.0,15.0,-2.0,89.0,22.0,-3.0,0.86
ofsetni papir 80 g,200 line,62,0.0,21.0,52.0,0.0,81.0,46.0,5.0,82.0,95.0,3.0,2.04
ofsetni papir 80 g,200 line,63,0.0,52.0,52.0,0.0,69.0,55.0,20.0,69.0,61.0,21.0,0.68
ofsetni papir 80 g,200 line,64,0.0,81.0,52.0,0.0,57.0,44.0,40.0,58.0,44.0,38.0,1.24
ofsetni papir 80 g,200 line,65,0.0,100.0,52.0,0.0,47.0,32.0,54.0,47.0,90.0,54.0,0.6
ofsetni papir 80 g,200 line,66,16.0,0.0,52.0,0.0,81.0,85.0,-5.0,81.0,94.0,-5.0,0.31
ofsetni papir 80 g,200 line,67,16.0,21.0,52.0,0.0,71.0,89.0,1.0,71.0,99.0,0.0,1.02
ofsetni papir 80 g,200 line,68,16.0,52.0,52.0,0.0,60.0,60.0,14.0,60.0,33.0,14.0,0.78
ofsetni papir 80 g,200 line,69,16.0,81.0,52.0,0.0,50.0,40.0,30.0,51.0,18.0,29.0,1.64
ofsetni papir 80 g,200 line,70,16.0,100.0,52.0,0.0,42.0,99.0,44.0,42.0,17.0,46.0,0.98
ofsetni papir 80 g,200 line,71,39.0,0.0,52.0,0.0,75.0,19.0,-13.0,73.0,43.0,-15.0,1.82
ofsetni papir 80 g,200 line,72,39.0,21.0,52.0,0.0,61.0,62.0,-4.0,62.0,37.0,-5.0,1.52
ofsetni papir 80 g,200 line,73,39.0,52.0,52.0,0.0,50.0,74.0,6.0,51.0,17.0,7.0,1.26
ofsetni papir 80 g,200 line,74,39.0,81.0,52.0,0.0,41.0,79.0,19.0,43.0,80.0,19.0,2.13
ofsetni papir 80 g,200 line,75,39.0,100.0,52.0,0.0,37.0,6.0,30.0,38.0,38.0,31.0,1.28
ofsetni papir 80 g,200 line,76,64.0,0.0,52.0,0.0,63.0,94.0,-26.0,64.0,49.0,-26.0,0.77
ofsetni papir 80 g,200 line,77,64.0,21.0,52.0,0.0,54.0,43.0,-15.0,53.0,68.0,-16.0,0.99
ofsetni papir 80 g,200 line,78,64.0,52.0,52.0,0.0,37.0,43.0,-1.0,40.0,53.0,-1.0,2.88
ofsetni papir 80 g,200 line,79,64.0,81.0,52.0,0.0,31.0,91.0,8.0,34.0,90.0,8.0,2.47
ofsetni papir 80 g,200 line,80,64.0,100.0,52.0,0.0,28.0,59.0,14.0,32.0,23.0,14.0,2.85
ofsetni papir 80 g,200 line,81,85.0,0.0,52.0,0.0,54.0,88.0,-38.0,54.0,58.0,-38.0,0.99
ofsetni papir 80 g,200 line,82,85.0,21.0,52.0,0.0,46.0,64.0,-28.0,46.0,67.0,-27.0,0.29
ofsetni papir 80 g,200 line,83,85.0,52.0,52.0,0.0,33.0,47.0,-9.0,35.0,72.0,-10.0,2.06
ofsetni papir 80 g,200 line,84,85.0,81.0,52.0,0.0,28.0,13.0,0.0,29.0,49.0,0.0,1.63
ofsetni papir 80 g,200 line,85,85.0,100.0,52.0,0.0,25.0,39.0,4.0,26.0,49.0,4.0,1.64
ofsetni papir 80 g,200 line,86,100.0,0.0,52.0,0.0,50.0,33.0,-43.0,49.0,53.0,-43.0,0.85
ofsetni papir 80 g,200 line,87,100.0,21.0,52.0,0.0,43.0,70.0,-35.0,42.0,70.0,-35.0,0.92
ofsetni papir 80 g,200 line,88,100.0,52.0,52.0,0.0,31.0,94.0,-16.0,33.0,28.0,-18.0,1.67
ofsetni papir 80 g,200 line,89,100.0,81.0,52.0,0.0,25.0,12.0,-4.0,26.0,0.0,-4.0,1.4
ofsetni papir 80 g,200 line,90,100.0,100.0,52.0,0.0,23.0,31.0,-0.0,24.0,77.0,-0.0,1.58
ofsetni papir 80 g,200 line,91,0.0,0.0,81.0,0.0,86.0,76.0,-3.0,87.0,26.0,-3.0,1.67
ofsetni papir 80 g,200 line,92,0.0,21.0,81.0,0.0,78.0,75.0,5.0,80.0,0.0,4.0,1.81
ofsetni papir 80 g,200 line,93,0.0,52.0,81.0,0.0,65.0,92.0,22.0,67.0,23.0,21.0,2.41
ofsetni papir 80 g,200 line,94,0.0,81.0,81.0,0.0,54.0,53.0,41.0,55.0,80.0,40.0,1.64
ofsetni papir 80 g,200 line,95,0.0,100.0,81.0,0.0,45.0,72.0,55.0,46.0,14.0,56.0,1.84
ofsetni papir 80 g,200 line,96,16.0,0.0,81.0,0.0,79.0,23.0,-6.0,79.0,87.0,-6.0,1.57
ofsetni papir 80 g,200 line,97,16.0,21.0,81.0,0.0,70.0,55.0,0.0,70.0,68.0,0.0,0.96
ofsetni papir 80 g,200 line,98,16.0,52.0,81.0,0.0,59.0,21.0,15.0,58.0,61.0,16.0,2.06
ofsetni papir 80 g,200 line,99,16.0,81.0,81.0,0.0,48.0,51.0,32.0,49.0,41.0,31.0,1.39
ofsetni papir 80 g,200 line,100,16.0,100.0,81.0,0.0,41.0,14.0,46.0,41.0,72.0,47.0,1.67
ofsetni papir 80 g,200 line,101,39.0,0.0,81.0,0.0,72.0,63.0,-14.0,71.0,27.0,-17.0,3.64
ofsetni papir 80 g,200 line,102,39.0,21.0,81.0,0.0,59.0,2.0,-6.0,60.0,38.0,-6.0,1.88
ofsetni papir 80 g,200 line,103,39.0,52.0,81.0,0.0,49.0,30.0,6.0,50.0,70.0,7.0,2.15
ofsetni papir 80 g,200 line,104,39.0,81.0,81.0,0.0,39.0,67.0,20.0,41.0,47.0,20.0,1.6
ofsetni papir 80 g,200 line,105,39.0,100.0,81.0,0.0,34.0,88.0,30.0,36.0,63.0,31.0,1.81
ofsetni papir 80 g,200 line,106,64.0,0.0,81.0,0.0,59.0,97.0,-31.0,61.0,46.0,-28.0,2.73
ofsetni papir 80 g,200 line,107,64.0,21.0,81.0,0.0,52.0,4.0,-18.0,52.0,14.0,-18.0,2.52
ofsetni papir 80 g,200 line,108,64.0,52.0,81.0,0.0,37.0,48.0,-2.0,40.0,9.0,-2.0,2.48
ofsetni papir 80 g,200 line,109,64.0,81.0,81.0,0.0,29.0,86.0,7.0,32.0,43.0,7.0,2.34
ofsetni papir 80 g,200 line,110,64.0,100.0,81.0,0.0,27.0,35.0,13.0,29.0,74.0,13.0,1.95
ofsetni papir 80 g,200 line,111,85.0,0.0,81.0,0.0,52.0,28.0,-42.0,52.0,16.0,-41.0,3.34
ofsetni papir 80 g,200 line,112,85.0,21.0,81.0,0.0,45.0,79.0,-31.0,45.0,9.0,-30.0,1.76
ofsetni papir 80 g,200 line,113,85.0,52.0,81.0,0.0,32.0,1.0,-11.0,35.0,98.0,-12.0,3.23
ofsetni papir 80 g,200 line,114,85.0,81.0,81.0,0.0,27.0,11.0,0.0,28.0,95.0,-0.0,1.6
ofsetni papir 80 g,200 line,115,85.0,100.0,81.0,0.0,24.0,69.0,4.0,25.0,77.0,4.0,0.8
ofsetni papir 80 g,200 line,116,100.0,0.0,81.0,0.0,47.0,1.0,-49.0,47.0,42.0,-48.0,3.11
ofsetni papir 80 g,200 line,117,100.0,21.0,81.0,0.0,41.0,46.0,-38.0,41.0,94.0,-39.0,1.79
ofsetni papir 80 g,200 line,118,100.0,52.0,81.0,0.0,30.0,31.0,-18.0,32.0,54.0,-20.0,2.03
ofsetni papir 80 g,200 line,119,100.0,81.0,81.0,0.0,23.0,61.0,-4.0,25.0,69.0,-4.0,1.75
ofsetni papir 80 g,200 line,120,100.0,100.0,81.0,0.0,21.0,94.0,-0.0,23.0,56.0,-0.0,1.68
ofsetni papir 80 g,200 line,121,0.0,0.0,100.0,0.0,85.0,71.0,-3.0,86.0,18.0,-3.0,0.66
ofsetni papir 80 g,200 line,122,0.0,21.0,100.0,0.0,78.0,10.0,6.0,78.0,62.0,6.0,0.5
ofsetni papir 80 g,200 line,123,0.0,52.0,100.0,0.0,63.0,90.0,24.0,64.0,80.0,23.0,0.92
ofsetni papir 80 g,200 line,124,0.0,81.0,100.0,0.0,51.0,98.0,44.0,53.0,19.0,43.0,1.26
ofsetni papir 80 g,200 line,125,0.0,100.0,100.0,0.0,44.0,75.0,55.0,45.0,43.0,55.0,1.22
ofsetni papir 80 g,200 line,126,16.0,0.0,100.0,0.0,78.0,62.0,-6.0,78.0,58.0,-7.0,0.88
ofsetni papir 80 g,200 line,127,16.0,21.0,100.0,0.0,68.0,82.0,0.0,69.0,39.0,0.0,0.82
ofsetni papir 80 g,200 line,128,16.0,52.0,100.0,0.0,57.0,58.0,15.0,58.0,22.0,16.0,1.29
ofsetni papir 80 g,200 line,129,16.0,81.0,100.0,0.0,46.0,89.0,33.0,49.0,27.0,31.0,2.44
ofsetni papir 80 g,200 line,130,16.0,100.0,100.0,0.0,40.0,60.0,45.0,41.0,50.0,46.0,1.43
ofsetni papir 80 g,200 line,131,39.0,0.0,100.0,0.0,70.0,50.0,-16.0,69.0,85.0,-18.0,2.19
ofsetni papir 80 g,200 line,132,39.0,21.0,100.0,0.0,57.0,60.0,-6.0,59.0,34.0,-7.0,1.71
ofsetni papir 80 g,200 line,133,39.0,52.0,100.0,0.0,47.0,21.0,5.0,48.0,60.0,7.0,1.89
ofsetni papir 80 g,200 line,134,39.0,81.0,100.0,0.0,38.0,32.0,20.0,41.0,35.0,19.0,2.82
ofsetni papir 80 g,200 line,135,39.0,100.0,100.0,0.0,35.0,28.0,30.0,35.0,72.0,31.0,1.86
ofsetni papir 80 g,200 line,136,64.0,0.0,100.0,0.0,58.0,63.0,-32.0,59.0,10.0,-30.0,1.15
ofsetni papir 80 g,200 line,137,64.0,21.0,100.0,0.0,50.0,2.0,-19.0,50.0,32.0,-19.0,2.32
ofsetni papir 80 g,200 line,138,64.0,52.0,100.0,0.0,37.0,11.0,-2.0,38.0,76.0,-3.0,1.61
ofsetni papir 80 g,200 line,139,64.0,81.0,100.0,0.0,30.0,90.0,6.0,33.0,7.0,7.0,1.93
ofsetni papir 80 g,200 line,140,64.0,100.0,100.0,0.0,27.0,16.0,12.0,30.0,39.0,13.0,2.63
ofsetni papir 80 g,200 line,141,85.0,0.0,100.0,0.0,51.0,1.0,-43.0,50.0,62.0,-45.0,1.99
ofsetni papir 80 g,200 line,142,85.0,21.0,100.0,0.0,43.0,67.0,-32.0,44.0,35.0,-31.0,2.33
ofsetni papir 80 g,200 line,143,85.0,52.0,100.0,0.0,32.0,50.0,-12.0,35.0,81.0,-12.0,2.84
ofsetni papir 80 g,200 line,144,85.0,81.0,100.0,0.0,26.0,63.0,-0.0,28.0,99.0,-0.0,1.95
ofsetni papir 80 g,200 line,145,85.0,100.0,100.0,0.0,24.0,35.0,3.0,25.0,8.0,3.0,0.72
ofsetni papir 80 g,200 line,146,100.0,0.0,100.0,0.0,45.0,83.0,-51.0,45.0,89.0,-53.0,1.28
ofsetni papir 80 g,200 line,147,100.0,21.0,100.0,0.0,40.0,88.0,-40.0,40.0,53.0,-41.0,1.49
ofsetni papir 80 g,200 line,148,100.0,52.0,100.0,0.0,30.0,39.0,-19.0,32.0,27.0,-21.0,2.02
ofsetni papir 80 g,200 line,149,100.0,81.0,100.0,0.0,23.0,45.0,-4.0,24.0,89.0,-5.0,1.45
ofsetni papir 80 g,200 line,150,100.0,100.0,100.0,0.0,22.0,75.0,-0.0,23.0,23.0,-0.0,0.53
ofsetni papir 80 g,200 line,151,0.0,0.0,0.0,25.0,71.0,69.0,0.0,71.0,18.0,0.0,0.42
ofsetni papir 80 g,200 line,152,0.0,31.0,0.0,25.0,65.0,37.0,8.0,64.0,61.0,8.0,0.67
ofsetni papir 80 g,200 line,153,0.0,72.0,0.0,25.0,49.0,93.0,25.0,50.0,4.0,23.0,1.11
ofsetni papir 80 g,200 line,154,0.0,100.0,0.0,25.0,39.0,61.0,41.0,38.0,58.0,42.0,0.98
ofsetni papir 80 g,200 line,155,21.0,0.0,0.0,25.0,70.0,0.0,-4.0,70.0,3.0,-5.0,1.01
ofsetni papir 80 g,200 line,156,21.0,31.0,0.0,25.0,61.0,31.0,4.0,60.0,29.0,4.0,1.47
ofsetni papir 80 g,200 line,157,21.0,72.0,0.0,25.0,45.0,54.0,20.0,46.0,96.0,18.0,1.94
ofsetni papir 80 g,200 line,158,21.0,100.0,0.0,25.0,36.0,66.0,35.0,36.0,71.0,34.0,0.34
ofsetni papir 80 g,200 line,159,52.0,0.0,0.0,25.0,59.0,68.0,-13.0,60.0,56.0,-12.0,0.92
ofsetni papir 80 g,200 line,160,52.0,31.0,0.0,25.0,52.0,43.0,-4.0,52.0,9.0,-5.0,0.6
ofsetni papir 80 g,200 line,161,52.0,72.0,0.0,25.0,39.0,46.0,10.0,40.0,65.0,7.0,3.61
ofsetni papir 80 g,200 line,162,52.0,100.0,0.0,25.0,32.0,37.0,21.0,31.0,12.0,21.0,1.22
ofsetni papir 80 g,200 line,163,81.0,0.0,0.0,25.0,50.0,16.0,-22.0,50.0,36.0,-22.0,0.38
ofsetni papir 80 g,200 line,164,81.0,31.0,0.0,25.0,43.0,72.0,-14.0,43.0,36.0,-14.0,0.37
ofsetni papir 80 g,200 line,165,81.0,72.0,0.0,25.0,33.0,25.0,-0.0,34.0,23.0,-1.0,1.58
ofsetni papir 80 g,200 line,166,81.0,100.0,0.0,25.0,27.0,11.0,7.0,26.0,95.0,8.0,0.77
ofsetni papir 80 g,200 line,167,100.0,0.0,0.0,25.0,44.0,22.0,-29.0,43.0,63.0,-29.0,0.59
ofsetni papir 80 g,200 line,168,100.0,31.0,0.0,25.0,39.0,44.0,-20.0,38.0,77.0,-19.0,0.62
ofsetni papir 80 g,200 line,169,100.0,72.0,0.0,25.0,29.0,17.0,-6.0,31.0,19.0,-8.0,1.96
ofsetni papir 80 g,200 line,170,100.0,100.0,0.0,25.0,25.0,68.0,1.0,25.0,32.0,1.0,0.56
ofsetni papir 80 g,200 line,171,0.0,0.0,31.0,25.0,71.0,90.0,-1.0,71.0,45.0,-2.0,1.91
ofsetni papir 80 g,200 line,172,0.0,31.0,31.0,25.0,62.0,46.0,7.0,62.0,69.0,6.0,1.91
ofsetni papir 80 g,200 line,173,0.0,72.0,31.0,25.0,48.0,68.0,24.0,49.0,22.0,23.0,1.53
ofsetni papir 80 g,200 line,174,0.0,100.0,31.0,25.0,38.0,94.0,40.0,39.0,72.0,40.0,0.78
ofsetni papir 80 g,200 line,175,21.0,0.0,31.0,25.0,65.0,93.0,-5.0,65.0,96.0,-6.0,1.23
ofsetni papir 80 g,200 line,176,21.0,31.0,31.0,25.0,53.0,37.0,2.0,54.0,88.0,1.0,1.79
ofsetni papir 80 g,200 line,177,21.0,72.0,31.0,25.0,42.0,59.0,18.0,44.0,42.0,16.0,2.08
ofsetni papir 80 g,200 line,178,21.0,100.0,31.0,25.0,35.0,53.0,30.0,35.0,49.0,31.0,0.7
ofsetni papir 80 g,200 line,179,52.0,0.0,31.0,25.0,57.0,31.0,-14.0,56.0,59.0,-15.0,1.14
ofsetni papir 80 g,200 line,180,52.0,31.0,31.0,25.0,44.0,18.0,-4.0,46.0,37.0,-4.0,2.37
ofsetni papir 80 g,200 line,181,52.0,72.0,31.0,25.0,34.0,57.0,8.0,36.0,33.0,8.0,1.55
ofsetni papir 80 g,200 line,182,52.0,100.0,31.0,25.0,29.0,32.0,18.0,29.0,92.0,19.0,0.81
ofsetni papir 80 g,200 line,183,81.0,0.0,31.0,25.0,47.0,70.0,-25.0,46.0,92.0,-26.0,1.21
ofsetni papir 80 g,200 line,184,81.0,31.0,31.0,25.0,37.0,33.0,-12.0,39.0,22.0,-14.0,1.92
ofsetni papir 80 g,200 line,185,81.0,72.0,31.0,25.0,27.0,39.0,-0.0,29.0,87.0,-0.0,2.25
ofsetni papir 80 g,200 line,186,81.0,100.0,31.0,25.0,23.0,57.0,5.0,25.0,45.0,5.0,1.86
ofsetni papir 80 g,200 line,187,100.0,0.0,31.0,25.0,41.0,88.0,-33.0,42.0,36.0,-33.0,0.76
ofsetni papir 80 g,200 line,188,100.0,31.0,31.0,25.0,33.0,64.0,-18.0,35.0,59.0,-20.0,1.8
ofsetni papir 80 g,200 line,189,100.0,72.0,31.0,25.0,25.0,2.0,-4.0,26.0,33.0,-5.0,1.55
ofsetni papir 80 g,200 line,190,100.0,100.0,31.0,25.0,21.0,57.0,-0.0,23.0,73.0,-0.0,2.24
ofsetni papir 80 g,200 line,191,0.0,0.0,72.0,25.0,68.0,27.0,-3.0,68.0,92.0,-3.0,1.13
ofsetni papir 80 g,200 line,192,0.0,31.0,72.0,25.0,59.0,74.0,6.0,59.0,40.0,7.0,1.77
ofsetni papir 80 g,200 line,193,0.0,72.0,72.0,25.0,46.0,36.0,24.0,47.0,7.0,23.0,0.9
ofsetni papir 80 g,200 line,194,0.0,100.0,72.0,25.0,36.0,85.0,39.0,36.0,87.0,39.0,1.52
ofsetni papir 80 g,200 line,195,21.0,0.0,72.0,25.0,62.0,33.0,-6.0,60.0,82.0,-6.0,1.54
ofsetni papir 80 g,200 line,196,21.0,31.0,72.0,25.0,51.0,93.0,1.0,52.0,51.0,1.0,0.64
ofsetni papir 80 g,200 line,197,21.0,72.0,72.0,25.0,40.0,34.0,18.0,42.0,51.0,17.0,2.02
ofsetni papir 80 g,200 line,198,21.0,100.0,72.0,25.0,33.0,97.0,28.0,34.0,50.0,30.0,1.14
ofsetni papir 80 g,200 line,199,52.0,0.0,72.0,25.0,53.0,55.0,-16.0,52.0,60.0,-17.0,2.37
ofsetni papir 80 g,200 line,200,52.0,31.0,72.0,25.0,38.0,32.0,-5.0,42.0,92.0,-6.0,4.24
ofsetni papir 80 g,200 line,201,52.0,72.0,72.0,25.0,29.0,66.0,6.0,32.0,54.0,6.0,2.36
ofsetni papir 80 g,200 line,202,52.0,100.0,72.0,25.0,26.0,95.0,13.0,28.0,48.0,15.0,1.96
ofsetni papir 80 g,200 line,203,81.0,0.0,72.0,25.0,44.0,11.0,-29.0,44.0,39.0,-28.0,2.11
ofsetni papir 80 g,200 line,204,81.0,31.0,72.0,25.0,35.0,52.0,-15.0,37.0,63.0,-15.0,1.82
ofsetni papir 80 g,200 line,205,81.0,72.0,72.0,25.0,26.0,5.0,-0.0,27.0,26.0,-0.0,1.0
ofsetni papir 80 g,200 line,206,81.0,100.0,72.0,25.0,23.0,58.0,3.0,24.0,16.0,3.0,0.5
ofsetni papir 80 g,200 line,207,100.0,0.0,72.0,25.0,39.0,26.0,-37.0,38.0,78.0,-38.0,0.83
ofsetni papir 80 g,200 line,208,100.0,31.0,72.0,25.0,31.0,74.0,-22.0,32.0,1.0,-23.0,0.52
ofsetni papir 80 g,200 line,209,100.0,72.0,72.0,25.0,22.0,36.0,-4.0,23.0,29.0,-5.0,1.26
ofsetni papir 80 g,200 line,210,100.0,100.0,72.0,25.0,22.0,23.0,-0.0,20.0,73.0,-0.0,1.25
ofsetni papir 80 g,200 line,211,0.0,0.0,100.0,25.0,66.0,66.0,-3.0,67.0,47.0,-3.0,0.7
ofsetni papir 80 g,200 line,212,0.0,31.0,100.0,25.0,57.0,69.0,6.0,56.0,96.0,7.0,0.93
ofsetni papir 80 g,200 line,213,0.0,72.0,100.0,25.0,45.0,9.0,25.0,45.0,77.0,24.0,1.14
ofsetni papir 80 g,200 line,214,0.0,100.0,100.0,25.0,37.0,62.0,39.0,38.0,41.0,39.0,1.33
ofsetni papir 80 g,200 line,215,21.0,0.0,100.0,25.0,59.0,98.0,-7.0,60.0,32.0,-7.0,0.78
ofsetni papir 80 g,200 line,216,21.0,31.0,100.0,25.0,49.0,40.0,1.0,52.0,15.0,0.0,2.78
ofsetni papir 80 g,200 line,217,21.0,72.0,100.0,25.0,38.0,25.0,18.0,41.0,6.0,17.0,2.54
ofsetni papir 80 g,200 line,218,21.0,100.0,100.0,25.0,32.0,66.0,29.0,33.0,10.0,30.0,1.19
ofsetni papir 80 g,200 line,219,52.0,0.0,100.0,25.0,51.0,34.0,-17.0,50.0,43.0,-19.0,1.77
ofsetni papir 80 g,200 line,220,52.0,31.0,100.0,25.0,39.0,23.0,-6.0,41.0,85.0,-7.0,2.48
ofsetni papir 80 g,200 line,221,52.0,72.0,100.0,25.0,29.0,41.0,5.0,31.0,97.0,6.0,2.09
ofsetni papir 80 g,200 line,222,52.0,100.0,100.0,25.0,25.0,4.0,13.0,26.0,77.0,14.0,1.56
ofsetni papir 80 g,200 line,223,81.0,0.0,100.0,25.0,41.0,34.0,-32.0,41.0,59.0,-32.0,1.46
ofsetni papir 80 g,200 line,224,81.0,31.0,100.0,25.0,33.0,57.0,-17.0,35.0,11.0,-18.0,1.67
ofsetni papir 80 g,200 line,225,81.0,72.0,100.0,25.0,26.0,46.0,-1.0,26.0,48.0,-2.0,1.45
ofsetni papir 80 g,200 line,226,81.0,100.0,100.0,25.0,24.0,46.0,2.0,25.0,58.0,2.0,0.87
ofsetni papir 80 g,200 line,227,100.0,0.0,100.0,25.0,39.0,26.0,-38.0,38.0,81.0,-39.0,1.34
ofsetni papir 80 g,200 line,228,100.0,31.0,100.0,25.0,31.0,45.0,-23.0,32.0,49.0,-25.0,1.55
ofsetni papir 80 g,200 line,229,100.0,72.0,100.0,25.0,24.0,71.0,-4.0,26.0,15.0,-5.0,1.57
ofsetni papir 80 g,200 line,230,100.0,100.0,100.0,25.0,24.0,49.0,-0.0,24.0,61.0,-0.0,0.41
ofsetni papir 80 g,200 line,231,0.0,0.0,0.0,60.0,40.0,14.0,-0.0,42.0,93.0,-0.0,2.55
ofsetni papir 80 g,200 line,232,0.0,31.0,0.0,60.0,38.0,21.0,3.0,40.0,90.0,3.0,2.47
ofsetni papir 80 g,200 line,233,0.0,72.0,0.0,60.0,31.0,44.0,12.0,33.0,58.0,12.0,1.7
ofsetni papir 80 g,200 line,234,0.0,100.0,0.0,60.0,26.0,51.0,18.0,26.0,42.0,20.0,1.53
ofsetni papir 80 g,200 line,235,31.0,0.0,0.0,60.0,41.0,32.0,-4.0,41.0,93.0,-5.0,1.99
ofsetni papir 80 g,200 line,236,31.0,31.0,0.0,60.0,35.0,81.0,0.0,37.0,10.0,-0.0,1.82
ofsetni papir 80 g,200 line,237,31.0,72.0,0.0,60.0,28.0,83.0,8.0,30.0,12.0,7.0,1.1
ofsetni papir 80 g,200 line,238,31.0,100.0,0.0,60.0,22.0,86.0,14.0,23.0,22.0,15.0,1.17
ofsetni papir 80 g,200 line,239,72.0,0.0,0.0,60.0,33.0,70.0,-10.0,35.0,90.0,-11.0,2.22
ofsetni papir 80 g,200 line,240,72.0,31.0,0.0,60.0,29.0,83.0,-5.0,31.0,90.0,-6.0,2.1
ofsetni papir 80 g,200 line,241,72.0,72.0,0.0,60.0,25.0,12.0,0.0,26.0,57.0,-0.0,2.06
ofsetni papir 80 g,200 line,242,72.0,100.0,0.0,60.0,21.0,97.0,4.0,23.0,56.0,4.0,1.32
ofsetni papir 80 g,200 line,243,100.0,0.0,0.0,60.0,29.0,48.0,-13.0,31.0,24.0,-15.0,1.77
ofsetni papir 80 g,200 line,244,100.0,31.0,0.0,60.0,27.0,15.0,-7.0,27.0,92.0,-9.0,1.88
ofsetni papir 80 g,200 line,245,100.0,72.0,0.0,60.0,21.0,96.0,-1.0,23.0,29.0,-3.0,1.89
ofsetni papir 80 g,200 line,246,100.0,100.0,0.0,60.0,22.0,12.0,0.0,21.0,98.0,0.0,1.57
ofsetni papir 80 g,200 line,247,0.0,0.0,31.0,60.0,42.0,26.0,-1.0,45.0,32.0,-1.0,3.08
ofsetni papir 80 g,200 line,248,0.0,31.0,31.0,60.0,37.0,33.0,3.0,38.0,99.0,3.0,1.54
ofsetni papir 80 g,200 line,249,0.0,72.0,31.0,60.0,31.0,14.0,11.0,32.0,93.0,11.0,1.82
ofsetni papir 80 g,200 line,250,0.0,100.0,31.0,60.0,27.0,53.0,15.0,27.0,37.0,17.0,1.38
ofsetni papir 80 g,200 line,251,31.0,0.0,31.0,60.0,39.0,5.0,-4.0,39.0,83.0,-5.0,1.59
ofsetni papir 80 g,200 line,252,31.0,31.0,31.0,60.0,33.0,39.0,-0.0,35.0,85.0,-0.0,2.03
ofsetni papir 80 g,200 line,253,31.0,72.0,31.0,60.0,27.0,83.0,6.0,29.0,11.0,7.0,1.06
ofsetni papir 80 g,200 line,254,31.0,100.0,31.0,60.0,23.0,67.0,10.0,25.0,65.0,11.0,1.83
ofsetni papir 80 g,200 line,255,72.0,0.0,31.0,60.0,32.0,90.0,-10.0,34.0,30.0,-11.0,1.81
ofsetni papir 80 g,200 line,256,72.0,31.0,31.0,60.0,29.0,21.0,-4.0,30.0,13.0,-5.0,1.22
ofsetni papir 80 g,200 line,257,72.0,72.0,31.0,60.0,25.0,32.0,0.0,26.0,65.0,0.0,1.34
ofsetni papir 80 g,200 line,258,72.0,100.0,31.0,60.0,23.0,13.0,2.0,23.0,72.0,2.0,0.59
ofsetni papir 80 g,200 line,259,100.0,0.0,31.0,60.0,29.0,10.0,-13.0,31.0,13.0,-15.0,2.36
ofsetni papir 80 g,200 line,260,100.0,31.0,31.0,60.0,25.0,53.0,-7.0,27.0,48.0,-8.0,2.02
ofsetni papir 80 g,200 line,261,100.0,72.0,31.0,60.0,23.0,62.0,-1.0,22.0,95.0,-2.0,1.54
ofsetni papir 80 g,200 line,262,100.0,100.0,31.0,60.0,22.0,3.0,0.0,21.0,69.0,0.0,1.27
ofsetni papir 80 g,200 line,263,0.0,0.0,72.0,60.0,42.0,12.0,-2.0,44.0,50.0,-2.0,2.44
ofsetni papir 80 g,200 line,264,0.0,31.0,72.0,60.0,36.0,76.0,2.0,37.0,87.0,2.0,1.3
ofsetni papir 80 g,200 line,265,0.0,72.0,72.0,60.0,30.0,78.0,10.0,32.0,0.0,11.0,1.39
ofsetni papir 80 g,200 line,266,0.0,100.0,72.0,60.0,27.0,62.0,15.0,28.0,16.0,17.0,1.42
ofsetni papir 80 g,200 line,267,31.0,0.0,72.0,60.0,36.0,82.0,-5.0,38.0,81.0,-6.0,2.01
ofsetni papir 80 g,200 line,268,31.0,31.0,72.0,60.0,31.0,57.0,-1.0,34.0,47.0,-1.0,2.47
ofsetni papir 80 g,200 line,269,31.0,72.0,72.0,60.0,27.0,52.0,5.0,29.0,42.0,5.0,1.57
ofsetni papir 80 g,200 line,270,31.0,100.0,72.0,60.0,25.0,74.0,8.0,26.0,51.0,10.0,1.5
ofsetni papir 80 g,200 line,271,72.0,0.0,72.0,60.0,30.0,17.0,-11.0,32.0,26.0,-12.0,2.14
ofsetni papir 80 g,200 line,272,72.0,31.0,72.0,60.0,28.0,43.0,-5.0,29.0,24.0,-5.0,1.28
ofsetni papir 80 g,200 line,273,72.0,72.0,72.0,60.0,26.0,69.0,0.0,26.0,43.0,-0.0,0.32
ofsetni papir 80 g,200 line,274,72.0,100.0,72.0,60.0,24.0,7.0,2.0,24.0,24.0,2.0,0.23
ofsetni papir 80 g,200 line,275,100.0,0.0,72.0,60.0,28.0,68.0,-13.0,29.0,51.0,-16.0,2.24
ofsetni papir 80 g,200 line,276,100.0,31.0,72.0,60.0,25.0,95.0,-7.0,27.0,11.0,-8.0,1.72
ofsetni papir 80 g,200 line,277,100.0,72.0,72.0,60.0,24.0,85.0,-1.0,24.0,13.0,-2.0,0.93
ofsetni papir 80 g,200 line,278,100.0,100.0,72.0,60.0,23.0,92.0,-0.0,22.0,57.0,-0.0,1.07
ofsetni papir 80 g,200 line,279,0.0,0.0,100.0,60.0,39.0,46.0,-3.0,41.0,19.0,-3.0,2.1
ofsetni papir 80 g,200 line,280,0.0,31.0,100.0,60.0,34.0,53.0,0.0,36.0,44.0,1.0,2.14
ofsetni papir 80 g,200 line,281,0.0,72.0,100.0,60.0,28.0,40.0,11.0,30.0,89.0,12.0,2.25
ofsetni papir 80 g,200 line,282,0.0,100.0,100.0,60.0,24.0,22.0,15.0,26.0,97.0,17.0,2.54
ofsetni papir 80 g,200 line,283,31.0,0.0,100.0,60.0,34.0,81.0,-6.0,37.0,75.0,-7.0,2.82
ofsetni papir 80 g,200 line,284,31.0,31.0,100.0,60.0,31.0,23.0,-1.0,33.0,76.0,-2.0,2.58
ofsetni papir 80 g,200 line,285,31.0,72.0,100.0,60.0,26.0,43.0,4.0,28.0,94.0,5.0,2.04
ofsetni papir 80 g,200 line,286,31.0,100.0,100.0,60.0,25.0,72.0,7.0,26.0,63.0,9.0,1.75
ofsetni papir 80 g,200 line,287,72.0,0.0,100.0,60.0,30.0,24.0,-11.0,31.0,25.0,-13.0,1.57
ofsetni papir 80 g,200 line,288,72.0,31.0,100.0,60.0,27.0,87.0,-5.0,28.0,69.0,-6.0,1.17
ofsetni papir 80 g,200 line,289,72.0,72.0,100.0,60.0,26.0,27.0,-0.0,25.0,1.0,-0.0,1.06
ofsetni papir 80 g,200 line,290,72.0,100.0,100.0,60.0,24.0,81.0,1.0,24.0,52.0,1.0,0.22
ofsetni papir 80 g,200 line,291,100.0,0.0,100.0,60.0,29.0,26.0,-13.0,29.0,41.0,-15.0,1.84
ofsetni papir 80 g,200 line,292,100.0,31.0,100.0,60.0,25.0,92.0,-8.0,26.0,84.0,-8.0,1.18
ofsetni papir 80 g,200 line,293,100.0,72.0,100.0,60.0,24.0,14.0,-2.0,23.0,53.0,-2.0,0.72
ofsetni papir 80 g,200 line,294,100.0,100.0,100.0,60.0,23.0,46.0,-0.0,23.0,21.0,-0.0,0.23
ofsetni papir 80 g,200 line,295,0.0,0.0,0.0,88.0,26.0,73.0,-0.0,27.0,30.0,-0.0,0.43
ofsetni papir 80 g,200 line,296,0.0,52.0,0.0,88.0,24.0,40.0,2.0,24.0,61.0,2.0,0.33
ofsetni papir 80 g,200 line,297,0.0,100.0,0.0,88.0,23.0,19.0,4.0,22.0,45.0,5.0,1.0
ofsetni papir 80 g,200 line,298,31.0,0.0,0.0,88.0,26.0,43.0,-1.0,27.0,63.0,-2.0,1.55
ofsetni papir 80 g,200 line,299,31.0,52.0,0.0,88.0,24.0,54.0,0.0,23.0,99.0,0.0,0.66
ofsetni papir 80 g,200 line,300,31.0,100.0,0.0,88.0,21.0,44.0,3.0,22.0,78.0,3.0,1.05
ofsetni papir 80 g,200 line,301,72.0,0.0,0.0,88.0,23.0,89.0,-2.0,24.0,69.0,-3.0,1.21
ofsetni papir 80 g,200 line,302,72.0,52.0,0.0,88.0,23.0,58.0,-0.0,24.0,30.0,-0.0,0.87
ofsetni papir 80 g,200 line,303,72.0,100.0,0.0,88.0,23.0,35.0,1.0,20.0,97.0,1.0,1.9
ofsetni papir 80 g,200 line,304,100.0,0.0,0.0,88.0,24.0,66.0,-2.0,24.0,68.0,-3.0,1.25
ofsetni papir 80 g,200 line,305,100.0,52.0,0.0,88.0,24.0,27.0,-0.0,22.0,70.0,-0.0,1.51
ofsetni papir 80 g,200 line,306,100.0,100.0,0.0,88.0,22.0,50.0,0.0,23.0,2.0,0.0,0.6
ofsetni papir 80 g,200 line,307,0.0,0.0,52.0,88.0,28.0,37.0,-1.0,29.0,9.0,-1.0,1.01
ofsetni papir 80 g,200 line,308,0.0,52.0,52.0,88.0,25.0,8.0,1.0,26.0,7.0,1.0,0.94
ofsetni papir 80 g,200 line,309,0.0,100.0,52.0,88.0,18.0,85.0,5.0,19.0,91.0,6.0,0.97
ofsetni papir 80 g,200 line,310,31.0,0.0,52.0,88.0,25.0,53.0,-2.0,25.0,77.0,-3.0,0.88
ofsetni papir 80 g,200 line,311,31.0,52.0,52.0,88.0,24.0,75.0,0.0,24.0,67.0,0.0,0.19
ofsetni papir 80 g,200 line,312,31.0,100.0,52.0,88.0,22.0,77.0,2.0,23.0,60.0,2.0,0.6
ofsetni papir 80 g,200 line,313,72.0,0.0,52.0,88.0,24.0,2.0,-3.0,23.0,95.0,-3.0,0.68
ofsetni papir 80 g,200 line,314,72.0,52.0,52.0,88.0,24.0,1.0,-0.0,24.0,25.0,-0.0,0.28
ofsetni papir 80 g,200 line,315,72.0,100.0,52.0,88.0,23.0,97.0,0.0,23.0,32.0,0.0,0.65
ofsetni papir 80 g,200 line,316,100.0,0.0,52.0,88.0,24.0,3.0,-3.0,24.0,16.0,-3.0,0.92
ofsetni papir 80 g,200 line,317,100.0,52.0,52.0,88.0,24.0,51.0,-0.0,21.0,24.0,-1.0,2.5
ofsetni papir 80 g,200 line,318,100.0,100.0,52.0,88.0,25.0,0.0,-0.0,22.0,5.0,-0.0,2.19
ofsetni papir 80 g,200 line,319,0.0,0.0,100.0,88.0,27.0,94.0,-1.0,26.0,93.0,-2.0,1.43
ofsetni papir 80 g,200 line,320,0.0,52.0,100.0,88.0,26.0,12.0,0.0,24.0,61.0,0.0,1.35
ofsetni papir 80 g,200 line,321,0.0,100.0,100.0,88.0,23.0,8.0,3.0,22.0,61.0,3.0,0.88
ofsetni papir 80 g,200 line,322,31.0,0.0,100.0,88.0,26.0,57.0,-2.0,25.0,80.0,-2.0,0.8
ofsetni papir 80 g,200 line,323,31.0,52.0,100.0,88.0,18.0,84.0,-0.0,20.0,61.0,0.0,1.24
ofsetni papir 80 g,200 line,324,31.0,100.0,100.0,88.0,19.0,61.0,2.0,20.0,54.0,2.0,0.7
ofsetni papir 80 g,200 line,325,72.0,0.0,100.0,88.0,23.0,39.0,-4.0,24.0,61.0,-4.0,0.93
ofsetni papir 80 g,200 line,326,72.0,52.0,100.0,88.0,23.0,38.0,-1.0,23.0,14.0,-1.0,0.51
ofsetni papir 80 g,200 line,327,72.0,100.0,100.0,88.0,23.0,57.0,0.0,22.0,73.0,0.0,0.65
ofsetni papir 80 g,200 line,328,100.0,0.0,100.0,88.0,23.0,54.0,-4.0,23.0,61.0,-4.0,0.41
ofsetni papir 80 g,200 line,329,100.0,52.0,100.0,88.0,24.0,9.0,-1.0,23.0,35.0,-1.0,0.63
ofsetni papir 80 g,200 line,330,100.0,100.0,100.0,88.0,24.0,12.0,-0.0,23.0,83.0,-0.0,0.51
ofsetni papir 80 g,200 line,331,0.0,0.0,0.0,100.0,27.0,24.0,-0.0,25.0,94.0,-0.0,0.99
ofsetni papir 80 g,200 line,332,0.0,52.0,0.0,100.0,25.0,5.0,0.0,23.0,28.0,0.0,1.33
ofsetni papir 80 g,200 line,333,0.0,100.0,0.0,100.0,24.0,22.0,1.0,22.0,27.0,1.0,1.57
ofsetni papir 80 g,200 line,334,52.0,0.0,0.0,100.0,22.0,55.0,-0.0,22.0,2.0,-1.0,0.9
ofsetni papir 80 g,200 line,335,52.0,52.0,0.0,100.0,22.0,85.0,-0.0,21.0,21.0,0.0,1.18
ofsetni papir 80 g,200 line,336,52.0,100.0,0.0,100.0,23.0,6.0,0.0,21.0,60.0,0.0,1.07
ofsetni papir 80 g,200 line,337,100.0,0.0,0.0,100.0,15.0,76.0,-1.0,16.0,21.0,-1.0,0.76
ofsetni papir 80 g,200 line,338,100.0,52.0,0.0,100.0,17.0,20.0,-0.0,17.0,64.0,-0.0,0.44
ofsetni papir 80 g,200 line,339,100.0,100.0,0.0,100.0,20.0,77.0,0.0,21.0,30.0,0.0,0.44
ofsetni papir 80 g,200 line,340,0.0,0.0,52.0,100.0,22.0,38.0,-0.0,23.0,31.0,-0.0,0.74
ofsetni papir 80 g,200 line,341,0.0,52.0,52.0,100.0,23.0,28.0,0.0,22.0,74.0,0.0,0.46
ofsetni papir 80 g,200 line,342,0.0,100.0,52.0,100.0,22.0,88.0,1.0,23.0,79.0,1.0,0.72
ofsetni papir 80 g,200 line,343,52.0,0.0,52.0,100.0,24.0,45.0,-1.0,24.0,3.0,-1.0,0.41
ofsetni papir 80 g,200 line,344,52.0,52.0,52.0,100.0,24.0,9.0,-0.0,23.0,95.0,-0.0,0.36
ofsetni papir 80 g,200 line,345,52.0,100.0,52.0,100.0,24.0,36.0,0.0,22.0,54.0,0.0,1.31
ofsetni papir 80 g,200 line,346,100.0,0.0,52.0,100.0,23.0,75.0,-1.0,20.0,58.0,-1.0,2.55
ofsetni papir 80 g,200 line,347,100.0,52.0,52.0,100.0,24.0,48.0,-0.0,22.0,13.0,-1.0,1.84
ofsetni papir 80 g,200 line,348,100.0,100.0,52.0,100.0,24.0,8.0,-0.0,22.0,72.0,-0.0,1.04
ofsetni papir 80 g,200 line,349,0.0,0.0,100.0,100.0,24.0,0.0,-1.0,22.0,69.0,-1.0,1.05
ofsetni papir 80 g,200 line,350,0.0,52.0,100.0,100.0,24.0,30.0,0.0,22.0,41.0,0.0,1.38
ofsetni papir 80 g,200 line,351,0.0,100.0,100.0,100.0,18.0,38.0,1.0,18.0,17.0,1.0,0.36
ofsetni papir 80 g,200 line,352,52.0,0.0,100.0,100.0,18.0,80.0,-2.0,20.0,36.0,-2.0,1.09
ofsetni papir 80 g,200 line,353,52.0,52.0,100.0,100.0,23.0,66.0,-0.0,22.0,53.0,-0.0,0.93
ofsetni papir 80 g,200 line,354,52.0,100.0,100.0,100.0,23.0,10.0,0.0,22.0,23.0,0.0,0.73
ofsetni papir 80 g,200 line,355,100.0,0.0,100.0,100.0,21.0,31.0,-2.0,23.0,3.0,-2.0,1.33
ofsetni papir 80 g,200 line,356,100.0,52.0,100.0,100.0,21.0,83.0,-1.0,22.0,85.0,-1.0,0.73
ofsetni papir 80 g,200 line,357,100.0,100.0,100.0,100.0,25.0,5.0,-0.0,23.0,72.0,-0.0,1.09
ofsetni papir 80 g,200 line,358,5.0,0.0,0.0,0.0,90.0,51.0,-0.0,91.0,97.0,-0.0,1.21
ofsetni papir 80 g,200 line,359,28.0,0.0,0.0,0.0,85.0,53.0,-6.0,84.0,22.0,-8.0,1.82
ofsetni papir 80 g,200 line,360,95.0,0.0,0.0,0.0,56.0,1.0,-30.0,55.0,76.0,-30.0,0.36
ofsetni papir 80 g,200 line,361,0.0,4.0,0.0,0.0,92.0,69.0,1.0,92.0,77.0,1.0,0.15
ofsetni papir 80 g,200 line,362,0.0,11.0,0.0,0.0,91.0,20.0,1.0,91.0,55.0,1.0,0.62
ofsetni papir 80 g,200 line,363,0.0,93.0,0.0,0.0,53.0,7.0,51.0,51.0,90.0,53.0,1.4
ofsetni papir 80 g,200 line,364,0.0,0.0,4.0,0.0,92.0,81.0,1.0,93.0,32.0,1.0,0.33
ofsetni papir 80 g,200 line,365,0.0,0.0,11.0,0.0,92.0,58.0,0.0,92.0,56.0,0.0,0.37
ofsetni papir 80 g,200 line,366,0.0,0.0,93.0,0.0,87.0,6.0,-4.0,87.0,22.0,-4.0,0.68
ofsetni papir 80 g,200 line,367,0.0,0.0,0.0,4.0,87.0,65.0,0.0,87.0,75.0,0.0,0.17
ofsetni papir 80 g,200 line,368,0.0,0.0,0.0,13.0,79.0,9.0,0.0,80.0,48.0,0.0,0.99
ofsetni papir 80 g,200 line,369,0.0,0.0,0.0,95.0,28.0,36.0,-0.0,26.0,91.0,-0.0,1.11
ofsetni papir 80 g,200 line,370,9.0,7.0,7.0,0.0,84.0,73.0,0.0,84.0,65.0,0.0,0.19
ofsetni papir 80 g,200 line,371,19.0,15.0,15.0,0.0,75.0,57.0,0.0,74.0,74.0,-0.0,1.37
ofsetni papir 80 g,200 line,372,29.0,23.0,23.0,0.0,66.0,57.0,-0.0,65.0,29.0,-0.0,1.13
ofsetni papir 80 g,200 line,373,39.0,31.0,31.0,0.0,56.0,70.0,-0.0,56.0,62.0,-0.0,0.64
ofsetni papir 80 g,200 line,374,49.0,39.0,39.0,4.0,45.0,15.0,-0.0,47.0,5.0,-0.0,2.02
ofsetni papir 80 g,200 line,375,59.0,47.0,47.0,16.0,37.0,27.0,-0.0,38.0,14.0,-1.0,1.12
ofsetni papir 80 g,200 line,376,69.0,55.0,55.0,31.0,32.0,37.0,-1.0,32.0,80.0,-0.0,4.03
ofsetni papir 80 g,200 line,377,79.0,63.0,63.0,48.0,28.0,88.0,-1.0,28.0,12.0,-1.0,0.85
ofsetni papir 80 g,200 line,378,89.0,71.0,71.0,72.0,25.0,1.0,-1.0,24.0,74.0,-1.0,0.4
ofsetni papir 80 g,200 line,379,99.0,79.0,79.0,100.0,20.0,38.0,-0.0,20.0,21.0,-1.0,0.22
ofsetni papir 80 g,200 line,380,9.0,7.0,7.0,0.0,85.0,49.0,0.0,85.0,75.0,0.0,0.22
ofsetni papir 80 g,200 line,381,18.0,14.0,14.0,0.0,77.0,60.0,0.0,78.0,7.0,-0.0,0.85
ofsetni papir 80 g,200 line,382,27.0,21.0,21.0,0.0,68.0,27.0,0.0,68.0,25.0,-0.0,0.72
ofsetni papir 80 g,200 line,383,36.0,29.0,29.0,0.0,58.0,86.0,-0.0,60.0,21.0,-0.0,1.39
ofsetni papir 80 g,200 line,384,45.0,36.0,36.0,0.0,50.0,12.0,-0.0,51.0,85.0,-0.0,1.86
ofsetni papir 80 g,200 line,385,54.0,43.0,43.0,0.0,43.0,38.0,-0.0,46.0,4.0,-0.0,2.61
ofsetni papir 80 g,200 line,386,63.0,50.0,50.0,0.0,39.0,69.0,-1.0,40.0,40.0,-1.0,1.04
ofsetni papir 80 g,200 line,387,72.0,58.0,58.0,0.0,35.0,81.0,-1.0,35.0,90.0,-2.0,0.99
ofsetni papir 80 g,200 line,388,81.0,65.0,65.0,2.0,32.0,39.0,-2.0,31.0,53.0,-3.0,1.55
ofsetni papir 80 g,200 line,389,90.0,72.0,72.0,49.0,26.0,52.0,-1.0,22.0,72.0,-2.0,3.14
ofsetni papir 80 g,200 line,390,24.0,19.0,19.0,11.0,63.0,34.0,-0.0,63.0,62.0,-0.0,0.43
ofsetni papir 80 g,200 line,391,49.0,39.0,39.0,30.0,37.0,62.0,-0.0,38.0,71.0,-1.0,1.09
ofsetni papir 80 g,200 line,392,74.0,59.0,59.0,59.0,28.0,84.0,-1.0,28.0,4.0,-1.0,0.73
ofsetni papir 80 g,200 line,393,28.0,0.0,0.0,0.0,85.0,83.0,-6.0,84.0,62.0,-7.0,1.65
ofsetni papir 80 g,200 line,394,64.0,0.0,0.0,0.0,67.0,57.0,-22.0,67.0,46.0,-21.0,0.24
ofsetni papir 80 g,200 line,395,0.0,21.0,0.0,0.0,89.0,38.0,4.0,90.0,24.0,3.0,1.56
ofsetni papir 80 g,200 line,396,0.0,52.0,0.0,0.0,73.0,76.0,20.0,74.0,88.0,19.0,1.06
ofsetni papir 80 g,200 line,397,0.0,0.0,21.0,0.0,92.0,54.0,-0.0,92.0,56.0,-0.0,1.06
ofsetni papir 80 g,200 line,398,0.0,0.0,52.0,0.0,90.0,46.0,-2.0,90.0,27.0,-3.0,1.65
ofsetni papir 80 g,200 line,399,0.0,0.0,0.0,25.0,69.0,68.0,0.0,68.0,40.0,0.0,1.01
ofsetni papir 80 g,200 line,400,0.0,0.0,0.0,60.0,43.0,82.0,-0.0,41.0,97.0,-0.0,1.86
ofsetni papir 80 g,300 dot,1,0.0,0.0,0.0,0.0,93.0,12.0,1.0,92.0,92.0,1.0,0.14
ofsetni papir 80 g,300 dot,2,0.0,21.0,0.0,0.0,87.0,23.0,6.0,86.0,77.0,6.0,0.42
ofsetni papir 80 g,300 dot,3,0.0,52.0,0.0,0.0,73.0,0.0,19.0,73.0,6.0,20.0,1.05
ofsetni papir 80 g,300 dot,4,0.0,81.0,0.0,0.0,59.0,27.0,37.0,59.0,35.0,36.0,0.3
ofsetni papir 80 g,300 dot,5,0.0,100.0,0.0,0.0,49.0,42.0,54.0,49.0,0.0,55.0,0.56
ofsetni papir 80 g,300 dot,6,16.0,0.0,0.0,0.0,88.0,61.0,-2.0,88.0,62.0,-2.0,0.31
ofsetni papir 80 g,300 dot,7,16.0,21.0,0.0,0.0,83.0,6.0,3.0,82.0,36.0,3.0,0.7
ofsetni papir 80 g,300 dot,8,16.0,52.0,0.0,0.0,69.0,42.0,16.0,68.0,34.0,17.0,0.95
ofsetni papir 80 g,300 dot,9,16.0,81.0,0.0,0.0,54.0,36.0,31.0,53.0,90.0,31.0,0.44
ofsetni papir 80 g,300 dot,10,16.0,100.0,0.0,0.0,45.0,85.0,47.0,46.0,13.0,46.0,0.61
ofsetni papir 80 g,300 dot,11,39.0,0.0,0.0,0.0,81.0,7.0,-9.0,81.0,4.0,-9.0,0.11
ofsetni papir 80 g,300 dot,12,39.0,21.0,0.0,0.0,74.0,93.0,-3.0,74.0,71.0,-3.0,0.69
ofsetni papir 80 g,300 dot,13,39.0,52.0,0.0,0.0,62.0,97.0,8.0,62.0,44.0,9.0,0.67
ofsetni papir 80 g,300 dot,14,39.0,81.0,0.0,0.0,50.0,37.0,24.0,49.0,92.0,23.0,0.61
ofsetni papir 80 g,300 dot,15,39.0,100.0,0.0,0.0,42.0,54.0,38.0,42.0,80.0,36.0,1.09
ofsetni papir 80 g,300 dot,16,64.0,0.0,0.0,0.0,70.0,44.0,-18.0,69.0,22.0,-19.0,1.04
ofsetni papir 80 g,300 dot,17,64.0,21.0,0.0,0.0,63.0,64.0,-14.0,63.0,20.0,-14.0,0.49
ofsetni papir 80 g,300 dot,18,64.0,52.0,0.0,0.0,53.0,34.0,-2.0,52.0,58.0,-3.0,0.89
ofsetni papir 80 g,300 dot,19,64.0,81.0,0.0,0.0,43.0,38.0,9.0,42.0,40.0,10.0,0.95
ofsetni papir 80 g,300 dot,20,64.0,100.0,0.0,0.0,35.0,84.0,20.0,35.0,73.0,20.0,0.49
ofsetni papir 80 g,300 dot,21,85.0,0.0,0.0,0.0,60.0,70.0,-27.0,59.0,91.0,-27.0,0.75
ofsetni papir 80 g,300 dot,22,85.0,21.0,0.0,0.0,55.0,22.0,-22.0,54.0,2.0,-23.0,1.15
ofsetni papir 80 g,300 dot,23,85.0,52.0,0.0,0.0,46.0,81.0,-11.0,45.0,31.0,-11.0,1.48
ofsetni papir 80 g,300 dot,24,85.0,81.0,0.0,0.0,37.0,79.0,0.0,37.0,27.0,-0.0,0.48
ofsetni papir 80 g,300 dot,25,85.0,100.0,0.0,0.0,32.0,38.0,8.0,32.0,60.0,8.0,0.39
ofsetni papir 80 g,300 dot,26,100.0,0.0,0.0,0.0,54.0,84.0,-32.0,55.0,9.0,-31.0,0.38
ofsetni papir 80 g,300 dot,27,100.0,21.0,0.0,0.0,48.0,92.0,-28.0,48.0,40.0,-27.0,0.58
ofsetni papir 80 g,300 dot,28,100.0,52.0,0.0,0.0,42.0,26.0,-17.0,41.0,69.0,-17.0,0.61
ofsetni papir 80 g,300 dot,29,100.0,81.0,0.0,0.0,33.0,85.0,-5.0,34.0,26.0,-4.0,0.47
ofsetni papir 80 g,300 dot,30,100.0,100.0,0.0,0.0,29.0,68.0,2.0,28.0,39.0,2.0,1.01
ofsetni papir 80 g,300 dot,31,0.0,0.0,21.0,0.0,91.0,62.0,-1.0,91.0,72.0,-1.0,0.55
ofsetni papir 80 g,300 dot,32,0.0,21.0,21.0,0.0,83.0,18.0,5.0,83.0,4.0,5.0,1.21
ofsetni papir 80 g,300 dot,33,0.0,52.0,21.0,0.0,71.0,24.0,20.0,70.0,90.0,20.0,0.61
ofsetni papir 80 g,300 dot,34,0.0,81.0,21.0,0.0,58.0,21.0,39.0,58.0,42.0,39.0,0.3
ofsetni papir 80 g,300 dot,35,0.0,100.0,21.0,0.0,48.0,8.0,55.0,47.0,59.0,56.0,0.64
ofsetni papir 80 g,300 dot,36,16.0,0.0,21.0,0.0,85.0,83.0,-4.0,85.0,63.0,-4.0,0.83
ofsetni papir 80 g,300 dot,37,16.0,21.0,21.0,0.0,73.0,65.0,1.0,72.0,73.0,1.0,0.94
ofsetni papir 80 g,300 dot,38,16.0,52.0,21.0,0.0,62.0,59.0,14.0,61.0,85.0,15.0,0.77
ofsetni papir 80 g,300 dot,39,16.0,81.0,21.0,0.0,51.0,41.0,31.0,51.0,5.0,31.0,0.53
ofsetni papir 80 g,300 dot,40,16.0,100.0,21.0,0.0,43.0,32.0,45.0,43.0,88.0,44.0,0.64
ofsetni papir 80 g,300 dot,41,39.0,0.0,21.0,0.0,78.0,0.0,-11.0,77.0,97.0,-11.0,0.86
ofsetni papir 80 g,300 dot,42,39.0,21.0,21.0,0.0,66.0,53.0,-3.0,66.0,11.0,-2.0,0.57
ofsetni papir 80 g,300 dot,43,39.0,52.0,21.0,0.0,55.0,99.0,8.0,55.0,70.0,8.0,0.61
ofsetni papir 80 g,300 dot,44,39.0,81.0,21.0,0.0,45.0,18.0,21.0,44.0,36.0,21.0,0.82
ofsetni papir 80 g,300 dot,45,39.0,100.0,21.0,0.0,38.0,87.0,34.0,39.0,93.0,32.0,1.1
ofsetni papir 80 g,300 dot,46,64.0,0.0,21.0,0.0,66.0,18.0,-23.0,65.0,87.0,-23.0,1.18
ofsetni papir 80 g,300 dot,47,64.0,21.0,21.0,0.0,57.0,5.0,-14.0,55.0,99.0,-14.0,1.02
ofsetni papir 80 g,300 dot,48,64.0,52.0,21.0,0.0,46.0,83.0,-1.0,45.0,53.0,-1.0,1.44
ofsetni papir 80 g,300 dot,49,64.0,81.0,21.0,0.0,38.0,90.0,11.0,37.0,57.0,11.0,1.28
ofsetni papir 80 g,300 dot,50,64.0,100.0,21.0,0.0,33.0,42.0,19.0,33.0,6.0,19.0,0.39
ofsetni papir 80 g,300 dot,51,85.0,0.0,21.0,0.0,58.0,6.0,-32.0,57.0,42.0,-32.0,1.07
ofsetni papir 80 g,300 dot,52,85.0,21.0,21.0,0.0,49.0,96.0,-23.0,49.0,13.0,-23.0,1.01
ofsetni papir 80 g,300 dot,53,85.0,52.0,21.0,0.0,40.0,11.0,-10.0,39.0,90.0,-10.0,0.23
ofsetni papir 80 g,300 dot,54,85.0,81.0,21.0,0.0,32.0,90.0,1.0,32.0,53.0,1.0,0.4
ofsetni papir 80 g,300 dot,55,85.0,100.0,21.0,0.0,29.0,0.0,7.0,28.0,39.0,7.0,0.59
ofsetni papir 80 g,300 dot,56,100.0,0.0,21.0,0.0,52.0,22.0,-38.0,52.0,48.0,-37.0,0.76
ofsetni papir 80 g,300 dot,57,100.0,21.0,21.0,0.0,46.0,29.0,-30.0,47.0,0.0,-29.0,1.11
ofsetni papir 80 g,300 dot,58,100.0,52.0,21.0,0.0,37.0,17.0,-15.0,36.0,67.0,-15.0,0.49
ofsetni papir 80 g,300 dot,59,100.0,81.0,21.0,0.0,29.0,95.0,-5.0,29.0,99.0,-4.0,0.21
ofsetni papir 80 g,300 dot,60,100.0,100.0,21.0,0.0,27.0,18.0,0.0,27.0,4.0,0.0,0.16
ofsetni papir 80 g,300 dot,61,0.0,0.0,52.0,0.0,89.0,15.0,-2.0,89.0,16.0,-2.0,0.33
ofsetni papir 80 g,300 dot,62,0.0,21.0,52.0,0.0,81.0,46.0,5.0,81.0,9.0,5.0,0.63
ofsetni papir 80 g,300 dot,63,0.0,52.0,52.0,0.0,69.0,55.0,20.0,68.0,54.0,22.0,1.1
ofsetni papir 80 g,300 dot,64,0.0,81.0,52.0,0.0,57.0,44.0,40.0,55.0,75.0,41.0,1.7
ofsetni papir 80 g,300 dot,65,0.0,100.0,52.0,0.0,47.0,32.0,54.0,46.0,93.0,55.0,0.41
ofsetni papir 80 g,300 dot,66,16.0,0.0,52.0,0.0,81.0,85.0,-5.0,82.0,2.0,-5.0,0.22
ofsetni papir 80 g,300 dot,67,16.0,21.0,52.0,0.0,71.0,89.0,1.0,71.0,58.0,1.0,0.94
ofsetni papir 80 g,300 dot,68,16.0,52.0,52.0,0.0,60.0,60.0,14.0,60.0,91.0,14.0,0.68
ofsetni papir 80 g,300 dot,69,16.0,81.0,52.0,0.0,50.0,40.0,30.0,50.0,2.0,30.0,0.45
ofsetni papir 80 g,300 dot,70,16.0,100.0,52.0,0.0,42.0,99.0,44.0,42.0,73.0,44.0,0.26
ofsetni papir 80 g,300 dot,71,39.0,0.0,52.0,0.0,75.0,19.0,-13.0,75.0,32.0,-13.0,0.83
ofsetni papir 80 g,300 dot,72,39.0,21.0,52.0,0.0,61.0,62.0,-4.0,61.0,56.0,-4.0,0.23
ofsetni papir 80 g,300 dot,73,39.0,52.0,52.0,0.0,50.0,74.0,6.0,50.0,51.0,6.0,0.39
ofsetni papir 80 g,300 dot,74,39.0,81.0,52.0,0.0,41.0,79.0,19.0,41.0,67.0,19.0,0.63
ofsetni papir 80 g,300 dot,75,39.0,100.0,52.0,0.0,37.0,6.0,30.0,36.0,53.0,29.0,0.68
ofsetni papir 80 g,300 dot,76,64.0,0.0,52.0,0.0,63.0,94.0,-26.0,63.0,95.0,-26.0,0.28
ofsetni papir 80 g,300 dot,77,64.0,21.0,52.0,0.0,54.0,43.0,-15.0,53.0,96.0,-15.0,0.85
ofsetni papir 80 g,300 dot,78,64.0,52.0,52.0,0.0,37.0,43.0,-1.0,37.0,49.0,-1.0,0.31
ofsetni papir 80 g,300 dot,79,64.0,81.0,52.0,0.0,31.0,91.0,8.0,31.0,19.0,8.0,0.68
ofsetni papir 80 g,300 dot,80,64.0,100.0,52.0,0.0,28.0,59.0,14.0,28.0,52.0,13.0,0.5
ofsetni papir 80 g,300 dot,81,85.0,0.0,52.0,0.0,54.0,88.0,-38.0,55.0,38.0,-36.0,0.79
ofsetni papir 80 g,300 dot,82,85.0,21.0,52.0,0.0,46.0,64.0,-28.0,47.0,85.0,-26.0,1.55
ofsetni papir 80 g,300 dot,83,85.0,52.0,52.0,0.0,33.0,47.0,-9.0,34.0,35.0,-9.0,0.91
ofsetni papir 80 g,300 dot,84,85.0,81.0,52.0,0.0,28.0,13.0,0.0,28.0,12.0,0.0,0.44
ofsetni papir 80 g,300 dot,85,85.0,100.0,52.0,0.0,25.0,39.0,4.0,26.0,79.0,5.0,1.64
ofsetni papir 80 g,300 dot,86,100.0,0.0,52.0,0.0,50.0,33.0,-43.0,49.0,96.0,-43.0,0.38
ofsetni papir 80 g,300 dot,87,100.0,21.0,52.0,0.0,43.0,70.0,-35.0,44.0,26.0,-35.0,0.62
ofsetni papir 80 g,300 dot,88,100.0,52.0,52.0,0.0,31.0,94.0,-16.0,32.0,22.0,-15.0,0.93
ofsetni papir 80 g,300 dot,89,100.0,81.0,52.0,0.0,25.0,12.0,-4.0,23.0,63.0,-3.0,1.13
ofsetni papir 80 g,300 dot,90,100.0,100.0,52.0,0.0,23.0,31.0,-0.0,21.0,43.0,0.0,1.56
ofsetni papir 80 g,300 dot,91,0.0,0.0,81.0,0.0,86.0,76.0,-3.0,86.0,78.0,-3.0,0.32
ofsetni papir 80 g,300 dot,92,0.0,21.0,81.0,0.0,78.0,75.0,5.0,77.0,98.0,5.0,0.85
ofsetni papir 80 g,300 dot,93,0.0,52.0,81.0,0.0,65.0,92.0,22.0,65.0,43.0,23.0,1.43
ofsetni papir 80 g,300 dot,94,0.0,81.0,81.0,0.0,54.0,53.0,41.0,53.0,14.0,43.0,1.62
ofsetni papir 80 g,300 dot,95,0.0,100.0,81.0,0.0,45.0,72.0,55.0,46.0,37.0,54.0,1.11
ofsetni papir 80 g,300 dot,96,16.0,0.0,81.0,0.0,79.0,23.0,-6.0,79.0,53.0,-6.0,0.54
ofsetni papir 80 g,300 dot,97,16.0,21.0,81.0,0.0,70.0,55.0,0.0,70.0,16.0,1.0,0.81
ofsetni papir 80 g,300 dot,98,16.0,52.0,81.0,0.0,59.0,21.0,15.0,58.0,12.0,16.0,1.41
ofsetni papir 80 g,300 dot,99,16.0,81.0,81.0,0.0,48.0,51.0,32.0,48.0,31.0,32.0,1.97
ofsetni papir 80 g,300 dot,100,16.0,100.0,81.0,0.0,41.0,14.0,46.0,41.0,25.0,46.0,0.6
ofsetni papir 80 g,300 dot,101,39.0,0.0,81.0,0.0,72.0,63.0,-14.0,72.0,63.0,-15.0,0.31
ofsetni papir 80 g,300 dot,102,39.0,21.0,81.0,0.0,59.0,2.0,-6.0,59.0,1.0,-5.0,0.62
ofsetni papir 80 g,300 dot,103,39.0,52.0,81.0,0.0,49.0,30.0,6.0,48.0,45.0,6.0,1.27
ofsetni papir 80 g,300 dot,104,39.0,81.0,81.0,0.0,39.0,67.0,20.0,38.0,80.0,21.0,0.85
ofsetni papir 80 g,300 dot,105,39.0,100.0,81.0,0.0,34.0,88.0,30.0,34.0,19.0,30.0,0.7
ofsetni papir 80 g,300 dot,106,64.0,0.0,81.0,0.0,59.0,97.0,-31.0,59.0,59.0,-31.0,0.43
ofsetni papir 80 g,300 dot,107,64.0,21.0,81.0,0.0,52.0,4.0,-18.0,51.0,12.0,-18.0,1.08
ofsetni papir 80 g,300 dot,108,64.0,52.0,81.0,0.0,37.0,48.0,-2.0,37.0,25.0,-2.0,0.44
ofsetni papir 80 g,300 dot,109,64.0,81.0,81.0,0.0,29.0,86.0,7.0,31.0,11.0,7.0,1.12
ofsetni papir 80 g,300 dot,110,64.0,100.0,81.0,0.0,27.0,35.0,13.0,28.0,65.0,12.0,0.99
ofsetni papir 80 g,300 dot,111,85.0,0.0,81.0,0.0,52.0,28.0,-42.0,52.0,64.0,-41.0,0.65
ofsetni papir 80 g,300 dot,112,85.0,21.0,81.0,0.0,45.0,79.0,-31.0,44.0,92.0,-31.0,1.32
ofsetni papir 80 g,300 dot,113,85.0,52.0,81.0,0.0,32.0,1.0,-11.0,35.0,1.0,-11.0,2.78
ofsetni papir 80 g,300 dot,114,85.0,81.0,81.0,0.0,27.0,11.0,0.0,27.0,59.0,-0.0,0.7
ofsetni papir 80 g,300 dot,115,85.0,100.0,81.0,0.0,24.0,69.0,4.0,24.0,61.0,4.0,0.22
ofsetni papir 80 g,300 dot,116,100.0,0.0,81.0,0.0,47.0,1.0,-49.0,47.0,85.0,-47.0,1.33
ofsetni papir 80 g,300 dot,117,100.0,21.0,81.0,0.0,41.0,46.0,-38.0,41.0,48.0,-38.0,0.49
ofsetni papir 80 g,300 dot,118,100.0,52.0,81.0,0.0,30.0,31.0,-18.0,30.0,72.0,-17.0,0.65
ofsetni papir 80 g,300 dot,119,100.0,81.0,81.0,0.0,23.0,61.0,-4.0,25.0,87.0,-3.0,1.77
ofsetni papir 80 g,300 dot,120,100.0,100.0,81.0,0.0,21.0,94.0,-0.0,23.0,58.0,-0.0,1.21
ofsetni papir 80 g,300 dot,121,0.0,0.0,100.0,0.0,85.0,71.0,-3.0,85.0,86.0,-3.0,0.12
ofsetni papir 80 g,300 dot,122,0.0,21.0,100.0,0.0,78.0,10.0,6.0,77.0,93.0,6.0,0.47
ofsetni papir 80 g,300 dot,123,0.0,52.0,100.0,0.0,63.0,90.0,24.0,63.0,66.0,24.0,0.9
ofsetni papir 80 g,300 dot,124,0.0,81.0,100.0,0.0,51.0,98.0,44.0,51.0,64.0,44.0,0.76
ofsetni papir 80 g,300 dot,125,0.0,100.0,100.0,0.0,44.0,75.0,55.0,44.0,27.0,56.0,0.66
ofsetni papir 80 g,300 dot,126,16.0,0.0,100.0,0.0,78.0,62.0,-6.0,79.0,15.0,-6.0,0.54
ofsetni papir 80 g,300 dot,127,16.0,21.0,100.0,0.0,68.0,82.0,0.0,69.0,43.0,0.0,1.06
ofsetni papir 80 g,300 dot,128,16.0,52.0,100.0,0.0,57.0,58.0,15.0,56.0,94.0,17.0,1.79
ofsetni papir 80 g,300 dot,129,16.0,81.0,100.0,0.0,46.0,89.0,33.0,48.0,0.0,33.0,2.03
ofsetni papir 80 g,300 dot,130,16.0,100.0,100.0,0.0,40.0,60.0,45.0,40.0,27.0,46.0,0.97
ofsetni papir 80 g,300 dot,131,39.0,0.0,100.0,0.0,70.0,50.0,-16.0,70.0,19.0,-16.0,0.67
ofsetni papir 80 g,300 dot,132,39.0,21.0,100.0,0.0,57.0,60.0,-6.0,57.0,99.0,-6.0,0.79
ofsetni papir 80 g,300 dot,133,39.0,52.0,100.0,0.0,47.0,21.0,5.0,46.0,71.0,6.0,1.17
ofsetni papir 80 g,300 dot,134,39.0,81.0,100.0,0.0,38.0,32.0,20.0,38.0,50.0,20.0,1.22
ofsetni papir 80 g,300 dot,135,39.0,100.0,100.0,0.0,35.0,28.0,30.0,34.0,74.0,30.0,0.62
ofsetni papir 80 g,300 dot,136,64.0,0.0,100.0,0.0,58.0,63.0,-32.0,58.0,17.0,-32.0,0.86
ofsetni papir 80 g,300 dot,137,64.0,21.0,100.0,0.0,50.0,2.0,-19.0,50.0,43.0,-18.0,0.78
ofsetni papir 80 g,300 dot,138,64.0,52.0,100.0,0.0,37.0,11.0,-2.0,36.0,25.0,-2.0,0.76
ofsetni papir 80 g,300 dot,139,64.0,81.0,100.0,0.0,30.0,90.0,6.0,29.0,39.0,7.0,1.43
ofsetni papir 80 g,300 dot,140,64.0,100.0,100.0,0.0,27.0,16.0,12.0,27.0,5.0,12.0,0.31
ofsetni papir 80 g,300 dot,141,85.0,0.0,100.0,0.0,51.0,1.0,-43.0,51.0,15.0,-43.0,1.05
ofsetni papir 80 g,300 dot,142,85.0,21.0,100.0,0.0,43.0,67.0,-32.0,43.0,63.0,-32.0,2.58
ofsetni papir 80 g,300 dot,143,85.0,52.0,100.0,0.0,32.0,50.0,-12.0,32.0,63.0,-11.0,3.02
ofsetni papir 80 g,300 dot,144,85.0,81.0,100.0,0.0,26.0,63.0,-0.0,27.0,38.0,-0.0,1.04
ofsetni papir 80 g,300 dot,145,85.0,100.0,100.0,0.0,24.0,35.0,3.0,23.0,79.0,3.0,0.67
ofsetni papir 80 g,300 dot,146,100.0,0.0,100.0,0.0,45.0,83.0,-51.0,45.0,74.0,-51.0,0.27
ofsetni papir 80 g,300 dot,147,100.0,21.0,100.0,0.0,40.0,88.0,-40.0,40.0,84.0,-39.0,0.88
ofsetni papir 80 g,300 dot,148,100.0,52.0,100.0,0.0,30.0,39.0,-19.0,30.0,8.0,-19.0,0.29
ofsetni papir 80 g,300 dot,149,100.0,81.0,100.0,0.0,23.0,45.0,-4.0,24.0,47.0,-4.0,0.87
ofsetni papir 80 g,300 dot,150,100.0,100.0,100.0,0.0,22.0,75.0,-0.0,22.0,71.0,-0.0,0.16
ofsetni papir 80 g,300 dot,151,0.0,0.0,0.0,25.0,71.0,69.0,0.0,71.0,53.0,0.0,0.19
ofsetni papir 80 g,300 dot,152,0.0,31.0,0.0,25.0,65.0,37.0,8.0,64.0,71.0,8.0,0.59
ofsetni papir 80 g,300 dot,153,0.0,72.0,0.0,25.0,49.0,93.0,25.0,49.0,30.0,25.0,0.67
ofsetni papir 80 g,300 dot,154,0.0,100.0,0.0,25.0,39.0,61.0,41.0,38.0,52.0,41.0,0.96
ofsetni papir 80 g,300 dot,155,21.0,0.0,0.0,25.0,70.0,0.0,-4.0,70.0,92.0,-4.0,0.83
ofsetni papir 80 g,300 dot,156,21.0,31.0,0.0,25.0,61.0,31.0,4.0,60.0,33.0,4.0,0.86
ofsetni papir 80 g,300 dot,157,21.0,72.0,0.0,25.0,45.0,54.0,20.0,45.0,28.0,19.0,0.33
ofsetni papir 80 g,300 dot,158,21.0,100.0,0.0,25.0,36.0,66.0,35.0,36.0,83.0,34.0,0.31
ofsetni papir 80 g,300 dot,159,52.0,0.0,0.0,25.0,59.0,68.0,-13.0,59.0,80.0,-12.0,0.48
ofsetni papir 80 g,300 dot,160,52.0,31.0,0.0,25.0,52.0,43.0,-4.0,52.0,8.0,-4.0,0.76
ofsetni papir 80 g,300 dot,161,52.0,72.0,0.0,25.0,39.0,46.0,10.0,38.0,80.0,10.0,0.65
ofsetni papir 80 g,300 dot,162,52.0,100.0,0.0,25.0,32.0,37.0,21.0,30.0,44.0,22.0,1.61
ofsetni papir 80 g,300 dot,163,81.0,0.0,0.0,25.0,50.0,16.0,-22.0,49.0,71.0,-22.0,0.45
ofsetni papir 80 g,300 dot,164,81.0,31.0,0.0,25.0,43.0,72.0,-14.0,42.0,36.0,-13.0,1.26
ofsetni papir 80 g,300 dot,165,81.0,72.0,0.0,25.0,33.0,25.0,-0.0,31.0,71.0,0.0,1.35
ofsetni papir 80 g,300 dot,166,81.0,100.0,0.0,25.0,27.0,11.0,7.0,24.0,97.0,8.0,1.71
ofsetni papir 80 g,300 dot,167,100.0,0.0,0.0,25.0,44.0,22.0,-29.0,43.0,65.0,-28.0,0.54
ofsetni papir 80 g,300 dot,168,100.0,31.0,0.0,25.0,39.0,44.0,-20.0,39.0,1.0,-19.0,0.5
ofsetni papir 80 g,300 dot,169,100.0,72.0,0.0,25.0,29.0,17.0,-6.0,30.0,54.0,-5.0,1.29
ofsetni papir 80 g,300 dot,170,100.0,100.0,0.0,25.0,25.0,68.0,1.0,26.0,84.0,1.0,1.07
ofsetni papir 80 g,300 dot,171,0.0,0.0,31.0,25.0,71.0,90.0,-1.0,72.0,12.0,-1.0,0.71
ofsetni papir 80 g,300 dot,172,0.0,31.0,31.0,25.0,62.0,46.0,7.0,62.0,80.0,7.0,1.49
ofsetni papir 80 g,300 dot,173,0.0,72.0,31.0,25.0,48.0,68.0,24.0,47.0,88.0,25.0,1.12
ofsetni papir 80 g,300 dot,174,0.0,100.0,31.0,25.0,38.0,94.0,40.0,39.0,21.0,40.0,0.45
ofsetni papir 80 g,300 dot,175,21.0,0.0,31.0,25.0,65.0,93.0,-5.0,65.0,49.0,-5.0,1.11
ofsetni papir 80 g,300 dot,176,21.0,31.0,31.0,25.0,53.0,37.0,2.0,52.0,26.0,2.0,1.1
ofsetni papir 80 g,300 dot,177,21.0,72.0,31.0,25.0,42.0,59.0,18.0,42.0,11.0,18.0,0.64
ofsetni papir 80 g,300 dot,178,21.0,100.0,31.0,25.0,35.0,53.0,30.0,34.0,78.0,30.0,0.72
ofsetni papir 80 g,300 dot,179,52.0,0.0,31.0,25.0,57.0,31.0,-14.0,57.0,6.0,-14.0,0.63
ofsetni papir 80 g,300 dot,180,52.0,31.0,31.0,25.0,44.0,18.0,-4.0,43.0,14.0,-3.0,1.0
ofsetni papir 80 g,300 dot,181,52.0,72.0,31.0,25.0,34.0,57.0,8.0,33.0,99.0,8.0,0.49
ofsetni papir 80 g,300 dot,182,52.0,100.0,31.0,25.0,29.0,32.0,18.0,28.0,68.0,17.0,0.58
ofsetni papir 80 g,300 dot,183,81.0,0.0,31.0,25.0,47.0,70.0,-25.0,48.0,79.0,-24.0,1.4
ofsetni papir 80 g,300 dot,184,81.0,31.0,31.0,25.0,37.0,33.0,-12.0,37.0,51.0,-12.0,0.25
ofsetni papir 80 g,300 dot,185,81.0,72.0,31.0,25.0,27.0,39.0,-0.0,29.0,21.0,-0.0,1.58
ofsetni papir 80 g,300 dot,186,81.0,100.0,31.0,25.0,23.0,57.0,5.0,25.0,75.0,4.0,1.67
ofsetni papir 80 g,300 dot,187,100.0,0.0,31.0,25.0,41.0,88.0,-33.0,42.0,98.0,-31.0,1.26
ofsetni papir 80 g,300 dot,188,100.0,31.0,31.0,25.0,33.0,64.0,-18.0,34.0,64.0,-17.0,1.32
ofsetni papir 80 g,300 dot,189,100.0,72.0,31.0,25.0,25.0,2.0,-4.0,26.0,25.0,-3.0,1.29
ofsetni papir 80 g,300 dot,190,100.0,100.0,31.0,25.0,21.0,57.0,-0.0,19.0,93.0,0.0,1.5
ofsetni papir 80 g,300 dot,191,0.0,0.0,72.0,25.0,68.0,27.0,-3.0,68.0,10.0,-3.0,0.31
ofsetni papir 80 g,300 dot,192,0.0,31.0,72.0,25.0,59.0,74.0,6.0,58.0,75.0,6.0,0.89
ofsetni papir 80 g,300 dot,193,0.0,72.0,72.0,25.0,46.0,36.0,24.0,44.0,82.0,25.0,1.62
ofsetni papir 80 g,300 dot,194,0.0,100.0,72.0,25.0,36.0,85.0,39.0,35.0,49.0,40.0,1.22
ofsetni papir 80 g,300 dot,195,21.0,0.0,72.0,25.0,62.0,33.0,-6.0,61.0,9.0,-6.0,1.14
ofsetni papir 80 g,300 dot,196,21.0,31.0,72.0,25.0,51.0,93.0,1.0,51.0,55.0,2.0,0.48
ofsetni papir 80 g,300 dot,197,21.0,72.0,72.0,25.0,40.0,34.0,18.0,39.0,96.0,18.0,1.35
ofsetni papir 80 g,300 dot,198,21.0,100.0,72.0,25.0,33.0,97.0,28.0,33.0,74.0,28.0,0.36
ofsetni papir 80 g,300 dot,199,52.0,0.0,72.0,25.0,53.0,55.0,-16.0,52.0,51.0,-17.0,1.17
ofsetni papir 80 g,300 dot,200,52.0,31.0,72.0,25.0,38.0,32.0,-5.0,40.0,33.0,-5.0,1.82
ofsetni papir 80 g,300 dot,201,52.0,72.0,72.0,25.0,29.0,66.0,6.0,31.0,38.0,6.0,1.74
ofsetni papir 80 g,300 dot,202,52.0,100.0,72.0,25.0,26.0,95.0,13.0,27.0,5.0,12.0,1.0
ofsetni papir 80 g,300 dot,203,81.0,0.0,72.0,25.0,44.0,11.0,-29.0,44.0,16.0,-29.0,0.53
ofsetni papir 80 g,300 dot,204,81.0,31.0,72.0,25.0,35.0,52.0,-15.0,35.0,82.0,-14.0,0.58
ofsetni papir 80 g,300 dot,205,81.0,72.0,72.0,25.0,26.0,5.0,-0.0,25.0,91.0,-0.0,0.17
ofsetni papir 80 g,300 dot,206,81.0,100.0,72.0,25.0,23.0,58.0,3.0,21.0,89.0,3.0,1.22
ofsetni papir 80 g,300 dot,207,100.0,0.0,72.0,25.0,39.0,26.0,-37.0,39.0,16.0,-37.0,0.71
ofsetni papir 80 g,300 dot,208,100.0,31.0,72.0,25.0,31.0,74.0,-22.0,30.0,53.0,-22.0,1.28
ofsetni papir 80 g,300 dot,209,100.0,72.0,72.0,25.0,22.0,36.0,-4.0,22.0,72.0,-4.0,0.57
ofsetni papir 80 g,300 dot,210,100.0,100.0,72.0,25.0,22.0,23.0,-0.0,20.0,77.0,-0.0,1.13
ofsetni papir 80 g,300 dot,211,0.0,0.0,100.0,25.0,66.0,66.0,-3.0,67.0,32.0,-2.0,0.58
ofsetni papir 80 g,300 dot,212,0.0,31.0,100.0,25.0,57.0,69.0,6.0,57.0,81.0,7.0,0.81
ofsetni papir 80 g,300 dot,213,0.0,72.0,100.0,25.0,45.0,9.0,25.0,45.0,44.0,25.0,1.18
ofsetni papir 80 g,300 dot,214,0.0,100.0,100.0,25.0,37.0,62.0,39.0,38.0,33.0,37.0,1.86
ofsetni papir 80 g,300 dot,215,21.0,0.0,100.0,25.0,59.0,98.0,-7.0,60.0,28.0,-7.0,0.98
ofsetni papir 80 g,300 dot,216,21.0,31.0,100.0,25.0,49.0,40.0,1.0,48.0,78.0,1.0,2.01
ofsetni papir 80 g,300 dot,217,21.0,72.0,100.0,25.0,38.0,25.0,18.0,38.0,65.0,17.0,3.07
ofsetni papir 80 g,300 dot,218,21.0,100.0,100.0,25.0,32.0,66.0,29.0,33.0,84.0,26.0,2.21
ofsetni papir 80 g,300 dot,219,52.0,0.0,100.0,25.0,51.0,34.0,-17.0,50.0,64.0,-18.0,1.49
ofsetni papir 80 g,300 dot,220,52.0,31.0,100.0,25.0,39.0,23.0,-6.0,37.0,62.0,-6.0,1.53
ofsetni papir 80 g,300 dot,221,52.0,72.0,100.0,25.0,29.0,41.0,5.0,28.0,47.0,6.0,0.91
ofsetni papir 80 g,300 dot,222,52.0,100.0,100.0,25.0,25.0,4.0,13.0,23.0,84.0,14.0,1.06
ofsetni papir 80 g,300 dot,223,81.0,0.0,100.0,25.0,41.0,34.0,-32.0,40.0,95.0,-32.0,0.72
ofsetni papir 80 g,300 dot,224,81.0,31.0,100.0,25.0,33.0,57.0,-17.0,32.0,95.0,-17.0,0.75
ofsetni papir 80 g,300 dot,225,81.0,72.0,100.0,25.0,26.0,46.0,-1.0,27.0,20.0,-1.0,1.38
ofsetni papir 80 g,300 dot,226,81.0,100.0,100.0,25.0,24.0,46.0,2.0,25.0,12.0,3.0,0.84
ofsetni papir 80 g,300 dot,227,100.0,0.0,100.0,25.0,39.0,26.0,-38.0,39.0,78.0,-37.0,1.11
ofsetni papir 80 g,300 dot,228,100.0,31.0,100.0,25.0,31.0,45.0,-23.0,32.0,72.0,-21.0,1.61
ofsetni papir 80 g,300 dot,229,100.0,72.0,100.0,25.0,24.0,71.0,-4.0,26.0,43.0,-4.0,1.33
ofsetni papir 80 g,300 dot,230,100.0,100.0,100.0,25.0,24.0,49.0,-0.0,25.0,32.0,-0.0,0.61
ofsetni papir 80 g,300 dot,231,0.0,0.0,0.0,60.0,40.0,14.0,-0.0,40.0,3.0,-0.0,0.14
ofsetni papir 80 g,300 dot,232,0.0,31.0,0.0,60.0,38.0,21.0,3.0,38.0,72.0,3.0,0.47
ofsetni papir 80 g,300 dot,233,0.0,72.0,0.0,60.0,31.0,44.0,12.0,30.0,81.0,11.0,1.02
ofsetni papir 80 g,300 dot,234,0.0,100.0,0.0,60.0,26.0,51.0,18.0,24.0,23.0,17.0,1.73
ofsetni papir 80 g,300 dot,235,31.0,0.0,0.0,60.0,41.0,32.0,-4.0,39.0,99.0,-4.0,1.19
ofsetni papir 80 g,300 dot,236,31.0,31.0,0.0,60.0,35.0,81.0,0.0,35.0,23.0,0.0,0.5
ofsetni papir 80 g,300 dot,237,31.0,72.0,0.0,60.0,28.0,83.0,8.0,27.0,96.0,8.0,0.7
ofsetni papir 80 g,300 dot,238,31.0,100.0,0.0,60.0,22.0,86.0,14.0,22.0,55.0,13.0,0.34
ofsetni papir 80 g,300 dot,239,72.0,0.0,0.0,60.0,33.0,70.0,-10.0,34.0,91.0,-10.0,1.21
ofsetni papir 80 g,300 dot,240,72.0,31.0,0.0,60.0,29.0,83.0,-5.0,30.0,29.0,-5.0,0.37
ofsetni papir 80 g,300 dot,241,72.0,72.0,0.0,60.0,25.0,12.0,0.0,26.0,45.0,0.0,1.09
ofsetni papir 80 g,300 dot,242,72.0,100.0,0.0,60.0,21.0,97.0,4.0,24.0,23.0,3.0,1.73
ofsetni papir 80 g,300 dot,243,100.0,0.0,0.0,60.0,29.0,48.0,-13.0,30.0,79.0,-12.0,1.66
ofsetni papir 80 g,300 dot,244,100.0,31.0,0.0,60.0,27.0,15.0,-7.0,28.0,29.0,-6.0,1.63
ofsetni papir 80 g,300 dot,245,100.0,72.0,0.0,60.0,21.0,96.0,-1.0,24.0,97.0,-1.0,2.52
ofsetni papir 80 g,300 dot,246,100.0,100.0,0.0,60.0,22.0,12.0,0.0,24.0,60.0,0.0,2.01
ofsetni papir 80 g,300 dot,247,0.0,0.0,31.0,60.0,42.0,26.0,-1.0,42.0,64.0,-1.0,0.49
ofsetni papir 80 g,300 dot,248,0.0,31.0,31.0,60.0,37.0,33.0,3.0,37.0,37.0,3.0,0.81
ofsetni papir 80 g,300 dot,249,0.0,72.0,31.0,60.0,31.0,14.0,11.0,30.0,64.0,10.0,0.45
ofsetni papir 80 g,300 dot,250,0.0,100.0,31.0,60.0,27.0,53.0,15.0,26.0,61.0,15.0,0.69
ofsetni papir 80 g,300 dot,251,31.0,0.0,31.0,60.0,39.0,5.0,-4.0,38.0,67.0,-4.0,0.34
ofsetni papir 80 g,300 dot,252,31.0,31.0,31.0,60.0,33.0,39.0,-0.0,33.0,78.0,-0.0,0.34
ofsetni papir 80 g,300 dot,253,31.0,72.0,31.0,60.0,27.0,83.0,6.0,29.0,7.0,7.0,1.55
ofsetni papir 80 g,300 dot,254,31.0,100.0,31.0,60.0,23.0,67.0,10.0,25.0,5.0,10.0,1.09
ofsetni papir 80 g,300 dot,255,72.0,0.0,31.0,60.0,32.0,90.0,-10.0,33.0,32.0,-10.0,0.4
ofsetni papir 80 g,300 dot,256,72.0,31.0,31.0,60.0,29.0,21.0,-4.0,29.0,59.0,-4.0,0.31
ofsetni papir 80 g,300 dot,257,72.0,72.0,31.0,60.0,25.0,32.0,0.0,26.0,52.0,0.0,0.89
ofsetni papir 80 g,300 dot,258,72.0,100.0,31.0,60.0,23.0,13.0,2.0,25.0,70.0,2.0,1.98
ofsetni papir 80 g,300 dot,259,100.0,0.0,31.0,60.0,29.0,10.0,-13.0,30.0,65.0,-11.0,1.6
ofsetni papir 80 g,300 dot,260,100.0,31.0,31.0,60.0,25.0,53.0,-7.0,26.0,86.0,-6.0,1.32
ofsetni papir 80 g,300 dot,261,100.0,72.0,31.0,60.0,23.0,62.0,-1.0,25.0,10.0,-1.0,1.26
ofsetni papir 80 g,300 dot,262,100.0,100.0,31.0,60.0,22.0,3.0,0.0,23.0,25.0,0.0,0.97
ofsetni papir 80 g,300 dot,263,0.0,0.0,72.0,60.0,42.0,12.0,-2.0,41.0,33.0,-2.0,0.81
ofsetni papir 80 g,300 dot,264,0.0,31.0,72.0,60.0,36.0,76.0,2.0,36.0,43.0,2.0,0.54
ofsetni papir 80 g,300 dot,265,0.0,72.0,72.0,60.0,30.0,78.0,10.0,29.0,47.0,10.0,1.04
ofsetni papir 80 g,300 dot,266,0.0,100.0,72.0,60.0,27.0,62.0,15.0,26.0,90.0,14.0,0.71
ofsetni papir 80 g,300 dot,267,31.0,0.0,72.0,60.0,36.0,82.0,-5.0,37.0,79.0,-5.0,1.16
ofsetni papir 80 g,300 dot,268,31.0,31.0,72.0,60.0,31.0,57.0,-1.0,32.0,94.0,-1.0,1.1
ofsetni papir 80 g,300 dot,269,31.0,72.0,72.0,60.0,27.0,52.0,5.0,29.0,9.0,5.0,1.21
ofsetni papir 80 g,300 dot,270,31.0,100.0,72.0,60.0,25.0,74.0,8.0,26.0,30.0,8.0,0.55
ofsetni papir 80 g,300 dot,271,72.0,0.0,72.0,60.0,30.0,17.0,-11.0,30.0,66.0,-10.0,0.8
ofsetni papir 80 g,300 dot,272,72.0,31.0,72.0,60.0,28.0,43.0,-5.0,29.0,26.0,-4.0,0.65
ofsetni papir 80 g,300 dot,273,72.0,72.0,72.0,60.0,26.0,69.0,0.0,27.0,24.0,0.0,0.46
ofsetni papir 80 g,300 dot,274,72.0,100.0,72.0,60.0,24.0,7.0,2.0,25.0,3.0,2.0,0.7
ofsetni papir 80 g,300 dot,275,100.0,0.0,72.0,60.0,28.0,68.0,-13.0,29.0,33.0,-12.0,1.36
ofsetni papir 80 g,300 dot,276,100.0,31.0,72.0,60.0,25.0,95.0,-7.0,27.0,54.0,-6.0,1.29
ofsetni papir 80 g,300 dot,277,100.0,72.0,72.0,60.0,24.0,85.0,-1.0,24.0,63.0,-1.0,0.26
ofsetni papir 80 g,300 dot,278,100.0,100.0,72.0,60.0,23.0,92.0,-0.0,23.0,80.0,-0.0,0.1
ofsetni papir 80 g,300 dot,279,0.0,0.0,100.0,60.0,39.0,46.0,-3.0,39.0,7.0,-3.0,0.39
ofsetni papir 80 g,300 dot,280,0.0,31.0,100.0,60.0,34.0,53.0,0.0,34.0,20.0,1.0,0.62
ofsetni papir 80 g,300 dot,281,0.0,72.0,100.0,60.0,28.0,40.0,11.0,29.0,23.0,11.0,2.39
ofsetni papir 80 g,300 dot,282,0.0,100.0,100.0,60.0,24.0,22.0,15.0,24.0,76.0,16.0,0.87
ofsetni papir 80 g,300 dot,283,31.0,0.0,100.0,60.0,34.0,81.0,-6.0,35.0,89.0,-6.0,1.05
ofsetni papir 80 g,300 dot,284,31.0,31.0,100.0,60.0,31.0,23.0,-1.0,33.0,3.0,-1.0,1.51
ofsetni papir 80 g,300 dot,285,31.0,72.0,100.0,60.0,26.0,43.0,4.0,27.0,93.0,4.0,1.93
ofsetni papir 80 g,300 dot,286,31.0,100.0,100.0,60.0,25.0,72.0,7.0,26.0,35.0,7.0,0.72
ofsetni papir 80 g,300 dot,287,72.0,0.0,100.0,60.0,30.0,24.0,-11.0,30.0,74.0,-11.0,0.85
ofsetni papir 80 g,300 dot,288,72.0,31.0,100.0,60.0,27.0,87.0,-5.0,28.0,98.0,-5.0,0.89
ofsetni papir 80 g,300 dot,289,72.0,72.0,100.0,60.0,26.0,27.0,-0.0,26.0,93.0,-0.0,0.61
ofsetni papir 80 g,300 dot,290,72.0,100.0,100.0,60.0,24.0,81.0,1.0,25.0,58.0,1.0,0.59
ofsetni papir 80 g,300 dot,291,100.0,0.0,100.0,60.0,29.0,26.0,-13.0,29.0,10.0,-13.0,0.19
ofsetni papir 80 g,300 dot,292,100.0,31.0,100.0,60.0,25.0,92.0,-8.0,26.0,20.0,-8.0,0.28
ofsetni papir 80 g,300 dot,293,100.0,72.0,100.0,60.0,24.0,14.0,-2.0,21.0,76.0,-2.0,1.7
ofsetni papir 80 g,300 dot,294,100.0,100.0,100.0,60.0,23.0,46.0,-0.0,23.0,55.0,-0.0,0.21
ofsetni papir 80 g,300 dot,295,0.0,0.0,0.0,88.0,26.0,73.0,-0.0,28.0,21.0,-0.0,1.64
ofsetni papir 80 g,300 dot,296,0.0,52.0,0.0,88.0,24.0,40.0,2.0,24.0,82.0,2.0,0.39
ofsetni papir 80 g,300 dot,297,0.0,100.0,0.0,88.0,23.0,19.0,4.0,23.0,65.0,4.0,0.36
ofsetni papir 80 g,300 dot,298,31.0,0.0,0.0,88.0,26.0,43.0,-1.0,27.0,79.0,-1.0,1.06
ofsetni papir 80 g,300 dot,299,31.0,52.0,0.0,88.0,24.0,54.0,0.0,25.0,47.0,0.0,0.71
ofsetni papir 80 g,300 dot,300,31.0,100.0,0.0,88.0,21.0,44.0,3.0,24.0,54.0,2.0,2.33
ofsetni papir 80 g,300 dot,301,72.0,0.0,0.0,88.0,23.0,89.0,-2.0,26.0,10.0,-2.0,1.62
ofsetni papir 80 g,300 dot,302,72.0,52.0,0.0,88.0,23.0,58.0,-0.0,25.0,7.0,-0.0,1.1
ofsetni papir 80 g,300 dot,303,72.0,100.0,0.0,88.0,23.0,35.0,1.0,24.0,42.0,0.0,0.87
ofsetni papir 80 g,300 dot,304,100.0,0.0,0.0,88.0,24.0,66.0,-2.0,25.0,66.0,-2.0,0.73
ofsetni papir 80 g,300 dot,305,100.0,52.0,0.0,88.0,24.0,27.0,-0.0,24.0,51.0,-0.0,0.38
ofsetni papir 80 g,300 dot,306,100.0,100.0,0.0,88.0,22.0,50.0,0.0,23.0,4.0,0.0,0.41
ofsetni papir 80 g,300 dot,307,0.0,0.0,52.0,88.0,28.0,37.0,-1.0,27.0,74.0,-1.0,0.48
ofsetni papir 80 g,300 dot,308,0.0,52.0,52.0,88.0,25.0,8.0,1.0,24.0,73.0,1.0,0.47
ofsetni papir 80 g,300 dot,309,0.0,100.0,52.0,88.0,18.0,85.0,5.0,20.0,6.0,5.0,1.74
ofsetni papir 80 g,300 dot,310,31.0,0.0,52.0,88.0,25.0,53.0,-2.0,26.0,8.0,-2.0,0.54
ofsetni papir 80 g,300 dot,311,31.0,52.0,52.0,88.0,24.0,75.0,0.0,24.0,73.0,0.0,0.19
ofsetni papir 80 g,300 dot,312,31.0,100.0,52.0,88.0,22.0,77.0,2.0,23.0,57.0,2.0,0.61
ofsetni papir 80 g,300 dot,313,72.0,0.0,52.0,88.0,24.0,2.0,-3.0,25.0,27.0,-2.0,1.03
ofsetni papir 80 g,300 dot,314,72.0,52.0,52.0,88.0,24.0,1.0,-0.0,25.0,24.0,-0.0,0.9
ofsetni papir 80 g,300 dot,315,72.0,100.0,52.0,88.0,23.0,97.0,0.0,24.0,50.0,0.0,0.41
ofsetni papir 80 g,300 dot,316,100.0,0.0,52.0,88.0,24.0,3.0,-3.0,25.0,14.0,-3.0,0.84
ofsetni papir 80 g,300 dot,317,100.0,52.0,52.0,88.0,24.0,51.0,-0.0,24.0,65.0,-0.0,0.13
ofsetni papir 80 g,300 dot,318,100.0,100.0,52.0,88.0,25.0,0.0,-0.0,24.0,28.0,-0.0,0.54
ofsetni papir 80 g,300 dot,319,0.0,0.0,100.0,88.0,27.0,94.0,-1.0,27.0,95.0,-1.0,0.33
ofsetni papir 80 g,300 dot,320,0.0,52.0,100.0,88.0,26.0,12.0,0.0,24.0,21.0,0.0,1.63
ofsetni papir 80 g,300 dot,321,0.0,100.0,100.0,88.0,23.0,8.0,3.0,23.0,41.0,3.0,0.24
ofsetni papir 80 g,300 dot,322,31.0,0.0,100.0,88.0,26.0,57.0,-2.0,26.0,7.0,-2.0,0.43
ofsetni papir 80 g,300 dot,323,31.0,52.0,100.0,88.0,18.0,84.0,-0.0,21.0,22.0,0.0,2.64
ofsetni papir 80 g,300 dot,324,31.0,100.0,100.0,88.0,19.0,61.0,2.0,21.0,1.0,2.0,1.05
ofsetni papir 80 g,300 dot,325,72.0,0.0,100.0,88.0,23.0,39.0,-4.0,23.0,67.0,-4.0,0.44
ofsetni papir 80 g,300 dot,326,72.0,52.0,100.0,88.0,23.0,38.0,-1.0,23.0,97.0,-1.0,0.67
ofsetni papir 80 g,300 dot,327,72.0,100.0,100.0,88.0,23.0,57.0,0.0,24.0,14.0,0.0,0.62
ofsetni papir 80 g,300 dot,328,100.0,0.0,100.0,88.0,23.0,54.0,-4.0,24.0,92.0,-3.0,1.12
ofsetni papir 80 g,300 dot,329,100.0,52.0,100.0,88.0,24.0,9.0,-1.0,24.0,32.0,-1.0,0.19
ofsetni papir 80 g,300 dot,330,100.0,100.0,100.0,88.0,24.0,12.0,-0.0,25.0,22.0,-0.0,0.91
ofsetni papir 80 g,300 dot,331,0.0,0.0,0.0,100.0,27.0,24.0,-0.0,27.0,16.0,-0.0,0.14
ofsetni papir 80 g,300 dot,332,0.0,52.0,0.0,100.0,25.0,5.0,0.0,24.0,99.0,0.0,0.22
ofsetni papir 80 g,300 dot,333,0.0,100.0,0.0,100.0,24.0,22.0,1.0,23.0,98.0,1.0,0.65
ofsetni papir 80 g,300 dot,334,52.0,0.0,0.0,100.0,22.0,55.0,-0.0,22.0,52.0,-1.0,0.4
ofsetni papir 80 g,300 dot,335,52.0,52.0,0.0,100.0,22.0,85.0,-0.0,22.0,0.0,0.0,0.64
ofsetni papir 80 g,300 dot,336,52.0,100.0,0.0,100.0,23.0,6.0,0.0,21.0,70.0,1.0,1.09
ofsetni papir 80 g,300 dot,337,100.0,0.0,0.0,100.0,15.0,76.0,-1.0,16.0,36.0,-0.0,1.55
ofsetni papir 80 g,300 dot,338,100.0,52.0,0.0,100.0,17.0,20.0,-0.0,18.0,73.0,-0.0,1.08
ofsetni papir 80 g,300 dot,339,100.0,100.0,0.0,100.0,20.0,77.0,0.0,22.0,53.0,2.0,9.26
ofsetni papir 80 g,300 dot,340,0.0,0.0,52.0,100.0,22.0,38.0,-0.0,24.0,8.0,-0.0,1.28
ofsetni papir 80 g,300 dot,341,0.0,52.0,52.0,100.0,23.0,28.0,0.0,23.0,4.0,0.0,0.32
ofsetni papir 80 g,300 dot,342,0.0,100.0,52.0,100.0,22.0,88.0,1.0,24.0,9.0,1.0,0.89
ofsetni papir 80 g,300 dot,343,52.0,0.0,52.0,100.0,24.0,45.0,-1.0,24.0,98.0,-1.0,0.44
ofsetni papir 80 g,300 dot,344,52.0,52.0,52.0,100.0,24.0,9.0,-0.0,24.0,91.0,-0.0,0.61
ofsetni papir 80 g,300 dot,345,52.0,100.0,52.0,100.0,24.0,36.0,0.0,24.0,61.0,0.0,0.19
ofsetni papir 80 g,300 dot,346,100.0,0.0,52.0,100.0,23.0,75.0,-1.0,24.0,64.0,-1.0,0.81
ofsetni papir 80 g,300 dot,347,100.0,52.0,52.0,100.0,24.0,48.0,-0.0,23.0,86.0,-1.0,0.67
ofsetni papir 80 g,300 dot,348,100.0,100.0,52.0,100.0,24.0,8.0,-0.0,23.0,84.0,-0.0,0.19
ofsetni papir 80 g,300 dot,349,0.0,0.0,100.0,100.0,24.0,0.0,-1.0,22.0,50.0,-1.0,1.09
ofsetni papir 80 g,300 dot,350,0.0,52.0,100.0,100.0,24.0,30.0,0.0,21.0,95.0,0.0,1.73
ofsetni papir 80 g,300 dot,351,0.0,100.0,100.0,100.0,18.0,38.0,1.0,18.0,7.0,2.0,2.08
ofsetni papir 80 g,300 dot,352,52.0,0.0,100.0,100.0,18.0,80.0,-2.0,20.0,77.0,-2.0,2.0
ofsetni papir 80 g,300 dot,353,52.0,52.0,100.0,100.0,23.0,66.0,-0.0,25.0,19.0,0.0,7.39
ofsetni papir 80 g,300 dot,354,52.0,100.0,100.0,100.0,23.0,10.0,0.0,23.0,17.0,0.0,0.14
ofsetni papir 80 g,300 dot,355,100.0,0.0,100.0,100.0,21.0,31.0,-2.0,22.0,66.0,-1.0,1.19
ofsetni papir 80 g,300 dot,356,100.0,52.0,100.0,100.0,21.0,83.0,-1.0,23.0,63.0,-1.0,1.29
ofsetni papir 80 g,300 dot,357,100.0,100.0,100.0,100.0,25.0,5.0,-0.0,24.0,50.0,-0.0,0.42
ofsetni papir 80 g,300 dot,358,5.0,0.0,0.0,0.0,90.0,51.0,-0.0,92.0,8.0,0.0,1.07
ofsetni papir 80 g,300 dot,359,28.0,0.0,0.0,0.0,85.0,53.0,-6.0,85.0,31.0,-6.0,0.26
ofsetni papir 80 g,300 dot,360,95.0,0.0,0.0,0.0,56.0,1.0,-30.0,55.0,84.0,-30.0,0.2
ofsetni papir 80 g,300 dot,361,0.0,4.0,0.0,0.0,92.0,69.0,1.0,92.0,26.0,1.0,0.29
ofsetni papir 80 g,300 dot,362,0.0,11.0,0.0,0.0,91.0,20.0,1.0,90.0,85.0,2.0,0.26
ofsetni papir 80 g,300 dot,363,0.0,93.0,0.0,0.0,53.0,7.0,51.0,52.0,81.0,50.0,0.27
ofsetni papir 80 g,300 dot,364,0.0,0.0,4.0,0.0,92.0,81.0,1.0,92.0,75.0,1.0,0.16
ofsetni papir 80 g,300 dot,365,0.0,0.0,11.0,0.0,92.0,58.0,0.0,92.0,31.0,0.0,0.37
ofsetni papir 80 g,300 dot,366,0.0,0.0,93.0,0.0,87.0,6.0,-4.0,87.0,18.0,-3.0,2.36
ofsetni papir 80 g,300 dot,367,0.0,0.0,0.0,4.0,87.0,65.0,0.0,87.0,70.0,0.0,0.34
ofsetni papir 80 g,300 dot,368,0.0,0.0,0.0,13.0,79.0,9.0,0.0,79.0,34.0,0.0,0.25
ofsetni papir 80 g,300 dot,369,0.0,0.0,0.0,95.0,28.0,36.0,-0.0,26.0,67.0,-0.0,1.27
ofsetni papir 80 g,300 dot,370,9.0,7.0,7.0,0.0,84.0,73.0,0.0,84.0,43.0,0.0,0.21
ofsetni papir 80 g,300 dot,371,19.0,15.0,15.0,0.0,75.0,57.0,0.0,75.0,59.0,0.0,0.65
ofsetni papir 80 g,300 dot,372,29.0,23.0,23.0,0.0,66.0,57.0,-0.0,65.0,64.0,-0.0,0.76
ofsetni papir 80 g,300 dot,373,39.0,31.0,31.0,0.0,56.0,70.0,-0.0,55.0,52.0,-0.0,1.12
ofsetni papir 80 g,300 dot,374,49.0,39.0,39.0,4.0,45.0,15.0,-0.0,44.0,54.0,-0.0,0.61
ofsetni papir 80 g,300 dot,375,59.0,47.0,47.0,16.0,37.0,27.0,-0.0,37.0,16.0,-0.0,0.33
ofsetni papir 80 g,300 dot,376,69.0,55.0,55.0,31.0,32.0,37.0,-1.0,32.0,12.0,-1.0,0.3
ofsetni papir 80 g,300 dot,377,79.0,63.0,63.0,48.0,28.0,88.0,-1.0,28.0,28.0,-1.0,0.47
ofsetni papir 80 g,300 dot,378,89.0,71.0,71.0,72.0,25.0,1.0,-1.0,25.0,5.0,-1.0,0.12
ofsetni papir 80 g,300 dot,379,99.0,79.0,79.0,100.0,20.0,38.0,-0.0,21.0,2.0,-0.0,2.27
ofsetni papir 80 g,300 dot,380,9.0,7.0,7.0,0.0,85.0,49.0,0.0,85.0,4.0,0.0,0.45
ofsetni papir 80 g,300 dot,381,18.0,14.0,14.0,0.0,77.0,60.0,0.0,78.0,21.0,0.0,1.14
ofsetni papir 80 g,300 dot,382,27.0,21.0,21.0,0.0,68.0,27.0,0.0,68.0,85.0,0.0,0.46
ofsetni papir 80 g,300 dot,383,36.0,29.0,29.0,0.0,58.0,86.0,-0.0,58.0,90.0,-0.0,0.42
ofsetni papir 80 g,300 dot,384,45.0,36.0,36.0,0.0,50.0,12.0,-0.0,49.0,56.0,-0.0,0.6
ofsetni papir 80 g,300 dot,385,54.0,43.0,43.0,0.0,43.0,38.0,-0.0,43.0,23.0,-0.0,0.21
ofsetni papir 80 g,300 dot,386,63.0,50.0,50.0,0.0,39.0,69.0,-1.0,37.0,94.0,-1.0,1.53
ofsetni papir 80 g,300 dot,387,72.0,58.0,58.0,0.0,35.0,81.0,-1.0,34.0,0.0,-1.0,1.54
ofsetni papir 80 g,300 dot,388,81.0,65.0,65.0,2.0,32.0,39.0,-2.0,32.0,65.0,-2.0,0.32
ofsetni papir 80 g,300 dot,389,90.0,72.0,72.0,49.0,26.0,52.0,-1.0,26.0,91.0,-2.0,0.58
ofsetni papir 80 g,300 dot,390,24.0,19.0,19.0,11.0,63.0,34.0,-0.0,63.0,47.0,-0.0,0.27
ofsetni papir 80 g,300 dot,391,49.0,39.0,39.0,30.0,37.0,62.0,-0.0,37.0,86.0,-0.0,0.24
ofsetni papir 80 g,300 dot,392,74.0,59.0,59.0,59.0,28.0,84.0,-1.0,28.0,49.0,-1.0,0.27
ofsetni papir 80 g,300 dot,393,28.0,0.0,0.0,0.0,85.0,83.0,-6.0,85.0,67.0,-6.0,0.2
ofsetni papir 80 g,300 dot,394,64.0,0.0,0.0,0.0,67.0,57.0,-22.0,67.0,18.0,-22.0,0.43
ofsetni papir 80 g,300 dot,395,0.0,21.0,0.0,0.0,89.0,38.0,4.0,89.0,59.0,1.0,4.28
ofsetni papir 80 g,300 dot,396,0.0,52.0,0.0,0.0,73.0,76.0,20.0,73.0,58.0,20.0,0.15
ofsetni papir 80 g,300 dot,397,0.0,0.0,21.0,0.0,92.0,54.0,-0.0,92.0,1.0,-0.0,0.44
ofsetni papir 80 g,300 dot,398,0.0,0.0,52.0,0.0,90.0,46.0,-2.0,90.0,34.0,-2.0,0.35
ofsetni papir 80 g,300 dot,399,0.0,0.0,0.0,25.0,69.0,68.0,0.0,69.0,47.0,0.0,0.23
ofsetni papir 80 g,300 dot,400,0.0,0.0,0.0,60.0,43.0,82.0,-0.0,39.0,30.0,-0.0,4.19
ofsetni papir 80 g,600 dot,1,0.0,0.0,0.0,0.0,93.0,12.0,1.0,92.0,57.0,1.0,0.34
ofsetni papir 80 g,600 dot,2,0.0,21.0,0.0,0.0,87.0,23.0,6.0,86.0,59.0,7.0,0.69
ofsetni papir 80 g,600 dot,3,0.0,52.0,0.0,0.0,73.0,0.0,19.0,71.0,83.0,20.0,1.16
ofsetni papir 80 g,600 dot,4,0.0,81.0,0.0,0.0,59.0,27.0,37.0,58.0,7.0,38.0,1.22
ofsetni papir 80 g,600 dot,5,0.0,100.0,0.0,0.0,49.0,42.0,54.0,48.0,53.0,55.0,0.93
ofsetni papir 80 g,600 dot,6,16.0,0.0,0.0,0.0,88.0,61.0,-2.0,88.0,45.0,-2.0,0.22
ofsetni papir 80 g,600 dot,7,16.0,21.0,0.0,0.0,83.0,6.0,3.0,82.0,19.0,3.0,0.62
ofsetni papir 80 g,600 dot,8,16.0,52.0,0.0,0.0,69.0,42.0,16.0,67.0,64.0,17.0,1.53
ofsetni papir 80 g,600 dot,9,16.0,81.0,0.0,0.0,54.0,36.0,31.0,52.0,54.0,32.0,1.82
ofsetni papir 80 g,600 dot,10,16.0,100.0,0.0,0.0,45.0,85.0,47.0,44.0,67.0,47.0,1.15
ofsetni papir 80 g,600 dot,11,39.0,0.0,0.0,0.0,81.0,7.0,-9.0,80.0,47.0,-9.0,0.42
ofsetni papir 80 g,600 dot,12,39.0,21.0,0.0,0.0,74.0,93.0,-3.0,73.0,75.0,-3.0,0.93
ofsetni papir 80 g,600 dot,13,39.0,52.0,0.0,0.0,62.0,97.0,8.0,61.0,15.0,10.0,1.77
ofsetni papir 80 g,600 dot,14,39.0,81.0,0.0,0.0,50.0,37.0,24.0,48.0,4.0,24.0,2.42
ofsetni papir 80 g,600 dot,15,39.0,100.0,0.0,0.0,42.0,54.0,38.0,40.0,91.0,37.0,1.52
ofsetni papir 80 g,600 dot,16,64.0,0.0,0.0,0.0,70.0,44.0,-18.0,68.0,80.0,-19.0,1.45
ofsetni papir 80 g,600 dot,17,64.0,21.0,0.0,0.0,63.0,64.0,-14.0,61.0,81.0,-14.0,1.62
ofsetni papir 80 g,600 dot,18,64.0,52.0,0.0,0.0,53.0,34.0,-2.0,51.0,39.0,-2.0,1.94
ofsetni papir 80 g,600 dot,19,64.0,81.0,0.0,0.0,43.0,38.0,9.0,41.0,26.0,10.0,2.02
ofsetni papir 80 g,600 dot,20,64.0,100.0,0.0,0.0,35.0,84.0,20.0,35.0,22.0,20.0,0.56
ofsetni papir 80 g,600 dot,21,85.0,0.0,0.0,0.0,60.0,70.0,-27.0,59.0,60.0,-27.0,0.98
ofsetni papir 80 g,600 dot,22,85.0,21.0,0.0,0.0,55.0,22.0,-22.0,54.0,4.0,-22.0,1.15
ofsetni papir 80 g,600 dot,23,85.0,52.0,0.0,0.0,46.0,81.0,-11.0,44.0,9.0,-11.0,2.62
ofsetni papir 80 g,600 dot,24,85.0,81.0,0.0,0.0,37.0,79.0,0.0,35.0,66.0,0.0,1.8
ofsetni papir 80 g,600 dot,25,85.0,100.0,0.0,0.0,32.0,38.0,8.0,29.0,83.0,9.0,2.03
ofsetni papir 80 g,600 dot,26,100.0,0.0,0.0,0.0,54.0,84.0,-32.0,54.0,82.0,-32.0,0.09
ofsetni papir 80 g,600 dot,27,100.0,21.0,0.0,0.0,48.0,92.0,-28.0,48.0,71.0,-27.0,0.59
ofsetni papir 80 g,600 dot,28,100.0,52.0,0.0,0.0,42.0,26.0,-17.0,40.0,63.0,-16.0,1.66
ofsetni papir 80 g,600 dot,29,100.0,81.0,0.0,0.0,33.0,85.0,-5.0,32.0,10.0,-4.0,1.55
ofsetni papir 80 g,600 dot,30,100.0,100.0,0.0,0.0,29.0,68.0,2.0,27.0,37.0,2.0,1.78
ofsetni papir 80 g,600 dot,31,0.0,0.0,21.0,0.0,91.0,62.0,-1.0,91.0,50.0,-1.0,0.76
ofsetni papir 80 g,600 dot,32,0.0,21.0,21.0,0.0,83.0,18.0,5.0,82.0,44.0,6.0,1.07
ofsetni papir 80 g,600 dot,33,0.0,52.0,21.0,0.0,71.0,24.0,20.0,70.0,13.0,21.0,1.08
ofsetni papir 80 g,600 dot,34,0.0,81.0,21.0,0.0,58.0,21.0,39.0,57.0,59.0,40.0,0.69
ofsetni papir 80 g,600 dot,35,0.0,100.0,21.0,0.0,48.0,8.0,55.0,47.0,41.0,56.0,0.77
ofsetni papir 80 g,600 dot,36,16.0,0.0,21.0,0.0,85.0,83.0,-4.0,85.0,13.0,-4.0,0.71
ofsetni papir 80 g,600 dot,37,16.0,21.0,21.0,0.0,73.0,65.0,1.0,72.0,0.0,1.0,1.3
ofsetni papir 80 g,600 dot,38,16.0,52.0,21.0,0.0,62.0,59.0,14.0,61.0,14.0,15.0,1.32
ofsetni papir 80 g,600 dot,39,16.0,81.0,21.0,0.0,51.0,41.0,31.0,49.0,54.0,32.0,1.92
ofsetni papir 80 g,600 dot,40,16.0,100.0,21.0,0.0,43.0,32.0,45.0,42.0,68.0,44.0,0.73
ofsetni papir 80 g,600 dot,41,39.0,0.0,21.0,0.0,78.0,0.0,-11.0,77.0,24.0,-11.0,0.56
ofsetni papir 80 g,600 dot,42,39.0,21.0,21.0,0.0,66.0,53.0,-3.0,64.0,3.0,-3.0,2.06
ofsetni papir 80 g,600 dot,43,39.0,52.0,21.0,0.0,55.0,99.0,8.0,53.0,71.0,9.0,2.29
ofsetni papir 80 g,600 dot,44,39.0,81.0,21.0,0.0,45.0,18.0,21.0,43.0,5.0,22.0,2.02
ofsetni papir 80 g,600 dot,45,39.0,100.0,21.0,0.0,38.0,87.0,34.0,36.0,90.0,33.0,1.68
ofsetni papir 80 g,600 dot,46,64.0,0.0,21.0,0.0,66.0,18.0,-23.0,65.0,13.0,-24.0,0.91
ofsetni papir 80 g,600 dot,47,64.0,21.0,21.0,0.0,57.0,5.0,-14.0,55.0,25.0,-14.0,1.69
ofsetni papir 80 g,600 dot,48,64.0,52.0,21.0,0.0,46.0,83.0,-1.0,45.0,27.0,-1.0,1.57
ofsetni papir 80 g,600 dot,49,64.0,81.0,21.0,0.0,38.0,90.0,11.0,36.0,62.0,10.0,2.13
ofsetni papir 80 g,600 dot,50,64.0,100.0,21.0,0.0,33.0,42.0,19.0,32.0,16.0,19.0,1.05
ofsetni papir 80 g,600 dot,51,85.0,0.0,21.0,0.0,58.0,6.0,-32.0,56.0,35.0,-33.0,1.63
ofsetni papir 80 g,600 dot,52,85.0,21.0,21.0,0.0,49.0,96.0,-23.0,47.0,84.0,-23.0,2.13
ofsetni papir 80 g,600 dot,53,85.0,52.0,21.0,0.0,40.0,11.0,-10.0,38.0,22.0,-9.0,1.69
ofsetni papir 80 g,600 dot,54,85.0,81.0,21.0,0.0,32.0,90.0,1.0,30.0,36.0,1.0,2.14
ofsetni papir 80 g,600 dot,55,85.0,100.0,21.0,0.0,29.0,0.0,7.0,26.0,55.0,7.0,1.88
ofsetni papir 80 g,600 dot,56,100.0,0.0,21.0,0.0,52.0,22.0,-38.0,51.0,75.0,-37.0,0.64
ofsetni papir 80 g,600 dot,57,100.0,21.0,21.0,0.0,46.0,29.0,-30.0,44.0,97.0,-31.0,1.31
ofsetni papir 80 g,600 dot,58,100.0,52.0,21.0,0.0,37.0,17.0,-15.0,35.0,73.0,-15.0,1.22
ofsetni papir 80 g,600 dot,59,100.0,81.0,21.0,0.0,29.0,95.0,-5.0,27.0,40.0,-3.0,2.19
ofsetni papir 80 g,600 dot,60,100.0,100.0,21.0,0.0,27.0,18.0,0.0,26.0,22.0,0.0,1.04
ofsetni papir 80 g,600 dot,61,0.0,0.0,52.0,0.0,89.0,15.0,-2.0,88.0,97.0,-2.0,0.41
ofsetni papir 80 g,600 dot,62,0.0,21.0,52.0,0.0,81.0,46.0,5.0,81.0,17.0,5.0,0.66
ofsetni papir 80 g,600 dot,63,0.0,52.0,52.0,0.0,69.0,55.0,20.0,68.0,29.0,21.0,1.46
ofsetni papir 80 g,600 dot,64,0.0,81.0,52.0,0.0,57.0,44.0,40.0,55.0,77.0,41.0,1.66
ofsetni papir 80 g,600 dot,65,0.0,100.0,52.0,0.0,47.0,32.0,54.0,46.0,48.0,55.0,0.92
ofsetni papir 80 g,600 dot,66,16.0,0.0,52.0,0.0,81.0,85.0,-5.0,81.0,19.0,-5.0,0.52
ofsetni papir 80 g,600 dot,67,16.0,21.0,52.0,0.0,71.0,89.0,1.0,70.0,62.0,1.0,1.2
ofsetni papir 80 g,600 dot,68,16.0,52.0,52.0,0.0,60.0,60.0,14.0,58.0,86.0,15.0,1.62
ofsetni papir 80 g,600 dot,69,16.0,81.0,52.0,0.0,50.0,40.0,30.0,48.0,38.0,31.0,2.04
ofsetni papir 80 g,600 dot,70,16.0,100.0,52.0,0.0,42.0,99.0,44.0,41.0,46.0,44.0,1.41
ofsetni papir 80 g,600 dot,71,39.0,0.0,52.0,0.0,75.0,19.0,-13.0,74.0,1.0,-14.0,0.99
ofsetni papir 80 g,600 dot,72,39.0,21.0,52.0,0.0,61.0,62.0,-4.0,60.0,90.0,-4.0,1.1
ofsetni papir 80 g,600 dot,73,39.0,52.0,52.0,0.0,50.0,74.0,6.0,48.0,38.0,7.0,2.44
ofsetni papir 80 g,600 dot,74,39.0,81.0,52.0,0.0,41.0,79.0,19.0,40.0,53.0,20.0,1.23
ofsetni papir 80 g,600 dot,75,39.0,100.0,52.0,0.0,37.0,6.0,30.0,35.0,41.0,30.0,1.37
ofsetni papir 80 g,600 dot,76,64.0,0.0,52.0,0.0,63.0,94.0,-26.0,63.0,6.0,-27.0,0.87
ofsetni papir 80 g,600 dot,77,64.0,21.0,52.0,0.0,54.0,43.0,-15.0,52.0,99.0,-16.0,1.43
ofsetni papir 80 g,600 dot,78,64.0,52.0,52.0,0.0,37.0,43.0,-1.0,36.0,74.0,-1.0,0.6
ofsetni papir 80 g,600 dot,79,64.0,81.0,52.0,0.0,31.0,91.0,8.0,31.0,42.0,8.0,0.46
ofsetni papir 80 g,600 dot,80,64.0,100.0,52.0,0.0,28.0,59.0,14.0,27.0,80.0,14.0,0.63
ofsetni papir 80 g,600 dot,81,85.0,0.0,52.0,0.0,54.0,88.0,-38.0,54.0,6.0,-38.0,0.91
ofsetni papir 80 g,600 dot,82,85.0,21.0,52.0,0.0,46.0,64.0,-28.0,46.0,23.0,-26.0,0.89
ofsetni papir 80 g,600 dot,83,85.0,52.0,52.0,0.0,33.0,47.0,-9.0,31.0,28.0,-9.0,1.76
ofsetni papir 80 g,600 dot,84,85.0,81.0,52.0,0.0,28.0,13.0,0.0,27.0,11.0,0.0,1.19
ofsetni papir 80 g,600 dot,85,85.0,100.0,52.0,0.0,25.0,39.0,4.0,24.0,5.0,4.0,0.97
ofsetni papir 80 g,600 dot,86,100.0,0.0,52.0,0.0,50.0,33.0,-43.0,49.0,9.0,-44.0,1.58
ofsetni papir 80 g,600 dot,87,100.0,21.0,52.0,0.0,43.0,70.0,-35.0,42.0,50.0,-35.0,1.47
ofsetni papir 80 g,600 dot,88,100.0,52.0,52.0,0.0,31.0,94.0,-16.0,31.0,40.0,-15.0,0.88
ofsetni papir 80 g,600 dot,89,100.0,81.0,52.0,0.0,25.0,12.0,-4.0,23.0,57.0,-3.0,1.33
ofsetni papir 80 g,600 dot,90,100.0,100.0,52.0,0.0,23.0,31.0,-0.0,21.0,6.0,0.0,1.69
ofsetni papir 80 g,600 dot,91,0.0,0.0,81.0,0.0,86.0,76.0,-3.0,86.0,41.0,-3.0,0.41
ofsetni papir 80 g,600 dot,92,0.0,21.0,81.0,0.0,78.0,75.0,5.0,78.0,0.0,6.0,0.93
ofsetni papir 80 g,600 dot,93,0.0,52.0,81.0,0.0,65.0,92.0,22.0,64.0,52.0,24.0,2.25
ofsetni papir 80 g,600 dot,94,0.0,81.0,81.0,0.0,54.0,53.0,41.0,53.0,35.0,42.0,1.93
ofsetni papir 80 g,600 dot,95,0.0,100.0,81.0,0.0,45.0,72.0,55.0,44.0,57.0,57.0,1.32
ofsetni papir 80 g,600 dot,96,16.0,0.0,81.0,0.0,79.0,23.0,-6.0,78.0,44.0,-6.0,0.58
ofsetni papir 80 g,600 dot,97,16.0,21.0,81.0,0.0,70.0,55.0,0.0,68.0,82.0,1.0,1.51
ofsetni papir 80 g,600 dot,98,16.0,52.0,81.0,0.0,59.0,21.0,15.0,56.0,20.0,17.0,3.26
ofsetni papir 80 g,600 dot,99,16.0,81.0,81.0,0.0,48.0,51.0,32.0,46.0,52.0,34.0,2.33
ofsetni papir 80 g,600 dot,100,16.0,100.0,81.0,0.0,41.0,14.0,46.0,40.0,52.0,47.0,0.61
ofsetni papir 80 g,600 dot,101,39.0,0.0,81.0,0.0,72.0,63.0,-14.0,71.0,64.0,-15.0,0.83
ofsetni papir 80 g,600 dot,102,39.0,21.0,81.0,0.0,59.0,2.0,-6.0,58.0,10.0,-6.0,0.83
ofsetni papir 80 g,600 dot,103,39.0,52.0,81.0,0.0,49.0,30.0,6.0,46.0,38.0,7.0,3.05
ofsetni papir 80 g,600 dot,104,39.0,81.0,81.0,0.0,39.0,67.0,20.0,38.0,41.0,21.0,1.17
ofsetni papir 80 g,600 dot,105,39.0,100.0,81.0,0.0,34.0,88.0,30.0,34.0,62.0,29.0,0.26
ofsetni papir 80 g,600 dot,106,64.0,0.0,81.0,0.0,59.0,97.0,-31.0,58.0,51.0,-32.0,1.78
ofsetni papir 80 g,600 dot,107,64.0,21.0,81.0,0.0,52.0,4.0,-18.0,50.0,7.0,-19.0,2.21
ofsetni papir 80 g,600 dot,108,64.0,52.0,81.0,0.0,37.0,48.0,-2.0,35.0,20.0,-2.0,1.91
ofsetni papir 80 g,600 dot,109,64.0,81.0,81.0,0.0,29.0,86.0,7.0,28.0,73.0,7.0,0.98
ofsetni papir 80 g,600 dot,110,64.0,100.0,81.0,0.0,27.0,35.0,13.0,25.0,5.0,13.0,1.73
ofsetni papir 80 g,600 dot,111,85.0,0.0,81.0,0.0,52.0,28.0,-42.0,51.0,0.0,-43.0,1.3
ofsetni papir 80 g,600 dot,112,85.0,21.0,81.0,0.0,45.0,79.0,-31.0,43.0,6.0,-31.0,2.61
ofsetni papir 80 g,600 dot,113,85.0,52.0,81.0,0.0,32.0,1.0,-11.0,31.0,98.0,-11.0,0.4
ofsetni papir 80 g,600 dot,114,85.0,81.0,81.0,0.0,27.0,11.0,0.0,26.0,90.0,0.0,0.24
ofsetni papir 80 g,600 dot,115,85.0,100.0,81.0,0.0,24.0,69.0,4.0,23.0,54.0,4.0,0.87
ofsetni papir 80 g,600 dot,116,100.0,0.0,81.0,0.0,47.0,1.0,-49.0,46.0,68.0,-49.0,0.36
ofsetni papir 80 g,600 dot,117,100.0,21.0,81.0,0.0,41.0,46.0,-38.0,40.0,88.0,-38.0,0.61
ofsetni papir 80 g,600 dot,118,100.0,52.0,81.0,0.0,30.0,31.0,-18.0,29.0,76.0,-18.0,0.75
ofsetni papir 80 g,600 dot,119,100.0,81.0,81.0,0.0,23.0,61.0,-4.0,23.0,97.0,-3.0,0.35
ofsetni papir 80 g,600 dot,120,100.0,100.0,81.0,0.0,21.0,94.0,-0.0,20.0,44.0,-0.0,1.16
ofsetni papir 80 g,600 dot,121,0.0,0.0,100.0,0.0,85.0,71.0,-3.0,85.0,58.0,-2.0,0.21
ofsetni papir 80 g,600 dot,122,0.0,21.0,100.0,0.0,78.0,10.0,6.0,77.0,10.0,7.0,1.38
ofsetni papir 80 g,600 dot,123,0.0,52.0,100.0,0.0,63.0,90.0,24.0,61.0,63.0,27.0,3.25
ofsetni papir 80 g,600 dot,124,0.0,81.0,100.0,0.0,51.0,98.0,44.0,50.0,48.0,46.0,2.28
ofsetni papir 80 g,600 dot,125,0.0,100.0,100.0,0.0,44.0,75.0,55.0,44.0,5.0,56.0,0.89
ofsetni papir 80 g,600 dot,126,16.0,0.0,100.0,0.0,78.0,62.0,-6.0,77.0,73.0,-6.0,0.66
ofsetni papir 80 g,600 dot,127,16.0,21.0,100.0,0.0,68.0,82.0,0.0,68.0,46.0,0.0,0.48
ofsetni papir 80 g,600 dot,128,16.0,52.0,100.0,0.0,57.0,58.0,15.0,56.0,47.0,17.0,2.16
ofsetni papir 80 g,600 dot,129,16.0,81.0,100.0,0.0,46.0,89.0,33.0,45.0,78.0,34.0,1.9
ofsetni papir 80 g,600 dot,130,16.0,100.0,100.0,0.0,40.0,60.0,45.0,40.0,20.0,46.0,0.48
ofsetni papir 80 g,600 dot,131,39.0,0.0,100.0,0.0,70.0,50.0,-16.0,70.0,17.0,-16.0,0.67
ofsetni papir 80 g,600 dot,132,39.0,21.0,100.0,0.0,57.0,60.0,-6.0,56.0,68.0,-6.0,0.91
ofsetni papir 80 g,600 dot,133,39.0,52.0,100.0,0.0,47.0,21.0,5.0,45.0,33.0,6.0,2.14
ofsetni papir 80 g,600 dot,134,39.0,81.0,100.0,0.0,38.0,32.0,20.0,37.0,14.0,21.0,1.97
ofsetni papir 80 g,600 dot,135,39.0,100.0,100.0,0.0,35.0,28.0,30.0,34.0,6.0,30.0,1.58
ofsetni papir 80 g,600 dot,136,64.0,0.0,100.0,0.0,58.0,63.0,-32.0,56.0,85.0,-33.0,2.22
ofsetni papir 80 g,600 dot,137,64.0,21.0,100.0,0.0,50.0,2.0,-19.0,47.0,32.0,-20.0,2.91
ofsetni papir 80 g,600 dot,138,64.0,52.0,100.0,0.0,37.0,11.0,-2.0,33.0,97.0,-2.0,2.63
ofsetni papir 80 g,600 dot,139,64.0,81.0,100.0,0.0,30.0,90.0,6.0,26.0,91.0,7.0,3.21
ofsetni papir 80 g,600 dot,140,64.0,100.0,100.0,0.0,27.0,16.0,12.0,24.0,49.0,12.0,1.98
ofsetni papir 80 g,600 dot,141,85.0,0.0,100.0,0.0,51.0,1.0,-43.0,49.0,78.0,-44.0,1.58
ofsetni papir 80 g,600 dot,142,85.0,21.0,100.0,0.0,43.0,67.0,-32.0,43.0,0.0,-32.0,1.1
ofsetni papir 80 g,600 dot,143,85.0,52.0,100.0,0.0,32.0,50.0,-12.0,30.0,27.0,-12.0,1.8
ofsetni papir 80 g,600 dot,144,85.0,81.0,100.0,0.0,26.0,63.0,-0.0,26.0,13.0,-0.0,0.65
ofsetni papir 80 g,600 dot,145,85.0,100.0,100.0,0.0,24.0,35.0,3.0,23.0,24.0,3.0,0.95
ofsetni papir 80 g,600 dot,146,100.0,0.0,100.0,0.0,45.0,83.0,-51.0,45.0,58.0,-51.0,0.39
ofsetni papir 80 g,600 dot,147,100.0,21.0,100.0,0.0,40.0,88.0,-40.0,39.0,44.0,-41.0,1.33
ofsetni papir 80 g,600 dot,148,100.0,52.0,100.0,0.0,30.0,39.0,-19.0,28.0,63.0,-19.0,1.37
ofsetni papir 80 g,600 dot,149,100.0,81.0,100.0,0.0,23.0,45.0,-4.0,23.0,89.0,-4.0,0.51
ofsetni papir 80 g,600 dot,150,100.0,100.0,100.0,0.0,22.0,75.0,-0.0,22.0,70.0,-0.0,0.21
ofsetni papir 80 g,600 dot,151,0.0,0.0,0.0,25.0,71.0,69.0,0.0,70.0,52.0,0.0,0.9
ofsetni papir 80 g,600 dot,152,0.0,31.0,0.0,25.0,65.0,37.0,8.0,62.0,90.0,9.0,2.24
ofsetni papir 80 g,600 dot,153,0.0,72.0,0.0,25.0,49.0,93.0,25.0,47.0,49.0,26.0,2.48
ofsetni papir 80 g,600 dot,154,0.0,100.0,0.0,25.0,39.0,61.0,41.0,36.0,80.0,42.0,2.51
ofsetni papir 80 g,600 dot,155,21.0,0.0,0.0,25.0,70.0,0.0,-4.0,69.0,25.0,-4.0,0.87
ofsetni papir 80 g,600 dot,156,21.0,31.0,0.0,25.0,61.0,31.0,4.0,59.0,96.0,4.0,1.24
ofsetni papir 80 g,600 dot,157,21.0,72.0,0.0,25.0,45.0,54.0,20.0,43.0,13.0,20.0,2.29
ofsetni papir 80 g,600 dot,158,21.0,100.0,0.0,25.0,36.0,66.0,35.0,35.0,18.0,35.0,1.25
ofsetni papir 80 g,600 dot,159,52.0,0.0,0.0,25.0,59.0,68.0,-13.0,59.0,27.0,-12.0,0.48
ofsetni papir 80 g,600 dot,160,52.0,31.0,0.0,25.0,52.0,43.0,-4.0,51.0,37.0,-4.0,1.09
ofsetni papir 80 g,600 dot,161,52.0,72.0,0.0,25.0,39.0,46.0,10.0,37.0,32.0,10.0,1.85
ofsetni papir 80 g,600 dot,162,52.0,100.0,0.0,25.0,32.0,37.0,21.0,30.0,61.0,21.0,1.42
ofsetni papir 80 g,600 dot,163,81.0,0.0,0.0,25.0,50.0,16.0,-22.0,48.0,89.0,-22.0,1.27
ofsetni papir 80 g,600 dot,164,81.0,31.0,0.0,25.0,43.0,72.0,-14.0,41.0,43.0,-13.0,2.12
ofsetni papir 80 g,600 dot,165,81.0,72.0,0.0,25.0,33.0,25.0,-0.0,29.0,48.0,0.0,3.13
ofsetni papir 80 g,600 dot,166,81.0,100.0,0.0,25.0,27.0,11.0,7.0,24.0,85.0,7.0,1.81
ofsetni papir 80 g,600 dot,167,100.0,0.0,0.0,25.0,44.0,22.0,-29.0,43.0,37.0,-28.0,0.91
ofsetni papir 80 g,600 dot,168,100.0,31.0,0.0,25.0,39.0,44.0,-20.0,36.0,55.0,-19.0,2.53
ofsetni papir 80 g,600 dot,169,100.0,72.0,0.0,25.0,29.0,17.0,-6.0,29.0,63.0,-5.0,0.96
ofsetni papir 80 g,600 dot,170,100.0,100.0,0.0,25.0,25.0,68.0,1.0,25.0,71.0,1.0,1.2
ofsetni papir 80 g,600 dot,171,0.0,0.0,31.0,25.0,71.0,90.0,-1.0,70.0,74.0,-1.0,1.34
ofsetni papir 80 g,600 dot,172,0.0,31.0,31.0,25.0,62.0,46.0,7.0,60.0,80.0,8.0,1.81
ofsetni papir 80 g,600 dot,173,0.0,72.0,31.0,25.0,48.0,68.0,24.0,46.0,38.0,26.0,2.47
ofsetni papir 80 g,600 dot,174,0.0,100.0,31.0,25.0,38.0,94.0,40.0,38.0,41.0,40.0,0.64
ofsetni papir 80 g,600 dot,175,21.0,0.0,31.0,25.0,65.0,93.0,-5.0,64.0,83.0,-5.0,1.0
ofsetni papir 80 g,600 dot,176,21.0,31.0,31.0,25.0,53.0,37.0,2.0,50.0,59.0,2.0,2.75
ofsetni papir 80 g,600 dot,177,21.0,72.0,31.0,25.0,42.0,59.0,18.0,39.0,89.0,18.0,2.44
ofsetni papir 80 g,600 dot,178,21.0,100.0,31.0,25.0,35.0,53.0,30.0,32.0,73.0,31.0,2.3
ofsetni papir 80 g,600 dot,179,52.0,0.0,31.0,25.0,57.0,31.0,-14.0,55.0,66.0,-14.0,1.65
ofsetni papir 80 g,600 dot,180,52.0,31.0,31.0,25.0,44.0,18.0,-4.0,42.0,5.0,-3.0,1.97
ofsetni papir 80 g,600 dot,181,52.0,72.0,31.0,25.0,34.0,57.0,8.0,32.0,2.0,8.0,2.07
ofsetni papir 80 g,600 dot,182,52.0,100.0,31.0,25.0,29.0,32.0,18.0,26.0,36.0,17.0,2.29
ofsetni papir 80 g,600 dot,183,81.0,0.0,31.0,25.0,47.0,70.0,-25.0,46.0,32.0,-26.0,1.47
ofsetni papir 80 g,600 dot,184,81.0,31.0,31.0,25.0,37.0,33.0,-12.0,36.0,43.0,-12.0,0.79
ofsetni papir 80 g,600 dot,185,81.0,72.0,31.0,25.0,27.0,39.0,-0.0,27.0,55.0,-0.0,0.54
ofsetni papir 80 g,600 dot,186,81.0,100.0,31.0,25.0,23.0,57.0,5.0,23.0,84.0,4.0,0.88
ofsetni papir 80 g,600 dot,187,100.0,0.0,31.0,25.0,41.0,88.0,-33.0,42.0,14.0,-31.0,0.62
ofsetni papir 80 g,600 dot,188,100.0,31.0,31.0,25.0,33.0,64.0,-18.0,33.0,53.0,-17.0,0.98
ofsetni papir 80 g,600 dot,189,100.0,72.0,31.0,25.0,25.0,2.0,-4.0,25.0,16.0,-3.0,1.18
ofsetni papir 80 g,600 dot,190,100.0,100.0,31.0,25.0,21.0,57.0,-0.0,20.0,25.0,0.0,1.51
ofsetni papir 80 g,600 dot,191,0.0,0.0,72.0,25.0,68.0,27.0,-3.0,66.0,55.0,-2.0,1.53
ofsetni papir 80 g,600 dot,192,0.0,31.0,72.0,25.0,59.0,74.0,6.0,57.0,42.0,7.0,2.37
ofsetni papir 80 g,600 dot,193,0.0,72.0,72.0,25.0,46.0,36.0,24.0,42.0,76.0,27.0,3.82
ofsetni papir 80 g,600 dot,194,0.0,100.0,72.0,25.0,36.0,85.0,39.0,34.0,37.0,40.0,2.06
ofsetni papir 80 g,600 dot,195,21.0,0.0,72.0,25.0,62.0,33.0,-6.0,59.0,51.0,-6.0,2.46
ofsetni papir 80 g,600 dot,196,21.0,31.0,72.0,25.0,51.0,93.0,1.0,48.0,46.0,2.0,3.51
ofsetni papir 80 g,600 dot,197,21.0,72.0,72.0,25.0,40.0,34.0,18.0,37.0,50.0,19.0,2.6
ofsetni papir 80 g,600 dot,198,21.0,100.0,72.0,25.0,33.0,97.0,28.0,32.0,65.0,28.0,1.06
ofsetni papir 80 g,600 dot,199,52.0,0.0,72.0,25.0,53.0,55.0,-16.0,51.0,35.0,-17.0,2.26
ofsetni papir 80 g,600 dot,200,52.0,31.0,72.0,25.0,38.0,32.0,-5.0,39.0,2.0,-5.0,0.68
ofsetni papir 80 g,600 dot,201,52.0,72.0,72.0,25.0,29.0,66.0,6.0,29.0,73.0,6.0,0.73
ofsetni papir 80 g,600 dot,202,52.0,100.0,72.0,25.0,26.0,95.0,13.0,26.0,76.0,12.0,0.91
ofsetni papir 80 g,600 dot,203,81.0,0.0,72.0,25.0,44.0,11.0,-29.0,42.0,90.0,-29.0,1.14
ofsetni papir 80 g,600 dot,204,81.0,31.0,72.0,25.0,35.0,52.0,-15.0,33.0,89.0,-14.0,1.57
ofsetni papir 80 g,600 dot,205,81.0,72.0,72.0,25.0,26.0,5.0,-0.0,25.0,4.0,-0.0,0.75
ofsetni papir 80 g,600 dot,206,81.0,100.0,72.0,25.0,23.0,58.0,3.0,21.0,51.0,4.0,1.55
ofsetni papir 80 g,600 dot,207,100.0,0.0,72.0,25.0,39.0,26.0,-37.0,37.0,23.0,-38.0,1.82
ofsetni papir 80 g,600 dot,208,100.0,31.0,72.0,25.0,31.0,74.0,-22.0,29.0,38.0,-21.0,2.0
ofsetni papir 80 g,600 dot,209,100.0,72.0,72.0,25.0,22.0,36.0,-4.0,21.0,93.0,-4.0,0.5
ofsetni papir 80 g,600 dot,210,100.0,100.0,72.0,25.0,22.0,23.0,-0.0,18.0,91.0,0.0,2.45
ofsetni papir 80 g,600 dot,211,0.0,0.0,100.0,25.0,66.0,66.0,-3.0,66.0,0.0,-2.0,0.54
ofsetni papir 80 g,600 dot,212,0.0,31.0,100.0,25.0,57.0,69.0,6.0,56.0,52.0,7.0,1.49
ofsetni papir 80 g,600 dot,213,0.0,72.0,100.0,25.0,45.0,9.0,25.0,42.0,68.0,27.0,3.12
ofsetni papir 80 g,600 dot,214,0.0,100.0,100.0,25.0,37.0,62.0,39.0,37.0,58.0,38.0,1.13
ofsetni papir 80 g,600 dot,215,21.0,0.0,100.0,25.0,59.0,98.0,-7.0,58.0,91.0,-7.0,1.25
ofsetni papir 80 g,600 dot,216,21.0,31.0,100.0,25.0,49.0,40.0,1.0,48.0,68.0,1.0,1.75
ofsetni papir 80 g,600 dot,217,21.0,72.0,100.0,25.0,38.0,25.0,18.0,37.0,39.0,18.0,3.04
ofsetni papir 80 g,600 dot,218,21.0,100.0,100.0,25.0,32.0,66.0,29.0,32.0,35.0,27.0,2.2
ofsetni papir 80 g,600 dot,219,52.0,0.0,100.0,25.0,51.0,34.0,-17.0,48.0,62.0,-19.0,3.33
ofsetni papir 80 g,600 dot,220,52.0,31.0,100.0,25.0,39.0,23.0,-6.0,36.0,77.0,-6.0,2.7
ofsetni papir 80 g,600 dot,221,52.0,72.0,100.0,25.0,29.0,41.0,5.0,27.0,2.0,6.0,2.66
ofsetni papir 80 g,600 dot,222,52.0,100.0,100.0,25.0,25.0,4.0,13.0,23.0,12.0,13.0,1.51
ofsetni papir 80 g,600 dot,223,81.0,0.0,100.0,25.0,41.0,34.0,-32.0,39.0,9.0,-33.0,2.44
ofsetni papir 80 g,600 dot,224,81.0,31.0,100.0,25.0,33.0,57.0,-17.0,31.0,45.0,-16.0,2.48
ofsetni papir 80 g,600 dot,225,81.0,72.0,100.0,25.0,26.0,46.0,-1.0,26.0,41.0,-1.0,0.27
ofsetni papir 80 g,600 dot,226,81.0,100.0,100.0,25.0,24.0,46.0,2.0,22.0,74.0,2.0,1.26
ofsetni papir 80 g,600 dot,227,100.0,0.0,100.0,25.0,39.0,26.0,-38.0,37.0,46.0,-38.0,1.56
ofsetni papir 80 g,600 dot,228,100.0,31.0,100.0,25.0,31.0,45.0,-23.0,30.0,20.0,-22.0,1.14
ofsetni papir 80 g,600 dot,229,100.0,72.0,100.0,25.0,24.0,71.0,-4.0,24.0,50.0,-4.0,0.32
ofsetni papir 80 g,600 dot,230,100.0,100.0,100.0,25.0,24.0,49.0,-0.0,22.0,94.0,-0.0,1.13
ofsetni papir 80 g,600 dot,231,0.0,0.0,0.0,60.0,40.0,14.0,-0.0,38.0,1.0,-0.0,1.86
ofsetni papir 80 g,600 dot,232,0.0,31.0,0.0,60.0,38.0,21.0,3.0,36.0,70.0,3.0,1.34
ofsetni papir 80 g,600 dot,233,0.0,72.0,0.0,60.0,31.0,44.0,12.0,29.0,90.0,11.0,1.26
ofsetni papir 80 g,600 dot,234,0.0,100.0,0.0,60.0,26.0,51.0,18.0,26.0,88.0,15.0,1.94
ofsetni papir 80 g,600 dot,235,31.0,0.0,0.0,60.0,41.0,32.0,-4.0,38.0,33.0,-4.0,2.65
ofsetni papir 80 g,600 dot,236,31.0,31.0,0.0,60.0,35.0,81.0,0.0,32.0,49.0,0.0,2.72
ofsetni papir 80 g,600 dot,237,31.0,72.0,0.0,60.0,28.0,83.0,8.0,24.0,96.0,8.0,2.92
ofsetni papir 80 g,600 dot,238,31.0,100.0,0.0,60.0,22.0,86.0,14.0,20.0,84.0,12.0,1.69
ofsetni papir 80 g,600 dot,239,72.0,0.0,0.0,60.0,33.0,70.0,-10.0,31.0,96.0,-10.0,1.39
ofsetni papir 80 g,600 dot,240,72.0,31.0,0.0,60.0,29.0,83.0,-5.0,28.0,52.0,-5.0,1.05
ofsetni papir 80 g,600 dot,241,72.0,72.0,0.0,60.0,25.0,12.0,0.0,23.0,12.0,1.0,1.53
ofsetni papir 80 g,600 dot,242,72.0,100.0,0.0,60.0,21.0,97.0,4.0,21.0,18.0,4.0,0.83
ofsetni papir 80 g,600 dot,243,100.0,0.0,0.0,60.0,29.0,48.0,-13.0,28.0,21.0,-12.0,1.36
ofsetni papir 80 g,600 dot,244,100.0,31.0,0.0,60.0,27.0,15.0,-7.0,25.0,64.0,-6.0,1.71
ofsetni papir 80 g,600 dot,245,100.0,72.0,0.0,60.0,21.0,96.0,-1.0,21.0,72.0,-1.0,1.25
ofsetni papir 80 g,600 dot,246,100.0,100.0,0.0,60.0,22.0,12.0,0.0,21.0,56.0,1.0,1.62
ofsetni papir 80 g,600 dot,247,0.0,0.0,31.0,60.0,42.0,26.0,-1.0,40.0,51.0,-1.0,1.57
ofsetni papir 80 g,600 dot,248,0.0,31.0,31.0,60.0,37.0,33.0,3.0,36.0,12.0,3.0,1.16
ofsetni papir 80 g,600 dot,249,0.0,72.0,31.0,60.0,31.0,14.0,11.0,29.0,52.0,10.0,1.33
ofsetni papir 80 g,600 dot,250,0.0,100.0,31.0,60.0,27.0,53.0,15.0,24.0,92.0,14.0,2.11
ofsetni papir 80 g,600 dot,251,31.0,0.0,31.0,60.0,39.0,5.0,-4.0,36.0,16.0,-4.0,2.47
ofsetni papir 80 g,600 dot,252,31.0,31.0,31.0,60.0,33.0,39.0,-0.0,31.0,71.0,0.0,1.37
ofsetni papir 80 g,600 dot,253,31.0,72.0,31.0,60.0,27.0,83.0,6.0,26.0,35.0,6.0,1.15
ofsetni papir 80 g,600 dot,254,31.0,100.0,31.0,60.0,23.0,67.0,10.0,23.0,28.0,10.0,0.3
ofsetni papir 80 g,600 dot,255,72.0,0.0,31.0,60.0,32.0,90.0,-10.0,30.0,95.0,-10.0,1.55
ofsetni papir 80 g,600 dot,256,72.0,31.0,31.0,60.0,29.0,21.0,-4.0,28.0,56.0,-4.0,0.54
ofsetni papir 80 g,600 dot,257,72.0,72.0,31.0,60.0,25.0,32.0,0.0,24.0,13.0,0.0,0.93
ofsetni papir 80 g,600 dot,258,72.0,100.0,31.0,60.0,23.0,13.0,2.0,22.0,94.0,2.0,0.44
ofsetni papir 80 g,600 dot,259,100.0,0.0,31.0,60.0,29.0,10.0,-13.0,28.0,29.0,-12.0,0.86
ofsetni papir 80 g,600 dot,260,100.0,31.0,31.0,60.0,25.0,53.0,-7.0,24.0,94.0,-6.0,0.91
ofsetni papir 80 g,600 dot,261,100.0,72.0,31.0,60.0,23.0,62.0,-1.0,22.0,97.0,-1.0,0.65
ofsetni papir 80 g,600 dot,262,100.0,100.0,31.0,60.0,22.0,3.0,0.0,22.0,11.0,1.0,0.96
ofsetni papir 80 g,600 dot,263,0.0,0.0,72.0,60.0,42.0,12.0,-2.0,39.0,8.0,-2.0,2.88
ofsetni papir 80 g,600 dot,264,0.0,31.0,72.0,60.0,36.0,76.0,2.0,34.0,48.0,2.0,2.32
ofsetni papir 80 g,600 dot,265,0.0,72.0,72.0,60.0,30.0,78.0,10.0,29.0,13.0,9.0,1.91
ofsetni papir 80 g,600 dot,266,0.0,100.0,72.0,60.0,27.0,62.0,15.0,25.0,37.0,13.0,2.14
ofsetni papir 80 g,600 dot,267,31.0,0.0,72.0,60.0,36.0,82.0,-5.0,34.0,20.0,-6.0,2.23
ofsetni papir 80 g,600 dot,268,31.0,31.0,72.0,60.0,31.0,57.0,-1.0,31.0,60.0,-1.0,0.16
ofsetni papir 80 g,600 dot,269,31.0,72.0,72.0,60.0,27.0,52.0,5.0,26.0,55.0,5.0,0.82
ofsetni papir 80 g,600 dot,270,31.0,100.0,72.0,60.0,25.0,74.0,8.0,24.0,59.0,8.0,0.89
ofsetni papir 80 g,600 dot,271,72.0,0.0,72.0,60.0,30.0,17.0,-11.0,28.0,69.0,-10.0,1.3
ofsetni papir 80 g,600 dot,272,72.0,31.0,72.0,60.0,28.0,43.0,-5.0,27.0,22.0,-5.0,0.92
ofsetni papir 80 g,600 dot,273,72.0,72.0,72.0,60.0,26.0,69.0,0.0,25.0,99.0,0.0,0.52
ofsetni papir 80 g,600 dot,274,72.0,100.0,72.0,60.0,24.0,7.0,2.0,24.0,2.0,2.0,0.28
ofsetni papir 80 g,600 dot,275,100.0,0.0,72.0,60.0,28.0,68.0,-13.0,27.0,98.0,-11.0,1.71
ofsetni papir 80 g,600 dot,276,100.0,31.0,72.0,60.0,25.0,95.0,-7.0,26.0,1.0,-6.0,0.78
ofsetni papir 80 g,600 dot,277,100.0,72.0,72.0,60.0,24.0,85.0,-1.0,24.0,57.0,-1.0,0.34
ofsetni papir 80 g,600 dot,278,100.0,100.0,72.0,60.0,23.0,92.0,-0.0,23.0,69.0,-0.0,0.18
ofsetni papir 80 g,600 dot,279,0.0,0.0,100.0,60.0,39.0,46.0,-3.0,35.0,82.0,-3.0,3.96
ofsetni papir 80 g,600 dot,280,0.0,31.0,100.0,60.0,34.0,53.0,0.0,32.0,82.0,1.0,2.26
ofsetni papir 80 g,600 dot,281,0.0,72.0,100.0,60.0,28.0,40.0,11.0,27.0,19.0,11.0,1.49
ofsetni papir 80 g,600 dot,282,0.0,100.0,100.0,60.0,24.0,22.0,15.0,23.0,94.0,14.0,0.85
ofsetni papir 80 g,600 dot,283,31.0,0.0,100.0,60.0,34.0,81.0,-6.0,33.0,84.0,-6.0,1.43
ofsetni papir 80 g,600 dot,284,31.0,31.0,100.0,60.0,31.0,23.0,-1.0,30.0,52.0,-1.0,0.81
ofsetni papir 80 g,600 dot,285,31.0,72.0,100.0,60.0,26.0,43.0,4.0,25.0,56.0,4.0,1.42
ofsetni papir 80 g,600 dot,286,31.0,100.0,100.0,60.0,25.0,72.0,7.0,24.0,75.0,7.0,0.81
ofsetni papir 80 g,600 dot,287,72.0,0.0,100.0,60.0,30.0,24.0,-11.0,28.0,93.0,-12.0,1.34
ofsetni papir 80 g,600 dot,288,72.0,31.0,100.0,60.0,27.0,87.0,-5.0,27.0,16.0,-5.0,0.69
ofsetni papir 80 g,600 dot,289,72.0,72.0,100.0,60.0,26.0,27.0,-0.0,25.0,85.0,-0.0,0.45
ofsetni papir 80 g,600 dot,290,72.0,100.0,100.0,60.0,24.0,81.0,1.0,24.0,84.0,1.0,0.32
ofsetni papir 80 g,600 dot,291,100.0,0.0,100.0,60.0,29.0,26.0,-13.0,28.0,56.0,-11.0,1.32
ofsetni papir 80 g,600 dot,292,100.0,31.0,100.0,60.0,25.0,92.0,-8.0,26.0,30.0,-6.0,1.44
ofsetni papir 80 g,600 dot,293,100.0,72.0,100.0,60.0,24.0,14.0,-2.0,23.0,52.0,-2.0,0.48
ofsetni papir 80 g,600 dot,294,100.0,100.0,100.0,60.0,23.0,46.0,-0.0,23.0,81.0,-0.0,0.33
ofsetni papir 80 g,600 dot,295,0.0,0.0,0.0,88.0,26.0,73.0,-0.0,27.0,4.0,-0.0,0.25
ofsetni papir 80 g,600 dot,296,0.0,52.0,0.0,88.0,24.0,40.0,2.0,23.0,86.0,2.0,0.43
ofsetni papir 80 g,600 dot,297,0.0,100.0,0.0,88.0,23.0,19.0,4.0,22.0,77.0,4.0,0.49
ofsetni papir 80 g,600 dot,298,31.0,0.0,0.0,88.0,26.0,43.0,-1.0,25.0,95.0,-1.0,0.44
ofsetni papir 80 g,600 dot,299,31.0,52.0,0.0,88.0,24.0,54.0,0.0,23.0,51.0,1.0,0.81
ofsetni papir 80 g,600 dot,300,31.0,100.0,0.0,88.0,21.0,44.0,3.0,22.0,26.0,3.0,0.6
ofsetni papir 80 g,600 dot,301,72.0,0.0,0.0,88.0,23.0,89.0,-2.0,23.0,98.0,-2.0,0.41
ofsetni papir 80 g,600 dot,302,72.0,52.0,0.0,88.0,23.0,58.0,-0.0,22.0,26.0,-0.0,1.05
ofsetni papir 80 g,600 dot,303,72.0,100.0,0.0,88.0,23.0,35.0,1.0,22.0,73.0,1.0,0.55
ofsetni papir 80 g,600 dot,304,100.0,0.0,0.0,88.0,24.0,66.0,-2.0,24.0,76.0,-2.0,0.64
ofsetni papir 80 g,600 dot,305,100.0,52.0,0.0,88.0,24.0,27.0,-0.0,24.0,5.0,-0.0,0.54
ofsetni papir 80 g,600 dot,306,100.0,100.0,0.0,88.0,22.0,50.0,0.0,23.0,68.0,0.0,0.9
ofsetni papir 80 g,600 dot,307,0.0,0.0,52.0,88.0,28.0,37.0,-1.0,27.0,50.0,-1.0,0.66
ofsetni papir 80 g,600 dot,308,0.0,52.0,52.0,88.0,25.0,8.0,1.0,25.0,52.0,1.0,0.6
ofsetni papir 80 g,600 dot,309,0.0,100.0,52.0,88.0,18.0,85.0,5.0,19.0,28.0,5.0,0.58
ofsetni papir 80 g,600 dot,310,31.0,0.0,52.0,88.0,25.0,53.0,-2.0,24.0,84.0,-2.0,0.55
ofsetni papir 80 g,600 dot,311,31.0,52.0,52.0,88.0,24.0,75.0,0.0,24.0,33.0,0.0,0.37
ofsetni papir 80 g,600 dot,312,31.0,100.0,52.0,88.0,22.0,77.0,2.0,22.0,69.0,2.0,0.09
ofsetni papir 80 g,600 dot,313,72.0,0.0,52.0,88.0,24.0,2.0,-3.0,23.0,27.0,-3.0,0.6
ofsetni papir 80 g,600 dot,314,72.0,52.0,52.0,88.0,24.0,1.0,-0.0,23.0,60.0,-0.0,0.35
ofsetni papir 80 g,600 dot,315,72.0,100.0,52.0,88.0,23.0,97.0,0.0,22.0,24.0,0.0,1.28
ofsetni papir 80 g,600 dot,316,100.0,0.0,52.0,88.0,24.0,3.0,-3.0,23.0,67.0,-2.0,0.55
ofsetni papir 80 g,600 dot,317,100.0,52.0,52.0,88.0,24.0,51.0,-0.0,23.0,37.0,-0.0,0.86
ofsetni papir 80 g,600 dot,318,100.0,100.0,52.0,88.0,25.0,0.0,-0.0,24.0,16.0,-0.0,0.68
ofsetni papir 80 g,600 dot,319,0.0,0.0,100.0,88.0,27.0,94.0,-1.0,27.0,75.0,-1.0,0.6
ofsetni papir 80 g,600 dot,320,0.0,52.0,100.0,88.0,26.0,12.0,0.0,25.0,53.0,0.0,0.71
ofsetni papir 80 g,600 dot,321,0.0,100.0,100.0,88.0,23.0,8.0,3.0,24.0,21.0,2.0,0.97
ofsetni papir 80 g,600 dot,322,31.0,0.0,100.0,88.0,26.0,57.0,-2.0,26.0,14.0,-2.0,0.35
ofsetni papir 80 g,600 dot,323,31.0,52.0,100.0,88.0,18.0,84.0,-0.0,19.0,83.0,-0.0,0.78
ofsetni papir 80 g,600 dot,324,31.0,100.0,100.0,88.0,19.0,61.0,2.0,19.0,70.0,2.0,0.26
ofsetni papir 80 g,600 dot,325,72.0,0.0,100.0,88.0,23.0,39.0,-4.0,23.0,54.0,-4.0,0.44
ofsetni papir 80 g,600 dot,326,72.0,52.0,100.0,88.0,23.0,38.0,-1.0,23.0,12.0,-1.0,0.51
ofsetni papir 80 g,600 dot,327,72.0,100.0,100.0,88.0,23.0,57.0,0.0,23.0,23.0,0.0,0.39
ofsetni papir 80 g,600 dot,328,100.0,0.0,100.0,88.0,23.0,54.0,-4.0,22.0,86.0,-4.0,0.5
ofsetni papir 80 g,600 dot,329,100.0,52.0,100.0,88.0,24.0,9.0,-1.0,22.0,97.0,-1.0,0.85
ofsetni papir 80 g,600 dot,330,100.0,100.0,100.0,88.0,24.0,12.0,-0.0,24.0,33.0,-0.0,0.49
ofsetni papir 80 g,600 dot,331,0.0,0.0,0.0,100.0,27.0,24.0,-0.0,27.0,55.0,-0.0,0.35
ofsetni papir 80 g,600 dot,332,0.0,52.0,0.0,100.0,25.0,5.0,0.0,24.0,69.0,0.0,0.45
ofsetni papir 80 g,600 dot,333,0.0,100.0,0.0,100.0,24.0,22.0,1.0,24.0,71.0,1.0,0.46
ofsetni papir 80 g,600 dot,334,52.0,0.0,0.0,100.0,22.0,55.0,-0.0,24.0,57.0,-0.0,1.46
ofsetni papir 80 g,600 dot,335,52.0,52.0,0.0,100.0,22.0,85.0,-0.0,23.0,91.0,0.0,0.79
ofsetni papir 80 g,600 dot,336,52.0,100.0,0.0,100.0,23.0,6.0,0.0,22.0,62.0,1.0,0.74
ofsetni papir 80 g,600 dot,337,100.0,0.0,0.0,100.0,15.0,76.0,-1.0,16.0,50.0,-1.0,0.53
ofsetni papir 80 g,600 dot,338,100.0,52.0,0.0,100.0,17.0,20.0,-0.0,17.0,34.0,-0.0,0.2
ofsetni papir 80 g,600 dot,339,100.0,100.0,0.0,100.0,20.0,77.0,0.0,20.0,62.0,0.0,0.32
ofsetni papir 80 g,600 dot,340,0.0,0.0,52.0,100.0,22.0,38.0,-0.0,23.0,68.0,-0.0,1.01
ofsetni papir 80 g,600 dot,341,0.0,52.0,52.0,100.0,23.0,28.0,0.0,23.0,33.0,0.0,0.12
ofsetni papir 80 g,600 dot,342,0.0,100.0,52.0,100.0,22.0,88.0,1.0,23.0,42.0,1.0,0.39
ofsetni papir 80 g,600 dot,343,52.0,0.0,52.0,100.0,24.0,45.0,-1.0,22.0,75.0,-1.0,1.24
ofsetni papir 80 g,600 dot,344,52.0,52.0,52.0,100.0,24.0,9.0,-0.0,24.0,3.0,-0.0,0.23
ofsetni papir 80 g,600 dot,345,52.0,100.0,52.0,100.0,24.0,36.0,0.0,24.0,60.0,0.0,0.26
ofsetni papir 80 g,600 dot,346,100.0,0.0,52.0,100.0,23.0,75.0,-1.0,24.0,50.0,-1.0,0.61
ofsetni papir 80 g,600 dot,347,100.0,52.0,52.0,100.0,24.0,48.0,-0.0,24.0,95.0,-0.0,0.43
ofsetni papir 80 g,600 dot,348,100.0,100.0,52.0,100.0,24.0,8.0,-0.0,24.0,77.0,-0.0,0.5
ofsetni papir 80 g,600 dot,349,0.0,0.0,100.0,100.0,24.0,0.0,-1.0,25.0,18.0,-1.0,0.86
ofsetni papir 80 g,600 dot,350,0.0,52.0,100.0,100.0,24.0,30.0,0.0,24.0,7.0,0.0,0.5
ofsetni papir 80 g,600 dot,351,0.0,100.0,100.0,100.0,18.0,38.0,1.0,18.0,42.0,1.0,0.28
ofsetni papir 80 g,600 dot,352,52.0,0.0,100.0,100.0,18.0,80.0,-2.0,19.0,48.0,-2.0,0.49
ofsetni papir 80 g,600 dot,353,52.0,52.0,100.0,100.0,23.0,66.0,-0.0,22.0,78.0,-0.0,0.64
ofsetni papir 80 g,600 dot,354,52.0,100.0,100.0,100.0,23.0,10.0,0.0,22.0,36.0,0.0,0.56
ofsetni papir 80 g,600 dot,355,100.0,0.0,100.0,100.0,21.0,31.0,-2.0,21.0,8.0,-2.0,0.27
ofsetni papir 80 g,600 dot,356,100.0,52.0,100.0,100.0,21.0,83.0,-1.0,21.0,92.0,-1.0,0.31
ofsetni papir 80 g,600 dot,357,100.0,100.0,100.0,100.0,25.0,5.0,-0.0,22.0,97.0,-0.0,1.52
ofsetni papir 80 g,600 dot,358,5.0,0.0,0.0,0.0,90.0,51.0,-0.0,91.0,91.0,0.0,0.99
ofsetni papir 80 g,600 dot,359,28.0,0.0,0.0,0.0,85.0,53.0,-6.0,84.0,19.0,-7.0,1.23
ofsetni papir 80 g,600 dot,360,95.0,0.0,0.0,0.0,56.0,1.0,-30.0,55.0,2.0,-30.0,0.94
ofsetni papir 80 g,600 dot,361,0.0,4.0,0.0,0.0,92.0,69.0,1.0,92.0,33.0,1.0,0.23
ofsetni papir 80 g,600 dot,362,0.0,11.0,0.0,0.0,91.0,20.0,1.0,90.0,70.0,2.0,0.43
ofsetni papir 80 g,600 dot,363,0.0,93.0,0.0,0.0,53.0,7.0,51.0,52.0,4.0,51.0,1.27
ofsetni papir 80 g,600 dot,364,0.0,0.0,4.0,0.0,92.0,81.0,1.0,92.0,68.0,1.0,0.51
ofsetni papir 80 g,600 dot,365,0.0,0.0,11.0,0.0,92.0,58.0,0.0,91.0,73.0,0.0,0.96
ofsetni papir 80 g,600 dot,366,0.0,0.0,93.0,0.0,87.0,6.0,-4.0,86.0,94.0,-3.0,0.28
ofsetni papir 80 g,600 dot,367,0.0,0.0,0.0,4.0,87.0,65.0,0.0,87.0,38.0,0.0,0.22
ofsetni papir 80 g,600 dot,368,0.0,0.0,0.0,13.0,79.0,9.0,0.0,78.0,80.0,0.0,0.24
ofsetni papir 80 g,600 dot,369,0.0,0.0,0.0,95.0,28.0,36.0,-0.0,27.0,38.0,-0.0,0.74
ofsetni papir 80 g,600 dot,370,9.0,7.0,7.0,0.0,84.0,73.0,0.0,83.0,95.0,0.0,0.53
ofsetni papir 80 g,600 dot,371,19.0,15.0,15.0,0.0,75.0,57.0,0.0,74.0,26.0,-0.0,0.98
ofsetni papir 80 g,600 dot,372,29.0,23.0,23.0,0.0,66.0,57.0,-0.0,64.0,27.0,-0.0,1.92
ofsetni papir 80 g,600 dot,373,39.0,31.0,31.0,0.0,56.0,70.0,-0.0,54.0,3.0,-0.0,2.53
ofsetni papir 80 g,600 dot,374,49.0,39.0,39.0,4.0,45.0,15.0,-0.0,42.0,79.0,-0.0,2.2
ofsetni papir 80 g,600 dot,375,59.0,47.0,47.0,16.0,37.0,27.0,-0.0,37.0,19.0,-0.0,0.21
ofsetni papir 80 g,600 dot,376,69.0,55.0,55.0,31.0,32.0,37.0,-1.0,32.0,60.0,-1.0,0.33
ofsetni papir 80 g,600 dot,377,79.0,63.0,63.0,48.0,28.0,88.0,-1.0,28.0,37.0,-1.0,0.44
ofsetni papir 80 g,600 dot,378,89.0,71.0,71.0,72.0,25.0,1.0,-1.0,25.0,81.0,-0.0,3.78
ofsetni papir 80 g,600 dot,379,99.0,79.0,79.0,100.0,20.0,38.0,-0.0,21.0,14.0,-0.0,0.54
ofsetni papir 80 g,600 dot,380,9.0,7.0,7.0,0.0,85.0,49.0,0.0,85.0,39.0,0.0,0.16
ofsetni papir 80 g,600 dot,381,18.0,14.0,14.0,0.0,77.0,60.0,0.0,76.0,65.0,0.0,0.68
ofsetni papir 80 g,600 dot,382,27.0,21.0,21.0,0.0,68.0,27.0,0.0,66.0,76.0,-0.0,1.25
ofsetni papir 80 g,600 dot,383,36.0,29.0,29.0,0.0,58.0,86.0,-0.0,56.0,75.0,-0.0,1.92
ofsetni papir 80 g,600 dot,384,45.0,36.0,36.0,0.0,50.0,12.0,-0.0,48.0,20.0,-0.0,1.92
ofsetni papir 80 g,600 dot,385,54.0,43.0,43.0,0.0,43.0,38.0,-0.0,42.0,1.0,-0.0,1.26
ofsetni papir 80 g,600 dot,386,63.0,50.0,50.0,0.0,39.0,69.0,-1.0,37.0,35.0,-1.0,2.02
ofsetni papir 80 g,600 dot,387,72.0,58.0,58.0,0.0,35.0,81.0,-1.0,34.0,32.0,-1.0,1.24
ofsetni papir 80 g,600 dot,388,81.0,65.0,65.0,2.0,32.0,39.0,-2.0,32.0,22.0,-2.0,0.27
ofsetni papir 80 g,600 dot,389,90.0,72.0,72.0,49.0,26.0,52.0,-1.0,26.0,45.0,-1.0,0.27
ofsetni papir 80 g,600 dot,390,24.0,19.0,19.0,11.0,63.0,34.0,-0.0,61.0,45.0,-0.0,1.62
ofsetni papir 80 g,600 dot,391,49.0,39.0,39.0,30.0,37.0,62.0,-0.0,36.0,25.0,-0.0,1.17
ofsetni papir 80 g,600 dot,392,74.0,59.0,59.0,59.0,28.0,84.0,-1.0,29.0,26.0,-1.0,0.32
ofsetni papir 80 g,600 dot,393,28.0,0.0,0.0,0.0,85.0,83.0,-6.0,84.0,18.0,-7.0,1.39
ofsetni papir 80 g,600 dot,394,64.0,0.0,0.0,0.0,67.0,57.0,-22.0,65.0,72.0,-23.0,1.62
ofsetni papir 80 g,600 dot,395,0.0,21.0,0.0,0.0,89.0,38.0,4.0,88.0,9.0,6.0,1.66
ofsetni papir 80 g,600 dot,396,0.0,52.0,0.0,0.0,73.0,76.0,20.0,72.0,6.0,22.0,1.71
ofsetni papir 80 g,600 dot,397,0.0,0.0,21.0,0.0,92.0,54.0,-0.0,91.0,95.0,-0.0,1.82
ofsetni papir 80 g,600 dot,398,0.0,0.0,52.0,0.0,90.0,46.0,-2.0,89.0,93.0,-2.0,1.69
ofsetni papir 80 g,600 dot,399,0.0,0.0,0.0,25.0,69.0,68.0,0.0,68.0,6.0,0.0,1.27
ofsetni papir 80 g,600 dot,400,0.0,0.0,0.0,60.0,43.0,82.0,-0.0,38.0,55.0,-0.0,4.9
ofsetni papir 80 g,stochastic,1,0.0,0.0,0.0,0.0,93.0,12.0,1.0,92.0,67.0,1.0,0.36
ofsetni papir 80 g,stochastic,2,0.0,21.0,0.0,0.0,87.0,23.0,6.0,91.0,14.0,1.0,6.4
ofsetni papir 80 g,stochastic,3,0.0,52.0,0.0,0.0,73.0,0.0,19.0,79.0,71.0,13.0,6.19
ofsetni papir 80 g,stochastic,4,0.0,81.0,0.0,0.0,59.0,27.0,37.0,61.0,22.0,37.0,1.79
ofsetni papir 80 g,stochastic,5,0.0,100.0,0.0,0.0,49.0,42.0,54.0,49.0,44.0,54.0,0.26
ofsetni papir 80 g,stochastic,6,16.0,0.0,0.0,0.0,88.0,61.0,-2.0,91.0,40.0,-0.0,4.2
ofsetni papir 80 g,stochastic,7,16.0,21.0,0.0,0.0,83.0,6.0,3.0,89.0,82.0,1.0,5.74
ofsetni papir 80 g,stochastic,8,16.0,52.0,0.0,0.0,69.0,42.0,16.0,78.0,53.0,14.0,6.93
ofsetni papir 80 g,stochastic,9,16.0,81.0,0.0,0.0,54.0,36.0,31.0,59.0,62.0,36.0,5.25
ofsetni papir 80 g,stochastic,10,16.0,100.0,0.0,0.0,45.0,85.0,47.0,48.0,90.0,52.0,3.56
ofsetni papir 80 g,stochastic,11,39.0,0.0,0.0,0.0,81.0,7.0,-9.0,86.0,26.0,-5.0,5.45
ofsetni papir 80 g,stochastic,12,39.0,21.0,0.0,0.0,74.0,93.0,-3.0,85.0,1.0,-4.0,7.63
ofsetni papir 80 g,stochastic,13,39.0,52.0,0.0,0.0,62.0,97.0,8.0,73.0,92.0,9.0,8.95
ofsetni papir 80 g,stochastic,14,39.0,81.0,0.0,0.0,50.0,37.0,24.0,56.0,22.0,30.0,6.98
ofsetni papir 80 g,stochastic,15,39.0,100.0,0.0,0.0,42.0,54.0,38.0,44.0,91.0,45.0,4.45
ofsetni papir 80 g,stochastic,16,64.0,0.0,0.0,0.0,70.0,44.0,-18.0,74.0,64.0,-16.0,3.58
ofsetni papir 80 g,stochastic,17,64.0,21.0,0.0,0.0,63.0,64.0,-14.0,73.0,1.0,-15.0,7.58
ofsetni papir 80 g,stochastic,18,64.0,52.0,0.0,0.0,53.0,34.0,-2.0,63.0,86.0,-3.0,9.46
ofsetni papir 80 g,stochastic,19,64.0,81.0,0.0,0.0,43.0,38.0,9.0,49.0,26.0,15.0,7.8
ofsetni papir 80 g,stochastic,20,64.0,100.0,0.0,0.0,35.0,84.0,20.0,38.0,57.0,28.0,5.79
ofsetni papir 80 g,stochastic,21,85.0,0.0,0.0,0.0,60.0,70.0,-27.0,62.0,67.0,-26.0,1.79
ofsetni papir 80 g,stochastic,22,85.0,21.0,0.0,0.0,55.0,22.0,-22.0,60.0,60.0,-26.0,5.11
ofsetni papir 80 g,stochastic,23,85.0,52.0,0.0,0.0,46.0,81.0,-11.0,53.0,44.0,-14.0,6.96
ofsetni papir 80 g,stochastic,24,85.0,81.0,0.0,0.0,37.0,79.0,0.0,41.0,14.0,2.0,3.07
ofsetni papir 80 g,stochastic,25,85.0,100.0,0.0,0.0,32.0,38.0,8.0,34.0,41.0,13.0,3.98
ofsetni papir 80 g,stochastic,26,100.0,0.0,0.0,0.0,54.0,84.0,-32.0,56.0,97.0,-31.0,2.05
ofsetni papir 80 g,stochastic,27,100.0,21.0,0.0,0.0,48.0,92.0,-28.0,54.0,84.0,-29.0,5.89
ofsetni papir 80 g,stochastic,28,100.0,52.0,0.0,0.0,42.0,26.0,-17.0,48.0,35.0,-21.0,6.18
ofsetni papir 80 g,stochastic,29,100.0,81.0,0.0,0.0,33.0,85.0,-5.0,38.0,96.0,-5.0,4.31
ofsetni papir 80 g,stochastic,30,100.0,100.0,0.0,0.0,29.0,68.0,2.0,31.0,37.0,3.0,1.47
ofsetni papir 80 g,stochastic,31,0.0,0.0,21.0,0.0,91.0,62.0,-1.0,91.0,47.0,-1.0,0.29
ofsetni papir 80 g,stochastic,32,0.0,21.0,21.0,0.0,83.0,18.0,5.0,89.0,19.0,-0.0,8.21
ofsetni papir 80 g,stochastic,33,0.0,52.0,21.0,0.0,71.0,24.0,20.0,76.0,90.0,15.0,5.56
ofsetni papir 80 g,stochastic,34,0.0,81.0,21.0,0.0,58.0,21.0,39.0,57.0,84.0,41.0,0.75
ofsetni papir 80 g,stochastic,35,0.0,100.0,21.0,0.0,48.0,8.0,55.0,48.0,5.0,55.0,0.23
ofsetni papir 80 g,stochastic,36,16.0,0.0,21.0,0.0,85.0,83.0,-4.0,89.0,49.0,-1.0,4.01
ofsetni papir 80 g,stochastic,37,16.0,21.0,21.0,0.0,73.0,65.0,1.0,84.0,34.0,-0.0,7.95
ofsetni papir 80 g,stochastic,38,16.0,52.0,21.0,0.0,62.0,59.0,14.0,74.0,19.0,11.0,9.63
ofsetni papir 80 g,stochastic,39,16.0,81.0,21.0,0.0,51.0,41.0,31.0,57.0,80.0,35.0,6.26
ofsetni papir 80 g,stochastic,40,16.0,100.0,21.0,0.0,43.0,32.0,45.0,47.0,87.0,50.0,4.72
ofsetni papir 80 g,stochastic,41,39.0,0.0,21.0,0.0,78.0,0.0,-11.0,84.0,80.0,-7.0,6.71
ofsetni papir 80 g,stochastic,42,39.0,21.0,21.0,0.0,66.0,53.0,-3.0,78.0,15.0,-1.0,9.22
ofsetni papir 80 g,stochastic,43,39.0,52.0,21.0,0.0,55.0,99.0,8.0,69.0,48.0,6.0,11.57
ofsetni papir 80 g,stochastic,44,39.0,81.0,21.0,0.0,45.0,18.0,21.0,52.0,68.0,26.0,7.89
ofsetni papir 80 g,stochastic,45,39.0,100.0,21.0,0.0,38.0,87.0,34.0,45.0,19.0,42.0,6.61
ofsetni papir 80 g,stochastic,46,64.0,0.0,21.0,0.0,66.0,18.0,-23.0,72.0,24.0,-20.0,5.3
ofsetni papir 80 g,stochastic,47,64.0,21.0,21.0,0.0,57.0,5.0,-14.0,68.0,93.0,-12.0,10.13
ofsetni papir 80 g,stochastic,48,64.0,52.0,21.0,0.0,46.0,83.0,-1.0,60.0,85.0,-2.0,13.57
ofsetni papir 80 g,stochastic,49,64.0,81.0,21.0,0.0,38.0,90.0,11.0,47.0,17.0,16.0,8.64
ofsetni papir 80 g,stochastic,50,64.0,100.0,21.0,0.0,33.0,42.0,19.0,39.0,11.0,28.0,6.7
ofsetni papir 80 g,stochastic,51,85.0,0.0,21.0,0.0,58.0,6.0,-32.0,60.0,39.0,-32.0,2.08
ofsetni papir 80 g,stochastic,52,85.0,21.0,21.0,0.0,49.0,96.0,-23.0,58.0,5.0,-25.0,7.86
ofsetni papir 80 g,stochastic,53,85.0,52.0,21.0,0.0,40.0,11.0,-10.0,52.0,55.0,-14.0,12.32
ofsetni papir 80 g,stochastic,54,85.0,81.0,21.0,0.0,32.0,90.0,1.0,41.0,15.0,2.0,7.02
ofsetni papir 80 g,stochastic,55,85.0,100.0,21.0,0.0,29.0,0.0,7.0,33.0,93.0,12.0,5.02
ofsetni papir 80 g,stochastic,56,100.0,0.0,21.0,0.0,52.0,22.0,-38.0,54.0,33.0,-36.0,2.15
ofsetni papir 80 g,stochastic,57,100.0,21.0,21.0,0.0,46.0,29.0,-30.0,52.0,89.0,-32.0,6.67
ofsetni papir 80 g,stochastic,58,100.0,52.0,21.0,0.0,37.0,17.0,-15.0,47.0,31.0,-21.0,9.65
ofsetni papir 80 g,stochastic,59,100.0,81.0,21.0,0.0,29.0,95.0,-5.0,36.0,93.0,-6.0,6.01
ofsetni papir 80 g,stochastic,60,100.0,100.0,21.0,0.0,27.0,18.0,0.0,32.0,26.0,1.0,4.01
ofsetni papir 80 g,stochastic,61,0.0,0.0,52.0,0.0,89.0,15.0,-2.0,89.0,1.0,-3.0,0.64
ofsetni papir 80 g,stochastic,62,0.0,21.0,52.0,0.0,81.0,46.0,5.0,87.0,11.0,-1.0,7.84
ofsetni papir 80 g,stochastic,63,0.0,52.0,52.0,0.0,69.0,55.0,20.0,74.0,12.0,15.0,6.81
ofsetni papir 80 g,stochastic,64,0.0,81.0,52.0,0.0,57.0,44.0,40.0,55.0,60.0,42.0,1.96
ofsetni papir 80 g,stochastic,65,0.0,100.0,52.0,0.0,47.0,32.0,54.0,46.0,25.0,56.0,1.31
ofsetni papir 80 g,stochastic,66,16.0,0.0,52.0,0.0,81.0,85.0,-5.0,87.0,41.0,-3.0,4.66
ofsetni papir 80 g,stochastic,67,16.0,21.0,52.0,0.0,71.0,89.0,1.0,83.0,37.0,-2.0,9.17
ofsetni papir 80 g,stochastic,68,16.0,52.0,52.0,0.0,60.0,60.0,14.0,72.0,69.0,10.0,11.23
ofsetni papir 80 g,stochastic,69,16.0,81.0,52.0,0.0,50.0,40.0,30.0,55.0,64.0,35.0,5.48
ofsetni papir 80 g,stochastic,70,16.0,100.0,52.0,0.0,42.0,99.0,44.0,45.0,96.0,51.0,3.59
ofsetni papir 80 g,stochastic,71,39.0,0.0,52.0,0.0,75.0,19.0,-13.0,83.0,25.0,-9.0,8.48
ofsetni papir 80 g,stochastic,72,39.0,21.0,52.0,0.0,61.0,62.0,-4.0,72.0,53.0,-3.0,9.38
ofsetni papir 80 g,stochastic,73,39.0,52.0,52.0,0.0,50.0,74.0,6.0,62.0,5.0,3.0,11.92
ofsetni papir 80 g,stochastic,74,39.0,81.0,52.0,0.0,41.0,79.0,19.0,49.0,23.0,21.0,7.23
ofsetni papir 80 g,stochastic,75,39.0,100.0,52.0,0.0,37.0,6.0,30.0,41.0,85.0,36.0,4.84
ofsetni papir 80 g,stochastic,76,64.0,0.0,52.0,0.0,63.0,94.0,-26.0,69.0,82.0,-24.0,6.57
ofsetni papir 80 g,stochastic,77,64.0,21.0,52.0,0.0,54.0,43.0,-15.0,65.0,51.0,-14.0,10.41
ofsetni papir 80 g,stochastic,78,64.0,52.0,52.0,0.0,37.0,43.0,-1.0,43.0,65.0,-1.0,5.61
ofsetni papir 80 g,stochastic,79,64.0,81.0,52.0,0.0,31.0,91.0,8.0,38.0,76.0,7.0,5.67
ofsetni papir 80 g,stochastic,80,64.0,100.0,52.0,0.0,28.0,59.0,14.0,34.0,72.0,17.0,5.32
ofsetni papir 80 g,stochastic,81,85.0,0.0,52.0,0.0,54.0,88.0,-38.0,58.0,78.0,-36.0,3.75
ofsetni papir 80 g,stochastic,82,85.0,21.0,52.0,0.0,46.0,64.0,-28.0,56.0,38.0,-28.0,9.74
ofsetni papir 80 g,stochastic,83,85.0,52.0,52.0,0.0,33.0,47.0,-9.0,41.0,61.0,-9.0,6.99
ofsetni papir 80 g,stochastic,84,85.0,81.0,52.0,0.0,28.0,13.0,0.0,35.0,98.0,0.0,6.25
ofsetni papir 80 g,stochastic,85,85.0,100.0,52.0,0.0,25.0,39.0,4.0,30.0,90.0,7.0,5.33
ofsetni papir 80 g,stochastic,86,100.0,0.0,52.0,0.0,50.0,33.0,-43.0,52.0,77.0,-42.0,2.68
ofsetni papir 80 g,stochastic,87,100.0,21.0,52.0,0.0,43.0,70.0,-35.0,51.0,16.0,-37.0,7.38
ofsetni papir 80 g,stochastic,88,100.0,52.0,52.0,0.0,31.0,94.0,-16.0,39.0,45.0,-18.0,6.35
ofsetni papir 80 g,stochastic,89,100.0,81.0,52.0,0.0,25.0,12.0,-4.0,31.0,16.0,-5.0,4.95
ofsetni papir 80 g,stochastic,90,100.0,100.0,52.0,0.0,23.0,31.0,-0.0,28.0,18.0,-0.0,3.65
ofsetni papir 80 g,stochastic,91,0.0,0.0,81.0,0.0,86.0,76.0,-3.0,87.0,51.0,-4.0,0.91
ofsetni papir 80 g,stochastic,92,0.0,21.0,81.0,0.0,78.0,75.0,5.0,84.0,5.0,-1.0,5.79
ofsetni papir 80 g,stochastic,93,0.0,52.0,81.0,0.0,65.0,92.0,22.0,69.0,10.0,19.0,3.63
ofsetni papir 80 g,stochastic,94,0.0,81.0,81.0,0.0,54.0,53.0,41.0,53.0,12.0,43.0,2.34
ofsetni papir 80 g,stochastic,95,0.0,100.0,81.0,0.0,45.0,72.0,55.0,45.0,21.0,56.0,0.65
ofsetni papir 80 g,stochastic,96,16.0,0.0,81.0,0.0,79.0,23.0,-6.0,85.0,30.0,-5.0,4.6
ofsetni papir 80 g,stochastic,97,16.0,21.0,81.0,0.0,70.0,55.0,0.0,81.0,11.0,-3.0,8.7
ofsetni papir 80 g,stochastic,98,16.0,52.0,81.0,0.0,59.0,21.0,15.0,67.0,85.0,14.0,8.16
ofsetni papir 80 g,stochastic,99,16.0,81.0,81.0,0.0,48.0,51.0,32.0,51.0,90.0,39.0,4.44
ofsetni papir 80 g,stochastic,100,16.0,100.0,81.0,0.0,41.0,14.0,46.0,45.0,19.0,51.0,4.03
ofsetni papir 80 g,stochastic,101,39.0,0.0,81.0,0.0,72.0,63.0,-14.0,80.0,83.0,-10.0,7.86
ofsetni papir 80 g,stochastic,102,39.0,21.0,81.0,0.0,59.0,2.0,-6.0,70.0,0.0,-5.0,9.8
ofsetni papir 80 g,stochastic,103,39.0,52.0,81.0,0.0,49.0,30.0,6.0,59.0,50.0,2.0,11.16
ofsetni papir 80 g,stochastic,104,39.0,81.0,81.0,0.0,39.0,67.0,20.0,46.0,3.0,23.0,6.3
ofsetni papir 80 g,stochastic,105,39.0,100.0,81.0,0.0,34.0,88.0,30.0,40.0,24.0,36.0,5.21
ofsetni papir 80 g,stochastic,106,64.0,0.0,81.0,0.0,59.0,97.0,-31.0,65.0,98.0,-28.0,5.9
ofsetni papir 80 g,stochastic,107,64.0,21.0,81.0,0.0,52.0,4.0,-18.0,62.0,83.0,-18.0,10.9
ofsetni papir 80 g,stochastic,108,64.0,52.0,81.0,0.0,37.0,48.0,-2.0,44.0,33.0,-2.0,6.66
ofsetni papir 80 g,stochastic,109,64.0,81.0,81.0,0.0,29.0,86.0,7.0,37.0,79.0,6.0,6.67
ofsetni papir 80 g,stochastic,110,64.0,100.0,81.0,0.0,27.0,35.0,13.0,32.0,11.0,14.0,3.97
ofsetni papir 80 g,stochastic,111,85.0,0.0,81.0,0.0,52.0,28.0,-42.0,56.0,2.0,-41.0,4.06
ofsetni papir 80 g,stochastic,112,85.0,21.0,81.0,0.0,45.0,79.0,-31.0,53.0,46.0,-33.0,8.56
ofsetni papir 80 g,stochastic,113,85.0,52.0,81.0,0.0,32.0,1.0,-11.0,40.0,56.0,-11.0,8.07
ofsetni papir 80 g,stochastic,114,85.0,81.0,81.0,0.0,27.0,11.0,0.0,31.0,48.0,-0.0,3.9
ofsetni papir 80 g,stochastic,115,85.0,100.0,81.0,0.0,24.0,69.0,4.0,28.0,37.0,3.0,2.83
ofsetni papir 80 g,stochastic,116,100.0,0.0,81.0,0.0,47.0,1.0,-49.0,50.0,56.0,-47.0,3.98
ofsetni papir 80 g,stochastic,117,100.0,21.0,81.0,0.0,41.0,46.0,-38.0,48.0,71.0,-41.0,7.24
ofsetni papir 80 g,stochastic,118,100.0,52.0,81.0,0.0,30.0,31.0,-18.0,37.0,58.0,-20.0,6.3
ofsetni papir 80 g,stochastic,119,100.0,81.0,81.0,0.0,23.0,61.0,-4.0,29.0,98.0,-3.0,4.85
ofsetni papir 80 g,stochastic,120,100.0,100.0,81.0,0.0,21.0,94.0,-0.0,28.0,32.0,-1.0,4.82
ofsetni papir 80 g,stochastic,121,0.0,0.0,100.0,0.0,85.0,71.0,-3.0,86.0,29.0,-3.0,0.56
ofsetni papir 80 g,stochastic,122,0.0,21.0,100.0,0.0,78.0,10.0,6.0,82.0,98.0,-0.0,5.27
ofsetni papir 80 g,stochastic,123,0.0,52.0,100.0,0.0,63.0,90.0,24.0,68.0,20.0,19.0,4.71
ofsetni papir 80 g,stochastic,124,0.0,81.0,100.0,0.0,51.0,98.0,44.0,51.0,46.0,45.0,1.47
ofsetni papir 80 g,stochastic,125,0.0,100.0,100.0,0.0,44.0,75.0,55.0,44.0,46.0,56.0,0.7
ofsetni papir 80 g,stochastic,126,16.0,0.0,100.0,0.0,78.0,62.0,-6.0,84.0,15.0,-4.0,4.28
ofsetni papir 80 g,stochastic,127,16.0,21.0,100.0,0.0,68.0,82.0,0.0,80.0,25.0,-3.0,9.14
ofsetni papir 80 g,stochastic,128,16.0,52.0,100.0,0.0,57.0,58.0,15.0,67.0,0.0,14.0,8.87
ofsetni papir 80 g,stochastic,129,16.0,81.0,100.0,0.0,46.0,89.0,33.0,51.0,73.0,39.0,5.29
ofsetni papir 80 g,stochastic,130,16.0,100.0,100.0,0.0,40.0,60.0,45.0,44.0,90.0,50.0,4.25
ofsetni papir 80 g,stochastic,131,39.0,0.0,100.0,0.0,70.0,50.0,-16.0,79.0,18.0,-11.0,7.91
ofsetni papir 80 g,stochastic,132,39.0,21.0,100.0,0.0,57.0,60.0,-6.0,68.0,85.0,-5.0,10.17
ofsetni papir 80 g,stochastic,133,39.0,52.0,100.0,0.0,47.0,21.0,5.0,57.0,96.0,2.0,11.53
ofsetni papir 80 g,stochastic,134,39.0,81.0,100.0,0.0,38.0,32.0,20.0,44.0,73.0,24.0,6.07
ofsetni papir 80 g,stochastic,135,39.0,100.0,100.0,0.0,35.0,28.0,30.0,39.0,35.0,37.0,4.73
ofsetni papir 80 g,stochastic,136,64.0,0.0,100.0,0.0,58.0,63.0,-32.0,64.0,93.0,-28.0,6.42
ofsetni papir 80 g,stochastic,137,64.0,21.0,100.0,0.0,50.0,2.0,-19.0,62.0,94.0,-17.0,13.07
ofsetni papir 80 g,stochastic,138,64.0,52.0,100.0,0.0,37.0,11.0,-2.0,44.0,38.0,-3.0,7.46
ofsetni papir 80 g,stochastic,139,64.0,81.0,100.0,0.0,30.0,90.0,6.0,35.0,2.0,6.0,4.12
ofsetni papir 80 g,stochastic,140,64.0,100.0,100.0,0.0,27.0,16.0,12.0,31.0,13.0,14.0,3.62
ofsetni papir 80 g,stochastic,141,85.0,0.0,100.0,0.0,51.0,1.0,-43.0,53.0,98.0,-42.0,3.12
ofsetni papir 80 g,stochastic,142,85.0,21.0,100.0,0.0,43.0,67.0,-32.0,52.0,18.0,-34.0,8.83
ofsetni papir 80 g,stochastic,143,85.0,52.0,100.0,0.0,32.0,50.0,-12.0,39.0,49.0,-12.0,7.06
ofsetni papir 80 g,stochastic,144,85.0,81.0,100.0,0.0,26.0,63.0,-0.0,31.0,44.0,-1.0,4.07
ofsetni papir 80 g,stochastic,145,85.0,100.0,100.0,0.0,24.0,35.0,3.0,29.0,11.0,2.0,3.73
ofsetni papir 80 g,stochastic,146,100.0,0.0,100.0,0.0,45.0,83.0,-51.0,48.0,20.0,-50.0,2.36
ofsetni papir 80 g,stochastic,147,100.0,21.0,100.0,0.0,40.0,88.0,-40.0,47.0,73.0,-42.0,6.49
ofsetni papir 80 g,stochastic,148,100.0,52.0,100.0,0.0,30.0,39.0,-19.0,36.0,27.0,-22.0,5.15
ofsetni papir 80 g,stochastic,149,100.0,81.0,100.0,0.0,23.0,45.0,-4.0,29.0,12.0,-4.0,4.42
ofsetni papir 80 g,stochastic,150,100.0,100.0,100.0,0.0,22.0,75.0,-0.0,26.0,38.0,-0.0,2.93
ofsetni papir 80 g,stochastic,151,0.0,0.0,0.0,25.0,71.0,69.0,0.0,81.0,63.0,0.0,7.22
ofsetni papir 80 g,stochastic,152,0.0,31.0,0.0,25.0,65.0,37.0,8.0,79.0,39.0,4.0,11.44
ofsetni papir 80 g,stochastic,153,0.0,72.0,0.0,25.0,49.0,93.0,25.0,56.0,58.0,30.0,6.75
ofsetni papir 80 g,stochastic,154,0.0,100.0,0.0,25.0,39.0,61.0,41.0,43.0,12.0,49.0,4.11
ofsetni papir 80 g,stochastic,155,21.0,0.0,0.0,25.0,70.0,0.0,-4.0,82.0,97.0,-1.0,9.94
ofsetni papir 80 g,stochastic,156,21.0,31.0,0.0,25.0,61.0,31.0,4.0,76.0,94.0,2.0,12.49
ofsetni papir 80 g,stochastic,157,21.0,72.0,0.0,25.0,45.0,54.0,20.0,53.0,86.0,24.0,8.65
ofsetni papir 80 g,stochastic,158,21.0,100.0,0.0,25.0,36.0,66.0,35.0,42.0,99.0,43.0,6.51
ofsetni papir 80 g,stochastic,159,52.0,0.0,0.0,25.0,59.0,68.0,-13.0,72.0,94.0,-11.0,10.83
ofsetni papir 80 g,stochastic,160,52.0,31.0,0.0,25.0,52.0,43.0,-4.0,66.0,63.0,-6.0,12.71
ofsetni papir 80 g,stochastic,161,52.0,72.0,0.0,25.0,39.0,46.0,10.0,48.0,73.0,15.0,9.5
ofsetni papir 80 g,stochastic,162,52.0,100.0,0.0,25.0,32.0,37.0,21.0,37.0,13.0,31.0,6.37
ofsetni papir 80 g,stochastic,163,81.0,0.0,0.0,25.0,50.0,16.0,-22.0,58.0,16.0,-24.0,7.84
ofsetni papir 80 g,stochastic,164,81.0,31.0,0.0,25.0,43.0,72.0,-14.0,54.0,3.0,-19.0,10.62
ofsetni papir 80 g,stochastic,165,81.0,72.0,0.0,25.0,33.0,25.0,-0.0,40.0,0.0,1.0,5.78
ofsetni papir 80 g,stochastic,166,81.0,100.0,0.0,25.0,27.0,11.0,7.0,31.0,44.0,12.0,4.6
ofsetni papir 80 g,stochastic,167,100.0,0.0,0.0,25.0,44.0,22.0,-29.0,51.0,4.0,-31.0,6.86
ofsetni papir 80 g,stochastic,168,100.0,31.0,0.0,25.0,39.0,44.0,-20.0,47.0,70.0,-25.0,8.03
ofsetni papir 80 g,stochastic,169,100.0,72.0,0.0,25.0,29.0,17.0,-6.0,35.0,80.0,-8.0,5.58
ofsetni papir 80 g,stochastic,170,100.0,100.0,0.0,25.0,25.0,68.0,1.0,29.0,83.0,2.0,3.24
ofsetni papir 80 g,stochastic,171,0.0,0.0,31.0,25.0,71.0,90.0,-1.0,81.0,74.0,-2.0,7.47
ofsetni papir 80 g,stochastic,172,0.0,31.0,31.0,25.0,62.0,46.0,7.0,75.0,76.0,2.0,12.41
ofsetni papir 80 g,stochastic,173,0.0,72.0,31.0,25.0,48.0,68.0,24.0,55.0,39.0,28.0,6.91
ofsetni papir 80 g,stochastic,174,0.0,100.0,31.0,25.0,38.0,94.0,40.0,43.0,79.0,47.0,4.98
ofsetni papir 80 g,stochastic,175,21.0,0.0,31.0,25.0,65.0,93.0,-5.0,76.0,97.0,-3.0,9.55
ofsetni papir 80 g,stochastic,176,21.0,31.0,31.0,25.0,53.0,37.0,2.0,62.0,19.0,-0.0,9.11
ofsetni papir 80 g,stochastic,177,21.0,72.0,31.0,25.0,42.0,59.0,18.0,48.0,2.0,20.0,5.33
ofsetni papir 80 g,stochastic,178,21.0,100.0,31.0,25.0,35.0,53.0,30.0,38.0,88.0,37.0,3.85
ofsetni papir 80 g,stochastic,179,52.0,0.0,31.0,25.0,57.0,31.0,-14.0,69.0,53.0,-12.0,10.62
ofsetni papir 80 g,stochastic,180,52.0,31.0,31.0,25.0,44.0,18.0,-4.0,53.0,52.0,-2.0,9.55
ofsetni papir 80 g,stochastic,181,52.0,72.0,31.0,25.0,34.0,57.0,8.0,41.0,5.0,9.0,5.66
ofsetni papir 80 g,stochastic,182,52.0,100.0,31.0,25.0,29.0,32.0,18.0,32.0,25.0,24.0,4.28
ofsetni papir 80 g,stochastic,183,81.0,0.0,31.0,25.0,47.0,70.0,-25.0,55.0,45.0,-27.0,7.8
ofsetni papir 80 g,stochastic,184,81.0,31.0,31.0,25.0,37.0,33.0,-12.0,44.0,14.0,-14.0,6.12
ofsetni papir 80 g,stochastic,185,81.0,72.0,31.0,25.0,27.0,39.0,-0.0,34.0,26.0,-0.0,5.41
ofsetni papir 80 g,stochastic,186,81.0,100.0,31.0,25.0,23.0,57.0,5.0,27.0,53.0,9.0,5.0
ofsetni papir 80 g,stochastic,187,100.0,0.0,31.0,25.0,41.0,88.0,-33.0,49.0,66.0,-35.0,7.55
ofsetni papir 80 g,stochastic,188,100.0,31.0,31.0,25.0,33.0,64.0,-18.0,40.0,20.0,-23.0,5.95
ofsetni papir 80 g,stochastic,189,100.0,72.0,31.0,25.0,25.0,2.0,-4.0,31.0,46.0,-7.0,5.64
ofsetni papir 80 g,stochastic,190,100.0,100.0,31.0,25.0,21.0,57.0,-0.0,25.0,15.0,0.0,2.76
ofsetni papir 80 g,stochastic,191,0.0,0.0,72.0,25.0,68.0,27.0,-3.0,78.0,94.0,-4.0,8.68
ofsetni papir 80 g,stochastic,192,0.0,31.0,72.0,25.0,59.0,74.0,6.0,71.0,74.0,1.0,11.31
ofsetni papir 80 g,stochastic,193,0.0,72.0,72.0,25.0,46.0,36.0,24.0,52.0,33.0,30.0,6.48
ofsetni papir 80 g,stochastic,194,0.0,100.0,72.0,25.0,36.0,85.0,39.0,41.0,99.0,46.0,5.15
ofsetni papir 80 g,stochastic,195,21.0,0.0,72.0,25.0,62.0,33.0,-6.0,72.0,56.0,-5.0,9.03
ofsetni papir 80 g,stochastic,196,21.0,31.0,72.0,25.0,51.0,93.0,1.0,60.0,82.0,-1.0,9.54
ofsetni papir 80 g,stochastic,197,21.0,72.0,72.0,25.0,40.0,34.0,18.0,45.0,28.0,20.0,5.1
ofsetni papir 80 g,stochastic,198,21.0,100.0,72.0,25.0,33.0,97.0,28.0,37.0,8.0,35.0,3.99
ofsetni papir 80 g,stochastic,199,52.0,0.0,72.0,25.0,53.0,55.0,-16.0,64.0,49.0,-15.0,11.44
ofsetni papir 80 g,stochastic,200,52.0,31.0,72.0,25.0,38.0,32.0,-5.0,47.0,19.0,-3.0,9.03
ofsetni papir 80 g,stochastic,201,52.0,72.0,72.0,25.0,29.0,66.0,6.0,35.0,47.0,5.0,5.02
ofsetni papir 80 g,stochastic,202,52.0,100.0,72.0,25.0,26.0,95.0,13.0,29.0,11.0,16.0,2.77
ofsetni papir 80 g,stochastic,203,81.0,0.0,72.0,25.0,44.0,11.0,-29.0,51.0,92.0,-32.0,8.26
ofsetni papir 80 g,stochastic,204,81.0,31.0,72.0,25.0,35.0,52.0,-15.0,41.0,33.0,-16.0,5.53
ofsetni papir 80 g,stochastic,205,81.0,72.0,72.0,25.0,26.0,5.0,-0.0,29.0,99.0,-0.0,3.06
ofsetni papir 80 g,stochastic,206,81.0,100.0,72.0,25.0,23.0,58.0,3.0,25.0,92.0,4.0,1.82
ofsetni papir 80 g,stochastic,207,100.0,0.0,72.0,25.0,39.0,26.0,-37.0,46.0,39.0,-41.0,6.89
ofsetni papir 80 g,stochastic,208,100.0,31.0,72.0,25.0,31.0,74.0,-22.0,37.0,42.0,-26.0,5.11
ofsetni papir 80 g,stochastic,209,100.0,72.0,72.0,25.0,22.0,36.0,-4.0,26.0,30.0,-5.0,3.02
ofsetni papir 80 g,stochastic,210,100.0,100.0,72.0,25.0,22.0,23.0,-0.0,24.0,83.0,-0.0,2.07
ofsetni papir 80 g,stochastic,211,0.0,0.0,100.0,25.0,66.0,66.0,-3.0,76.0,48.0,-3.0,8.17
ofsetni papir 80 g,stochastic,212,0.0,31.0,100.0,25.0,57.0,69.0,6.0,70.0,60.0,2.0,12.23
ofsetni papir 80 g,stochastic,213,0.0,72.0,100.0,25.0,45.0,9.0,25.0,51.0,68.0,30.0,7.08
ofsetni papir 80 g,stochastic,214,0.0,100.0,100.0,25.0,37.0,62.0,39.0,42.0,98.0,45.0,5.23
ofsetni papir 80 g,stochastic,215,21.0,0.0,100.0,25.0,59.0,98.0,-7.0,71.0,20.0,-5.0,10.03
ofsetni papir 80 g,stochastic,216,21.0,31.0,100.0,25.0,49.0,40.0,1.0,60.0,49.0,-2.0,11.32
ofsetni papir 80 g,stochastic,217,21.0,72.0,100.0,25.0,38.0,25.0,18.0,44.0,58.0,20.0,6.0
ofsetni papir 80 g,stochastic,218,21.0,100.0,100.0,25.0,32.0,66.0,29.0,36.0,1.0,36.0,4.13
ofsetni papir 80 g,stochastic,219,52.0,0.0,100.0,25.0,51.0,34.0,-17.0,61.0,68.0,-16.0,10.71
ofsetni papir 80 g,stochastic,220,52.0,31.0,100.0,25.0,39.0,23.0,-6.0,47.0,35.0,-5.0,8.6
ofsetni papir 80 g,stochastic,221,52.0,72.0,100.0,25.0,29.0,41.0,5.0,35.0,94.0,5.0,5.83
ofsetni papir 80 g,stochastic,222,52.0,100.0,100.0,25.0,25.0,4.0,13.0,28.0,82.0,17.0,3.99
ofsetni papir 80 g,stochastic,223,81.0,0.0,100.0,25.0,41.0,34.0,-32.0,49.0,92.0,-34.0,8.44
ofsetni papir 80 g,stochastic,224,81.0,31.0,100.0,25.0,33.0,57.0,-17.0,40.0,1.0,-18.0,6.0
ofsetni papir 80 g,stochastic,225,81.0,72.0,100.0,25.0,26.0,46.0,-1.0,30.0,47.0,-2.0,4.3
ofsetni papir 80 g,stochastic,226,81.0,100.0,100.0,25.0,24.0,46.0,2.0,26.0,57.0,2.0,1.98
ofsetni papir 80 g,stochastic,227,100.0,0.0,100.0,25.0,39.0,26.0,-38.0,45.0,75.0,-42.0,6.23
ofsetni papir 80 g,stochastic,228,100.0,31.0,100.0,25.0,31.0,45.0,-23.0,37.0,16.0,-26.0,4.91
ofsetni papir 80 g,stochastic,229,100.0,72.0,100.0,25.0,24.0,71.0,-4.0,28.0,69.0,-5.0,3.57
ofsetni papir 80 g,stochastic,230,100.0,100.0,100.0,25.0,24.0,49.0,-0.0,27.0,46.0,-0.0,2.51
ofsetni papir 80 g,stochastic,231,0.0,0.0,0.0,60.0,40.0,14.0,-0.0,44.0,42.0,-0.0,3.91
ofsetni papir 80 g,stochastic,232,0.0,31.0,0.0,60.0,38.0,21.0,3.0,46.0,44.0,1.0,7.95
ofsetni papir 80 g,stochastic,233,0.0,72.0,0.0,60.0,31.0,44.0,12.0,34.0,70.0,13.0,2.96
ofsetni papir 80 g,stochastic,234,0.0,100.0,0.0,60.0,26.0,51.0,18.0,27.0,28.0,22.0,2.84
ofsetni papir 80 g,stochastic,235,31.0,0.0,0.0,60.0,41.0,32.0,-4.0,48.0,74.0,-3.0,7.18
ofsetni papir 80 g,stochastic,236,31.0,31.0,0.0,60.0,35.0,81.0,0.0,44.0,16.0,-0.0,7.61
ofsetni papir 80 g,stochastic,237,31.0,72.0,0.0,60.0,28.0,83.0,8.0,33.0,59.0,10.0,4.6
ofsetni papir 80 g,stochastic,238,31.0,100.0,0.0,60.0,22.0,86.0,14.0,25.0,55.0,19.0,4.1
ofsetni papir 80 g,stochastic,239,72.0,0.0,0.0,60.0,33.0,70.0,-10.0,39.0,12.0,-12.0,4.8
ofsetni papir 80 g,stochastic,240,72.0,31.0,0.0,60.0,29.0,83.0,-5.0,35.0,81.0,-8.0,5.43
ofsetni papir 80 g,stochastic,241,72.0,72.0,0.0,60.0,25.0,12.0,0.0,28.0,66.0,1.0,2.86
ofsetni papir 80 g,stochastic,242,72.0,100.0,0.0,60.0,21.0,97.0,4.0,24.0,76.0,6.0,3.3
ofsetni papir 80 g,stochastic,243,100.0,0.0,0.0,60.0,29.0,48.0,-13.0,35.0,30.0,-17.0,5.09
ofsetni papir 80 g,stochastic,244,100.0,31.0,0.0,60.0,27.0,15.0,-7.0,31.0,14.0,-11.0,4.57
ofsetni papir 80 g,stochastic,245,100.0,72.0,0.0,60.0,21.0,96.0,-1.0,27.0,15.0,-3.0,4.39
ofsetni papir 80 g,stochastic,246,100.0,100.0,0.0,60.0,22.0,12.0,0.0,22.0,30.0,0.0,1.41
ofsetni papir 80 g,stochastic,247,0.0,0.0,31.0,60.0,42.0,26.0,-1.0,49.0,12.0,-1.0,6.67
ofsetni papir 80 g,stochastic,248,0.0,31.0,31.0,60.0,37.0,33.0,3.0,44.0,87.0,0.0,7.78
ofsetni papir 80 g,stochastic,249,0.0,72.0,31.0,60.0,31.0,14.0,11.0,33.0,88.0,13.0,2.99
ofsetni papir 80 g,stochastic,250,0.0,100.0,31.0,60.0,27.0,53.0,15.0,28.0,61.0,21.0,3.73
ofsetni papir 80 g,stochastic,251,31.0,0.0,31.0,60.0,39.0,5.0,-4.0,45.0,12.0,-3.0,6.08
ofsetni papir 80 g,stochastic,252,31.0,31.0,31.0,60.0,33.0,39.0,-0.0,36.0,52.0,-0.0,2.82
ofsetni papir 80 g,stochastic,253,31.0,72.0,31.0,60.0,27.0,83.0,6.0,30.0,87.0,7.0,2.35
ofsetni papir 80 g,stochastic,254,31.0,100.0,31.0,60.0,23.0,67.0,10.0,25.0,26.0,12.0,2.0
ofsetni papir 80 g,stochastic,255,72.0,0.0,31.0,60.0,32.0,90.0,-10.0,37.0,87.0,-12.0,4.58
ofsetni papir 80 g,stochastic,256,72.0,31.0,31.0,60.0,29.0,21.0,-4.0,33.0,4.0,-5.0,3.14
ofsetni papir 80 g,stochastic,257,72.0,72.0,31.0,60.0,25.0,32.0,0.0,29.0,35.0,0.0,3.02
ofsetni papir 80 g,stochastic,258,72.0,100.0,31.0,60.0,23.0,13.0,2.0,25.0,29.0,4.0,2.57
ofsetni papir 80 g,stochastic,259,100.0,0.0,31.0,60.0,29.0,10.0,-13.0,34.0,17.0,-16.0,4.68
ofsetni papir 80 g,stochastic,260,100.0,31.0,31.0,60.0,25.0,53.0,-7.0,29.0,4.0,-8.0,3.06
ofsetni papir 80 g,stochastic,261,100.0,72.0,31.0,60.0,23.0,62.0,-1.0,24.0,83.0,-3.0,2.21
ofsetni papir 80 g,stochastic,262,100.0,100.0,31.0,60.0,22.0,3.0,0.0,23.0,38.0,0.0,1.18
ofsetni papir 80 g,stochastic,263,0.0,0.0,72.0,60.0,42.0,12.0,-2.0,48.0,11.0,-3.0,6.73
ofsetni papir 80 g,stochastic,264,0.0,31.0,72.0,60.0,36.0,76.0,2.0,43.0,45.0,-0.0,8.1
ofsetni papir 80 g,stochastic,265,0.0,72.0,72.0,60.0,30.0,78.0,10.0,33.0,18.0,13.0,3.16
ofsetni papir 80 g,stochastic,266,0.0,100.0,72.0,60.0,27.0,62.0,15.0,26.0,50.0,21.0,4.07
ofsetni papir 80 g,stochastic,267,31.0,0.0,72.0,60.0,36.0,82.0,-5.0,42.0,22.0,-4.0,6.7
ofsetni papir 80 g,stochastic,268,31.0,31.0,72.0,60.0,31.0,57.0,-1.0,35.0,74.0,-2.0,4.58
ofsetni papir 80 g,stochastic,269,31.0,72.0,72.0,60.0,27.0,52.0,5.0,30.0,88.0,6.0,3.01
ofsetni papir 80 g,stochastic,270,31.0,100.0,72.0,60.0,25.0,74.0,8.0,26.0,67.0,10.0,1.86
ofsetni papir 80 g,stochastic,271,72.0,0.0,72.0,60.0,30.0,17.0,-11.0,34.0,86.0,-13.0,4.74
ofsetni papir 80 g,stochastic,272,72.0,31.0,72.0,60.0,28.0,43.0,-5.0,31.0,50.0,-5.0,3.54
ofsetni papir 80 g,stochastic,273,72.0,72.0,72.0,60.0,26.0,69.0,0.0,28.0,48.0,-0.0,1.83
ofsetni papir 80 g,stochastic,274,72.0,100.0,72.0,60.0,24.0,7.0,2.0,26.0,7.0,2.0,1.6
ofsetni papir 80 g,stochastic,275,100.0,0.0,72.0,60.0,28.0,68.0,-13.0,30.0,27.0,-17.0,3.19
ofsetni papir 80 g,stochastic,276,100.0,31.0,72.0,60.0,25.0,95.0,-7.0,27.0,61.0,-9.0,2.3
ofsetni papir 80 g,stochastic,277,100.0,72.0,72.0,60.0,24.0,85.0,-1.0,25.0,32.0,-2.0,1.4
ofsetni papir 80 g,stochastic,278,100.0,100.0,72.0,60.0,23.0,92.0,-0.0,25.0,99.0,-0.0,1.83
ofsetni papir 80 g,stochastic,279,0.0,0.0,100.0,60.0,39.0,46.0,-3.0,45.0,33.0,-3.0,6.51
ofsetni papir 80 g,stochastic,280,0.0,31.0,100.0,60.0,34.0,53.0,0.0,38.0,96.0,-0.0,6.94
ofsetni papir 80 g,stochastic,281,0.0,72.0,100.0,60.0,28.0,40.0,11.0,30.0,79.0,14.0,3.17
ofsetni papir 80 g,stochastic,282,0.0,100.0,100.0,60.0,24.0,22.0,15.0,26.0,82.0,19.0,3.29
ofsetni papir 80 g,stochastic,283,31.0,0.0,100.0,60.0,34.0,81.0,-6.0,42.0,96.0,-5.0,8.66
ofsetni papir 80 g,stochastic,284,31.0,31.0,100.0,60.0,31.0,23.0,-1.0,36.0,61.0,-2.0,5.48
ofsetni papir 80 g,stochastic,285,31.0,72.0,100.0,60.0,26.0,43.0,4.0,30.0,35.0,5.0,3.23
ofsetni papir 80 g,stochastic,286,31.0,100.0,100.0,60.0,25.0,72.0,7.0,27.0,21.0,9.0,2.28
ofsetni papir 80 g,stochastic,287,72.0,0.0,100.0,60.0,30.0,24.0,-11.0,35.0,1.0,-14.0,4.93
ofsetni papir 80 g,stochastic,288,72.0,31.0,100.0,60.0,27.0,87.0,-5.0,30.0,35.0,-6.0,3.02
ofsetni papir 80 g,stochastic,289,72.0,72.0,100.0,60.0,26.0,27.0,-0.0,27.0,79.0,-0.0,2.17
ofsetni papir 80 g,stochastic,290,72.0,100.0,100.0,60.0,24.0,81.0,1.0,25.0,75.0,1.0,1.04
ofsetni papir 80 g,stochastic,291,100.0,0.0,100.0,60.0,29.0,26.0,-13.0,29.0,23.0,-19.0,4.44
ofsetni papir 80 g,stochastic,292,100.0,31.0,100.0,60.0,25.0,92.0,-8.0,26.0,24.0,-10.0,2.52
ofsetni papir 80 g,stochastic,293,100.0,72.0,100.0,60.0,24.0,14.0,-2.0,25.0,47.0,-2.0,1.5
ofsetni papir 80 g,stochastic,294,100.0,100.0,100.0,60.0,23.0,46.0,-0.0,23.0,74.0,-0.0,0.9
ofsetni papir 80 g,stochastic,295,0.0,0.0,0.0,88.0,26.0,73.0,-0.0,28.0,16.0,-0.0,1.07
ofsetni papir 80 g,stochastic,296,0.0,52.0,0.0,88.0,24.0,40.0,2.0,27.0,14.0,2.0,2.12
ofsetni papir 80 g,stochastic,297,0.0,100.0,0.0,88.0,23.0,19.0,4.0,24.0,13.0,5.0,1.24
ofsetni papir 80 g,stochastic,298,31.0,0.0,0.0,88.0,26.0,43.0,-1.0,30.0,26.0,-2.0,3.04
ofsetni papir 80 g,stochastic,299,31.0,52.0,0.0,88.0,24.0,54.0,0.0,27.0,90.0,0.0,2.51
ofsetni papir 80 g,stochastic,300,31.0,100.0,0.0,88.0,21.0,44.0,3.0,25.0,13.0,4.0,2.94
ofsetni papir 80 g,stochastic,301,72.0,0.0,0.0,88.0,23.0,89.0,-2.0,27.0,51.0,-4.0,3.1
ofsetni papir 80 g,stochastic,302,72.0,52.0,0.0,88.0,23.0,58.0,-0.0,25.0,55.0,-1.0,2.12
ofsetni papir 80 g,stochastic,303,72.0,100.0,0.0,88.0,23.0,35.0,1.0,22.0,96.0,1.0,0.83
ofsetni papir 80 g,stochastic,304,100.0,0.0,0.0,88.0,24.0,66.0,-2.0,23.0,59.0,-4.0,2.7
ofsetni papir 80 g,stochastic,305,100.0,52.0,0.0,88.0,24.0,27.0,-0.0,22.0,70.0,-2.0,2.47
ofsetni papir 80 g,stochastic,306,100.0,100.0,0.0,88.0,22.0,50.0,0.0,22.0,80.0,-0.0,0.98
ofsetni papir 80 g,stochastic,307,0.0,0.0,52.0,88.0,28.0,37.0,-1.0,30.0,17.0,-1.0,2.32
ofsetni papir 80 g,stochastic,308,0.0,52.0,52.0,88.0,25.0,8.0,1.0,25.0,95.0,1.0,1.11
ofsetni papir 80 g,stochastic,309,0.0,100.0,52.0,88.0,18.0,85.0,5.0,21.0,28.0,6.0,1.89
ofsetni papir 80 g,stochastic,310,31.0,0.0,52.0,88.0,25.0,53.0,-2.0,28.0,99.0,-2.0,3.12
ofsetni papir 80 g,stochastic,311,31.0,52.0,52.0,88.0,24.0,75.0,0.0,27.0,23.0,-0.0,2.1
ofsetni papir 80 g,stochastic,312,31.0,100.0,52.0,88.0,22.0,77.0,2.0,24.0,17.0,3.0,1.34
ofsetni papir 80 g,stochastic,313,72.0,0.0,52.0,88.0,24.0,2.0,-3.0,26.0,10.0,-4.0,1.94
ofsetni papir 80 g,stochastic,314,72.0,52.0,52.0,88.0,24.0,1.0,-0.0,27.0,48.0,-1.0,2.7
ofsetni papir 80 g,stochastic,315,72.0,100.0,52.0,88.0,23.0,97.0,0.0,26.0,22.0,0.0,1.64
ofsetni papir 80 g,stochastic,316,100.0,0.0,52.0,88.0,24.0,3.0,-3.0,25.0,37.0,-4.0,1.48
ofsetni papir 80 g,stochastic,317,100.0,52.0,52.0,88.0,24.0,51.0,-0.0,24.0,4.0,-2.0,1.96
ofsetni papir 80 g,stochastic,318,100.0,100.0,52.0,88.0,25.0,0.0,-0.0,25.0,7.0,-0.0,0.85
ofsetni papir 80 g,stochastic,319,0.0,0.0,100.0,88.0,27.0,94.0,-1.0,29.0,1.0,-2.0,3.0
ofsetni papir 80 g,stochastic,320,0.0,52.0,100.0,88.0,26.0,12.0,0.0,26.0,72.0,0.0,1.68
ofsetni papir 80 g,stochastic,321,0.0,100.0,100.0,88.0,23.0,8.0,3.0,24.0,12.0,3.0,1.21
ofsetni papir 80 g,stochastic,322,31.0,0.0,100.0,88.0,26.0,57.0,-2.0,26.0,80.0,-2.0,1.88
ofsetni papir 80 g,stochastic,323,31.0,52.0,100.0,88.0,18.0,84.0,-0.0,25.0,31.0,-0.0,4.85
ofsetni papir 80 g,stochastic,324,31.0,100.0,100.0,88.0,19.0,61.0,2.0,21.0,32.0,3.0,1.61
ofsetni papir 80 g,stochastic,325,72.0,0.0,100.0,88.0,23.0,39.0,-4.0,25.0,78.0,-4.0,1.94
ofsetni papir 80 g,stochastic,326,72.0,52.0,100.0,88.0,23.0,38.0,-1.0,26.0,7.0,-1.0,2.27
ofsetni papir 80 g,stochastic,327,72.0,100.0,100.0,88.0,23.0,57.0,0.0,26.0,11.0,0.0,1.92
ofsetni papir 80 g,stochastic,328,100.0,0.0,100.0,88.0,23.0,54.0,-4.0,25.0,86.0,-4.0,1.81
ofsetni papir 80 g,stochastic,329,100.0,52.0,100.0,88.0,24.0,9.0,-1.0,25.0,70.0,-2.0,1.7
ofsetni papir 80 g,stochastic,330,100.0,100.0,100.0,88.0,24.0,12.0,-0.0,26.0,5.0,-0.0,1.49
ofsetni papir 80 g,stochastic,331,0.0,0.0,0.0,100.0,27.0,24.0,-0.0,26.0,35.0,-0.0,0.72
ofsetni papir 80 g,stochastic,332,0.0,52.0,0.0,100.0,25.0,5.0,0.0,25.0,38.0,0.0,0.42
ofsetni papir 80 g,stochastic,333,0.0,100.0,0.0,100.0,24.0,22.0,1.0,24.0,23.0,2.0,1.57
ofsetni papir 80 g,stochastic,334,52.0,0.0,0.0,100.0,22.0,55.0,-0.0,24.0,13.0,-2.0,2.0
ofsetni papir 80 g,stochastic,335,52.0,52.0,0.0,100.0,22.0,85.0,-0.0,24.0,50.0,-0.0,1.55
ofsetni papir 80 g,stochastic,336,52.0,100.0,0.0,100.0,23.0,6.0,0.0,24.0,8.0,1.0,0.91
ofsetni papir 80 g,stochastic,337,100.0,0.0,0.0,100.0,15.0,76.0,-1.0,18.0,36.0,-3.0,3.08
ofsetni papir 80 g,stochastic,338,100.0,52.0,0.0,100.0,17.0,20.0,-0.0,21.0,87.0,-1.0,3.78
ofsetni papir 80 g,stochastic,339,100.0,100.0,0.0,100.0,20.0,77.0,0.0,23.0,69.0,-0.0,2.4
ofsetni papir 80 g,stochastic,340,0.0,0.0,52.0,100.0,22.0,38.0,-0.0,26.0,40.0,-1.0,3.13
ofsetni papir 80 g,stochastic,341,0.0,52.0,52.0,100.0,23.0,28.0,0.0,25.0,81.0,0.0,1.92
ofsetni papir 80 g,stochastic,342,0.0,100.0,52.0,100.0,22.0,88.0,1.0,24.0,37.0,1.0,1.3
ofsetni papir 80 g,stochastic,343,52.0,0.0,52.0,100.0,24.0,45.0,-1.0,24.0,91.0,-1.0,0.8
ofsetni papir 80 g,stochastic,344,52.0,52.0,52.0,100.0,24.0,9.0,-0.0,25.0,18.0,-0.0,1.02
ofsetni papir 80 g,stochastic,345,52.0,100.0,52.0,100.0,24.0,36.0,0.0,24.0,27.0,0.0,0.28
ofsetni papir 80 g,stochastic,346,100.0,0.0,52.0,100.0,23.0,75.0,-1.0,22.0,47.0,-2.0,2.33
ofsetni papir 80 g,stochastic,347,100.0,52.0,52.0,100.0,24.0,48.0,-0.0,24.0,78.0,-1.0,1.09
ofsetni papir 80 g,stochastic,348,100.0,100.0,52.0,100.0,24.0,8.0,-0.0,25.0,43.0,-0.0,1.22
ofsetni papir 80 g,stochastic,349,0.0,0.0,100.0,100.0,24.0,0.0,-1.0,25.0,87.0,-1.0,2.08
ofsetni papir 80 g,stochastic,350,0.0,52.0,100.0,100.0,24.0,30.0,0.0,25.0,6.0,0.0,1.52
ofsetni papir 80 g,stochastic,351,0.0,100.0,100.0,100.0,18.0,38.0,1.0,20.0,10.0,2.0,1.38
ofsetni papir 80 g,stochastic,352,52.0,0.0,100.0,100.0,18.0,80.0,-2.0,22.0,94.0,-2.0,3.15
ofsetni papir 80 g,stochastic,353,52.0,52.0,100.0,100.0,23.0,66.0,-0.0,25.0,85.0,-0.0,1.78
ofsetni papir 80 g,stochastic,354,52.0,100.0,100.0,100.0,23.0,10.0,0.0,25.0,57.0,0.0,1.99
ofsetni papir 80 g,stochastic,355,100.0,0.0,100.0,100.0,21.0,31.0,-2.0,23.0,17.0,-3.0,2.24
ofsetni papir 80 g,stochastic,356,100.0,52.0,100.0,100.0,21.0,83.0,-1.0,25.0,31.0,-1.0,2.65
ofsetni papir 80 g,stochastic,357,100.0,100.0,100.0,100.0,25.0,5.0,-0.0,26.0,24.0,-0.0,1.13
ofsetni papir 80 g,stochastic,358,5.0,0.0,0.0,0.0,90.0,51.0,-0.0,92.0,55.0,1.0,1.97
ofsetni papir 80 g,stochastic,359,28.0,0.0,0.0,0.0,85.0,53.0,-6.0,90.0,27.0,-1.0,6.61
ofsetni papir 80 g,stochastic,360,95.0,0.0,0.0,0.0,56.0,1.0,-30.0,56.0,60.0,-30.0,0.57
ofsetni papir 80 g,stochastic,361,0.0,4.0,0.0,0.0,92.0,69.0,1.0,91.0,92.0,1.0,0.47
ofsetni papir 80 g,stochastic,362,0.0,11.0,0.0,0.0,91.0,20.0,1.0,92.0,0.0,1.0,1.21
ofsetni papir 80 g,stochastic,363,0.0,93.0,0.0,0.0,53.0,7.0,51.0,50.0,66.0,54.0,2.61
ofsetni papir 80 g,stochastic,364,0.0,0.0,4.0,0.0,92.0,81.0,1.0,92.0,68.0,1.0,0.16
ofsetni papir 80 g,stochastic,365,0.0,0.0,11.0,0.0,92.0,58.0,0.0,91.0,87.0,0.0,0.6
ofsetni papir 80 g,stochastic,366,0.0,0.0,93.0,0.0,87.0,6.0,-4.0,87.0,29.0,-4.0,0.37
ofsetni papir 80 g,stochastic,367,0.0,0.0,0.0,4.0,87.0,65.0,0.0,91.0,8.0,1.0,2.19
ofsetni papir 80 g,stochastic,368,0.0,0.0,0.0,13.0,79.0,9.0,0.0,87.0,27.0,0.0,5.58
ofsetni papir 80 g,stochastic,369,0.0,0.0,0.0,95.0,28.0,36.0,-0.0,29.0,42.0,-0.0,0.82
ofsetni papir 80 g,stochastic,370,9.0,7.0,7.0,0.0,84.0,73.0,0.0,89.0,75.0,0.0,3.27
ofsetni papir 80 g,stochastic,371,19.0,15.0,15.0,0.0,75.0,57.0,0.0,85.0,68.0,0.0,7.01
ofsetni papir 80 g,stochastic,372,29.0,23.0,23.0,0.0,66.0,57.0,-0.0,76.0,6.0,0.0,7.25
ofsetni papir 80 g,stochastic,373,39.0,31.0,31.0,0.0,56.0,70.0,-0.0,63.0,80.0,-0.0,6.25
ofsetni papir 80 g,stochastic,374,49.0,39.0,39.0,4.0,45.0,15.0,-0.0,49.0,50.0,-0.0,4.28
ofsetni papir 80 g,stochastic,375,59.0,47.0,47.0,16.0,37.0,27.0,-0.0,39.0,97.0,-0.0,2.37
ofsetni papir 80 g,stochastic,376,69.0,55.0,55.0,31.0,32.0,37.0,-1.0,34.0,10.0,-0.0,1.7
ofsetni papir 80 g,stochastic,377,79.0,63.0,63.0,48.0,28.0,88.0,-1.0,28.0,46.0,-1.0,0.94
ofsetni papir 80 g,stochastic,378,89.0,71.0,71.0,72.0,25.0,1.0,-1.0,25.0,33.0,-1.0,1.01
ofsetni papir 80 g,stochastic,379,99.0,79.0,79.0,100.0,20.0,38.0,-0.0,24.0,92.0,-1.0,3.33
ofsetni papir 80 g,stochastic,380,9.0,7.0,7.0,0.0,85.0,49.0,0.0,90.0,33.0,1.0,3.14
ofsetni papir 80 g,stochastic,381,18.0,14.0,14.0,0.0,77.0,60.0,0.0,87.0,21.0,0.0,6.55
ofsetni papir 80 g,stochastic,382,27.0,21.0,21.0,0.0,68.0,27.0,0.0,78.0,25.0,0.0,7.45
ofsetni papir 80 g,stochastic,383,36.0,29.0,29.0,0.0,58.0,86.0,-0.0,68.0,33.0,0.0,7.97
ofsetni papir 80 g,stochastic,384,45.0,36.0,36.0,0.0,50.0,12.0,-0.0,57.0,38.0,-0.0,7.02
ofsetni papir 80 g,stochastic,385,54.0,43.0,43.0,0.0,43.0,38.0,-0.0,49.0,75.0,-0.0,6.22
ofsetni papir 80 g,stochastic,386,63.0,50.0,50.0,0.0,39.0,69.0,-1.0,42.0,82.0,-0.0,2.93
ofsetni papir 80 g,stochastic,387,72.0,58.0,58.0,0.0,35.0,81.0,-1.0,38.0,40.0,-0.0,2.49
ofsetni papir 80 g,stochastic,388,81.0,65.0,65.0,2.0,32.0,39.0,-2.0,35.0,22.0,-1.0,2.69
ofsetni papir 80 g,stochastic,389,90.0,72.0,72.0,49.0,26.0,52.0,-1.0,26.0,55.0,-2.0,0.82
ofsetni papir 80 g,stochastic,390,24.0,19.0,19.0,11.0,63.0,34.0,-0.0,72.0,95.0,0.0,7.65
ofsetni papir 80 g,stochastic,391,49.0,39.0,39.0,30.0,37.0,62.0,-0.0,39.0,68.0,-0.0,1.82
ofsetni papir 80 g,stochastic,392,74.0,59.0,59.0,59.0,28.0,84.0,-1.0,29.0,37.0,-1.0,0.81
ofsetni papir 80 g,stochastic,393,28.0,0.0,0.0,0.0,85.0,83.0,-6.0,90.0,68.0,-1.0,6.82
ofsetni papir 80 g,stochastic,394,64.0,0.0,0.0,0.0,67.0,57.0,-22.0,71.0,49.0,-19.0,3.47
ofsetni papir 80 g,stochastic,395,0.0,21.0,0.0,0.0,89.0,38.0,4.0,91.0,93.0,1.0,4.57
ofsetni papir 80 g,stochastic,396,0.0,52.0,0.0,0.0,73.0,76.0,20.0,80.0,94.0,13.0,6.77
ofsetni papir 80 g,stochastic,397,0.0,0.0,21.0,0.0,92.0,54.0,-0.0,92.0,15.0,-0.0,0.36
ofsetni papir 80 g,stochastic,398,0.0,0.0,52.0,0.0,90.0,46.0,-2.0,89.0,86.0,-2.0,1.15
ofsetni papir 80 g,stochastic,399,0.0,0.0,0.0,25.0,69.0,68.0,0.0,79.0,58.0,0.0,7.34
ofsetni papir 80 g,stochastic,400,0.0,0.0,0.0,60.0,43.0,82.0,-0.0,42.0,97.0,-0.0,1.13
matirani papir 135 g,150 dot,1,0.0,0.0,0.0,0.0,94.0,88.0,0.0,95.0,3.0,0.0,0.25
matirani papir 135 g,150 dot,2,0.0,21.0,0.0,0.0,86.0,34.0,9.0,84.0,5.0,8.0,1.64
matirani papir 135 g,150 dot,3,0.0,52.0,0.0,0.0,70.0,79.0,25.0,69.0,83.0,22.0,1.9
matirani papir 135 g,150 dot,4,0.0,81.0,0.0,0.0,57.0,8.0,45.0,57.0,54.0,38.0,2.78
matirani papir 135 g,150 dot,5,0.0,100.0,0.0,0.0,48.0,51.0,60.0,49.0,76.0,52.0,2.55
matirani papir 135 g,150 dot,6,16.0,0.0,0.0,0.0,89.0,18.0,-3.0,86.0,12.0,-3.0,2.49
matirani papir 135 g,150 dot,7,16.0,21.0,0.0,0.0,80.0,77.0,5.0,77.0,78.0,3.0,3.05
matirani papir 135 g,150 dot,8,16.0,52.0,0.0,0.0,65.0,7.0,21.0,63.0,86.0,18.0,1.78
matirani papir 135 g,150 dot,9,16.0,81.0,0.0,0.0,52.0,12.0,38.0,52.0,12.0,33.0,1.67
matirani papir 135 g,150 dot,10,16.0,100.0,0.0,0.0,43.0,94.0,53.0,44.0,41.0,47.0,2.04
matirani papir 135 g,150 dot,11,39.0,0.0,0.0,0.0,79.0,7.0,-12.0,76.0,32.0,-10.0,2.17
matirani papir 135 g,150 dot,12,39.0,21.0,0.0,0.0,70.0,90.0,-3.0,68.0,63.0,-3.0,2.01
matirani papir 135 g,150 dot,13,39.0,52.0,0.0,0.0,57.0,10.0,11.0,56.0,93.0,10.0,0.87
matirani papir 135 g,150 dot,14,39.0,81.0,0.0,0.0,44.0,3.0,28.0,45.0,42.0,24.0,2.48
matirani papir 135 g,150 dot,15,39.0,100.0,0.0,0.0,38.0,68.0,41.0,40.0,48.0,34.0,2.98
matirani papir 135 g,150 dot,16,64.0,0.0,0.0,0.0,69.0,7.0,-21.0,67.0,66.0,-18.0,1.83
matirani papir 135 g,150 dot,17,64.0,21.0,0.0,0.0,62.0,71.0,-13.0,61.0,6.0,-11.0,1.84
matirani papir 135 g,150 dot,18,64.0,52.0,0.0,0.0,50.0,61.0,0.0,50.0,78.0,-0.0,0.55
matirani papir 135 g,150 dot,19,64.0,81.0,0.0,0.0,39.0,6.0,16.0,41.0,25.0,12.0,3.25
matirani papir 135 g,150 dot,20,64.0,100.0,0.0,0.0,33.0,42.0,26.0,34.0,75.0,22.0,2.07
matirani papir 135 g,150 dot,21,85.0,0.0,0.0,0.0,61.0,4.0,-30.0,60.0,42.0,-27.0,1.54
matirani papir 135 g,150 dot,22,85.0,21.0,0.0,0.0,54.0,43.0,-23.0,54.0,3.0,-19.0,1.87
matirani papir 135 g,150 dot,23,85.0,52.0,0.0,0.0,43.0,27.0,-9.0,43.0,83.0,-7.0,1.98
matirani papir 135 g,150 dot,24,85.0,81.0,0.0,0.0,33.0,27.0,4.0,34.0,11.0,5.0,1.67
matirani papir 135 g,150 dot,25,85.0,100.0,0.0,0.0,27.0,42.0,14.0,28.0,78.0,13.0,1.63
matirani papir 135 g,150 dot,26,100.0,0.0,0.0,0.0,55.0,24.0,-36.0,55.0,63.0,-32.0,1.39
matirani papir 135 g,150 dot,27,100.0,21.0,0.0,0.0,48.0,25.0,-32.0,47.0,61.0,-28.0,1.44
matirani papir 135 g,150 dot,28,100.0,52.0,0.0,0.0,38.0,20.0,-16.0,38.0,61.0,-14.0,1.27
matirani papir 135 g,150 dot,29,100.0,81.0,0.0,0.0,29.0,66.0,-1.0,31.0,17.0,-1.0,1.25
matirani papir 135 g,150 dot,30,100.0,100.0,0.0,0.0,25.0,10.0,7.0,26.0,90.0,5.0,1.56
matirani papir 135 g,150 dot,31,0.0,0.0,21.0,0.0,92.0,43.0,-2.0,90.0,22.0,-2.0,1.37
matirani papir 135 g,150 dot,32,0.0,21.0,21.0,0.0,82.0,87.0,8.0,80.0,32.0,7.0,2.15
matirani papir 135 g,150 dot,33,0.0,52.0,21.0,0.0,68.0,50.0,27.0,68.0,23.0,23.0,2.45
matirani papir 135 g,150 dot,34,0.0,81.0,21.0,0.0,54.0,87.0,46.0,55.0,76.0,40.0,2.47
matirani papir 135 g,150 dot,35,0.0,100.0,21.0,0.0,46.0,23.0,62.0,48.0,4.0,55.0,2.63
matirani papir 135 g,150 dot,36,16.0,0.0,21.0,0.0,86.0,54.0,-6.0,82.0,89.0,-6.0,2.69
matirani papir 135 g,150 dot,37,16.0,21.0,21.0,0.0,72.0,46.0,3.0,71.0,38.0,3.0,1.0
matirani papir 135 g,150 dot,38,16.0,52.0,21.0,0.0,58.0,58.0,19.0,59.0,27.0,18.0,1.46
matirani papir 135 g,150 dot,39,16.0,81.0,21.0,0.0,47.0,21.0,38.0,48.0,45.0,35.0,2.27
matirani papir 135 g,150 dot,40,16.0,100.0,21.0,0.0,41.0,19.0,51.0,42.0,53.0,46.0,2.36
matirani papir 135 g,150 dot,41,39.0,0.0,21.0,0.0,75.0,78.0,-15.0,73.0,63.0,-13.0,2.2
matirani papir 135 g,150 dot,42,39.0,21.0,21.0,0.0,63.0,14.0,-5.0,63.0,47.0,-4.0,0.88
matirani papir 135 g,150 dot,43,39.0,52.0,21.0,0.0,52.0,26.0,11.0,54.0,15.0,10.0,2.14
matirani papir 135 g,150 dot,44,39.0,81.0,21.0,0.0,40.0,51.0,29.0,45.0,3.0,25.0,4.63
matirani papir 135 g,150 dot,45,39.0,100.0,21.0,0.0,35.0,78.0,39.0,38.0,63.0,33.0,3.4
matirani papir 135 g,150 dot,46,64.0,0.0,21.0,0.0,67.0,33.0,-25.0,64.0,76.0,-23.0,2.32
matirani papir 135 g,150 dot,47,64.0,21.0,21.0,0.0,56.0,93.0,-15.0,56.0,55.0,-13.0,0.86
matirani papir 135 g,150 dot,48,64.0,52.0,21.0,0.0,42.0,95.0,0.0,46.0,4.0,0.0,2.91
matirani papir 135 g,150 dot,49,64.0,81.0,21.0,0.0,33.0,12.0,15.0,36.0,60.0,13.0,3.23
matirani papir 135 g,150 dot,50,64.0,100.0,21.0,0.0,28.0,66.0,26.0,31.0,40.0,23.0,2.86
matirani papir 135 g,150 dot,51,85.0,0.0,21.0,0.0,57.0,89.0,-37.0,57.0,55.0,-32.0,1.93
matirani papir 135 g,150 dot,52,85.0,21.0,21.0,0.0,47.0,10.0,-26.0,48.0,79.0,-22.0,2.54
matirani papir 135 g,150 dot,53,85.0,52.0,21.0,0.0,35.0,38.0,-9.0,39.0,33.0,-7.0,3.8
matirani papir 135 g,150 dot,54,85.0,81.0,21.0,0.0,27.0,36.0,3.0,30.0,56.0,3.0,2.57
matirani papir 135 g,150 dot,55,85.0,100.0,21.0,0.0,23.0,61.0,12.0,26.0,14.0,11.0,2.3
matirani papir 135 g,150 dot,56,100.0,0.0,21.0,0.0,51.0,73.0,-44.0,52.0,8.0,-39.0,1.95
matirani papir 135 g,150 dot,57,100.0,21.0,21.0,0.0,45.0,5.0,-34.0,44.0,90.0,-32.0,1.34
matirani papir 135 g,150 dot,58,100.0,52.0,21.0,0.0,33.0,74.0,-16.0,36.0,38.0,-15.0,2.33
matirani papir 135 g,150 dot,59,100.0,81.0,21.0,0.0,26.0,30.0,-2.0,28.0,72.0,-3.0,2.11
matirani papir 135 g,150 dot,60,100.0,100.0,21.0,0.0,23.0,26.0,4.0,24.0,50.0,2.0,1.32
matirani papir 135 g,150 dot,61,0.0,0.0,52.0,0.0,89.0,58.0,-2.0,86.0,64.0,-1.0,3.67
matirani papir 135 g,150 dot,62,0.0,21.0,52.0,0.0,80.0,48.0,8.0,78.0,30.0,8.0,3.69
matirani papir 135 g,150 dot,63,0.0,52.0,52.0,0.0,65.0,43.0,28.0,66.0,28.0,23.0,2.58
matirani papir 135 g,150 dot,64,0.0,81.0,52.0,0.0,54.0,79.0,46.0,55.0,64.0,41.0,2.73
matirani papir 135 g,150 dot,65,0.0,100.0,52.0,0.0,45.0,12.0,62.0,45.0,66.0,57.0,1.77
matirani papir 135 g,150 dot,66,16.0,0.0,52.0,0.0,81.0,57.0,-7.0,79.0,57.0,-6.0,3.97
matirani papir 135 g,150 dot,67,16.0,21.0,52.0,0.0,70.0,17.0,2.0,69.0,12.0,3.0,2.26
matirani papir 135 g,150 dot,68,16.0,52.0,52.0,0.0,58.0,37.0,19.0,57.0,69.0,19.0,1.54
matirani papir 135 g,150 dot,69,16.0,81.0,52.0,0.0,47.0,13.0,37.0,47.0,65.0,35.0,1.17
matirani papir 135 g,150 dot,70,16.0,100.0,52.0,0.0,40.0,22.0,51.0,42.0,72.0,45.0,2.86
matirani papir 135 g,150 dot,71,39.0,0.0,52.0,0.0,72.0,89.0,-16.0,71.0,24.0,-15.0,3.41
matirani papir 135 g,150 dot,72,39.0,21.0,52.0,0.0,61.0,71.0,-5.0,63.0,37.0,-5.0,1.9
matirani papir 135 g,150 dot,73,39.0,52.0,52.0,0.0,49.0,54.0,10.0,53.0,25.0,10.0,4.03
matirani papir 135 g,150 dot,74,39.0,81.0,52.0,0.0,39.0,91.0,26.0,44.0,19.0,24.0,4.34
matirani papir 135 g,150 dot,75,39.0,100.0,52.0,0.0,35.0,16.0,35.0,39.0,17.0,33.0,3.62
matirani papir 135 g,150 dot,76,64.0,0.0,52.0,0.0,62.0,83.0,-29.0,61.0,84.0,-26.0,2.63
matirani papir 135 g,150 dot,77,64.0,21.0,52.0,0.0,52.0,61.0,-18.0,54.0,28.0,-16.0,2.18
matirani papir 135 g,150 dot,78,64.0,52.0,52.0,0.0,37.0,13.0,-1.0,45.0,29.0,-1.0,7.35
matirani papir 135 g,150 dot,79,64.0,81.0,52.0,0.0,28.0,74.0,13.0,36.0,45.0,12.0,6.17
matirani papir 135 g,150 dot,80,64.0,100.0,52.0,0.0,24.0,59.0,21.0,30.0,61.0,20.0,4.58
matirani papir 135 g,150 dot,81,85.0,0.0,52.0,0.0,54.0,61.0,-43.0,54.0,68.0,-37.0,3.62
matirani papir 135 g,150 dot,82,85.0,21.0,52.0,0.0,46.0,3.0,-31.0,46.0,55.0,-27.0,2.13
matirani papir 135 g,150 dot,83,85.0,52.0,52.0,0.0,31.0,23.0,-12.0,37.0,25.0,-12.0,4.94
matirani papir 135 g,150 dot,84,85.0,81.0,52.0,0.0,22.0,66.0,2.0,28.0,95.0,2.0,4.69
matirani papir 135 g,150 dot,85,85.0,100.0,52.0,0.0,20.0,86.0,9.0,26.0,11.0,9.0,3.78
matirani papir 135 g,150 dot,86,100.0,0.0,52.0,0.0,49.0,66.0,-51.0,48.0,59.0,-46.0,2.72
matirani papir 135 g,150 dot,87,100.0,21.0,52.0,0.0,43.0,25.0,-40.0,43.0,27.0,-36.0,2.28
matirani papir 135 g,150 dot,88,100.0,52.0,52.0,0.0,32.0,21.0,-20.0,35.0,80.0,-20.0,2.99
matirani papir 135 g,150 dot,89,100.0,81.0,52.0,0.0,21.0,38.0,-2.0,26.0,27.0,-3.0,3.87
matirani papir 135 g,150 dot,90,100.0,100.0,52.0,0.0,17.0,94.0,3.0,23.0,60.0,2.0,4.34
matirani papir 135 g,150 dot,91,0.0,0.0,81.0,0.0,87.0,35.0,-2.0,86.0,75.0,-1.0,4.65
matirani papir 135 g,150 dot,92,0.0,21.0,81.0,0.0,77.0,99.0,8.0,76.0,31.0,9.0,4.93
matirani papir 135 g,150 dot,93,0.0,52.0,81.0,0.0,63.0,80.0,29.0,63.0,83.0,26.0,4.52
matirani papir 135 g,150 dot,94,0.0,81.0,81.0,0.0,51.0,69.0,47.0,51.0,91.0,43.0,3.97
matirani papir 135 g,150 dot,95,0.0,100.0,81.0,0.0,43.0,70.0,62.0,43.0,95.0,59.0,3.4
matirani papir 135 g,150 dot,96,16.0,0.0,81.0,0.0,80.0,6.0,-8.0,78.0,20.0,-7.0,5.63
matirani papir 135 g,150 dot,97,16.0,21.0,81.0,0.0,68.0,20.0,3.0,67.0,53.0,4.0,4.35
matirani papir 135 g,150 dot,98,16.0,52.0,81.0,0.0,54.0,81.0,22.0,56.0,49.0,19.0,3.83
matirani papir 135 g,150 dot,99,16.0,81.0,81.0,0.0,47.0,15.0,38.0,48.0,59.0,34.0,3.0
matirani papir 135 g,150 dot,100,16.0,100.0,81.0,0.0,40.0,98.0,50.0,42.0,82.0,46.0,2.84
matirani papir 135 g,150 dot,101,39.0,0.0,81.0,0.0,70.0,65.0,-17.0,69.0,60.0,-15.0,5.37
matirani papir 135 g,150 dot,102,39.0,21.0,81.0,0.0,59.0,54.0,-5.0,62.0,4.0,-5.0,3.78
matirani papir 135 g,150 dot,103,39.0,52.0,81.0,0.0,47.0,37.0,10.0,50.0,97.0,10.0,4.31
matirani papir 135 g,150 dot,104,39.0,81.0,81.0,0.0,36.0,82.0,27.0,41.0,37.0,25.0,4.4
matirani papir 135 g,150 dot,105,39.0,100.0,81.0,0.0,32.0,95.0,37.0,37.0,4.0,35.0,3.66
matirani papir 135 g,150 dot,106,64.0,0.0,81.0,0.0,60.0,16.0,-33.0,60.0,2.0,-29.0,4.35
matirani papir 135 g,150 dot,107,64.0,21.0,81.0,0.0,50.0,38.0,-21.0,51.0,78.0,-19.0,3.93
matirani papir 135 g,150 dot,108,64.0,52.0,81.0,0.0,34.0,73.0,-2.0,41.0,94.0,-2.0,6.27
matirani papir 135 g,150 dot,109,64.0,81.0,81.0,0.0,26.0,24.0,13.0,33.0,58.0,13.0,5.68
matirani papir 135 g,150 dot,110,64.0,100.0,81.0,0.0,22.0,97.0,21.0,29.0,99.0,21.0,5.26
matirani papir 135 g,150 dot,111,85.0,0.0,81.0,0.0,52.0,48.0,-48.0,53.0,18.0,-41.0,4.95
matirani papir 135 g,150 dot,112,85.0,21.0,81.0,0.0,43.0,73.0,-36.0,45.0,16.0,-31.0,4.31
matirani papir 135 g,150 dot,113,85.0,52.0,81.0,0.0,32.0,30.0,-14.0,38.0,12.0,-14.0,4.94
matirani papir 135 g,150 dot,114,85.0,81.0,81.0,0.0,23.0,50.0,1.0,31.0,16.0,0.0,5.78
matirani papir 135 g,150 dot,115,85.0,100.0,81.0,0.0,19.0,97.0,8.0,26.0,95.0,7.0,5.03
matirani papir 135 g,150 dot,116,100.0,0.0,81.0,0.0,47.0,27.0,-56.0,46.0,61.0,-50.0,5.39
matirani papir 135 g,150 dot,117,100.0,21.0,81.0,0.0,41.0,30.0,-45.0,42.0,15.0,-39.0,4.67
matirani papir 135 g,150 dot,118,100.0,52.0,81.0,0.0,28.0,89.0,-23.0,33.0,38.0,-23.0,4.16
matirani papir 135 g,150 dot,119,100.0,81.0,81.0,0.0,18.0,30.0,-5.0,25.0,74.0,-6.0,5.3
matirani papir 135 g,150 dot,120,100.0,100.0,81.0,0.0,14.0,84.0,0.0,20.0,78.0,0.0,4.04
matirani papir 135 g,150 dot,121,0.0,0.0,100.0,0.0,86.0,20.0,-2.0,86.0,12.0,-2.0,3.99
matirani papir 135 g,150 dot,122,0.0,21.0,100.0,0.0,76.0,77.0,9.0,74.0,92.0,9.0,4.37
matirani papir 135 g,150 dot,123,0.0,52.0,100.0,0.0,62.0,0.0,31.0,61.0,68.0,28.0,3.47
matirani papir 135 g,150 dot,124,0.0,81.0,100.0,0.0,50.0,20.0,51.0,51.0,8.0,45.0,3.38
matirani papir 135 g,150 dot,125,0.0,100.0,100.0,0.0,42.0,88.0,63.0,43.0,54.0,59.0,3.66
matirani papir 135 g,150 dot,126,16.0,0.0,100.0,0.0,78.0,53.0,-7.0,77.0,13.0,-7.0,4.92
matirani papir 135 g,150 dot,127,16.0,21.0,100.0,0.0,67.0,91.0,2.0,68.0,0.0,3.0,3.67
matirani papir 135 g,150 dot,128,16.0,52.0,100.0,0.0,55.0,88.0,20.0,56.0,96.0,18.0,3.08
matirani papir 135 g,150 dot,129,16.0,81.0,100.0,0.0,46.0,65.0,37.0,47.0,84.0,33.0,2.88
matirani papir 135 g,150 dot,130,16.0,100.0,100.0,0.0,41.0,9.0,50.0,43.0,0.0,45.0,3.02
matirani papir 135 g,150 dot,131,39.0,0.0,100.0,0.0,69.0,89.0,-17.0,68.0,54.0,-16.0,5.15
matirani papir 135 g,150 dot,132,39.0,21.0,100.0,0.0,58.0,26.0,-6.0,60.0,2.0,-6.0,3.67
matirani papir 135 g,150 dot,133,39.0,52.0,100.0,0.0,45.0,70.0,9.0,49.0,51.0,9.0,4.46
matirani papir 135 g,150 dot,134,39.0,81.0,100.0,0.0,36.0,37.0,26.0,40.0,90.0,24.0,4.15
matirani papir 135 g,150 dot,135,39.0,100.0,100.0,0.0,32.0,97.0,36.0,35.0,85.0,34.0,3.09
matirani papir 135 g,150 dot,136,64.0,0.0,100.0,0.0,57.0,67.0,-34.0,57.0,86.0,-30.0,4.19
matirani papir 135 g,150 dot,137,64.0,21.0,100.0,0.0,48.0,52.0,-22.0,50.0,93.0,-19.0,3.88
matirani papir 135 g,150 dot,138,64.0,52.0,100.0,0.0,35.0,18.0,-3.0,41.0,68.0,-3.0,5.68
matirani papir 135 g,150 dot,139,64.0,81.0,100.0,0.0,26.0,24.0,11.0,32.0,52.0,12.0,4.87
matirani papir 135 g,150 dot,140,64.0,100.0,100.0,0.0,22.0,82.0,20.0,29.0,16.0,20.0,4.71
matirani papir 135 g,150 dot,141,85.0,0.0,100.0,0.0,52.0,7.0,-46.0,51.0,82.0,-42.0,4.59
matirani papir 135 g,150 dot,142,85.0,21.0,100.0,0.0,44.0,78.0,-35.0,45.0,5.0,-31.0,3.68
matirani papir 135 g,150 dot,143,85.0,52.0,100.0,0.0,33.0,44.0,-15.0,37.0,43.0,-15.0,3.66
matirani papir 135 g,150 dot,144,85.0,81.0,100.0,0.0,23.0,61.0,0.0,29.0,63.0,0.0,4.52
matirani papir 135 g,150 dot,145,85.0,100.0,100.0,0.0,19.0,63.0,5.0,26.0,3.0,6.0,4.69
matirani papir 135 g,150 dot,146,100.0,0.0,100.0,0.0,45.0,20.0,-59.0,45.0,67.0,-52.0,5.44
matirani papir 135 g,150 dot,147,100.0,21.0,100.0,0.0,39.0,63.0,-50.0,40.0,79.0,-43.0,5.19
matirani papir 135 g,150 dot,148,100.0,52.0,100.0,0.0,28.0,29.0,-27.0,32.0,70.0,-25.0,3.86
matirani papir 135 g,150 dot,149,100.0,81.0,100.0,0.0,18.0,33.0,-6.0,24.0,29.0,-7.0,4.31
matirani papir 135 g,150 dot,150,100.0,100.0,100.0,0.0,14.0,80.0,-0.0,21.0,34.0,-0.0,4.47
matirani papir 135 g,150 dot,151,0.0,0.0,0.0,25.0,72.0,81.0,-0.0,72.0,76.0,-0.0,0.31
matirani papir 135 g,150 dot,152,0.0,31.0,0.0,25.0,62.0,95.0,11.0,62.0,4.0,11.0,0.84
matirani papir 135 g,150 dot,153,0.0,72.0,0.0,25.0,45.0,65.0,32.0,47.0,67.0,29.0,2.68
matirani papir 135 g,150 dot,154,0.0,100.0,0.0,25.0,35.0,99.0,49.0,38.0,38.0,45.0,2.43
matirani papir 135 g,150 dot,155,21.0,0.0,0.0,25.0,69.0,73.0,-6.0,67.0,40.0,-6.0,1.87
matirani papir 135 g,150 dot,156,21.0,31.0,0.0,25.0,59.0,21.0,6.0,58.0,91.0,5.0,1.46
matirani papir 135 g,150 dot,157,21.0,72.0,0.0,25.0,43.0,9.0,25.0,46.0,6.0,21.0,3.45
matirani papir 135 g,150 dot,158,21.0,100.0,0.0,25.0,34.0,86.0,41.0,35.0,54.0,36.0,1.95
matirani papir 135 g,150 dot,159,52.0,0.0,0.0,25.0,60.0,28.0,-13.0,59.0,59.0,-12.0,1.28
matirani papir 135 g,150 dot,160,52.0,31.0,0.0,25.0,50.0,14.0,-2.0,50.0,42.0,-2.0,0.65
matirani papir 135 g,150 dot,161,52.0,72.0,0.0,25.0,34.0,10.0,14.0,38.0,43.0,12.0,3.96
matirani papir 135 g,150 dot,162,52.0,100.0,0.0,25.0,27.0,14.0,28.0,29.0,23.0,26.0,2.16
matirani papir 135 g,150 dot,163,81.0,0.0,0.0,25.0,47.0,92.0,-25.0,48.0,73.0,-22.0,1.78
matirani papir 135 g,150 dot,164,81.0,31.0,0.0,25.0,39.0,23.0,-13.0,41.0,59.0,-11.0,2.5
matirani papir 135 g,150 dot,165,81.0,72.0,0.0,25.0,27.0,61.0,2.0,30.0,67.0,2.0,2.69
matirani papir 135 g,150 dot,166,81.0,100.0,0.0,25.0,22.0,28.0,14.0,24.0,2.0,12.0,1.77
matirani papir 135 g,150 dot,167,100.0,0.0,0.0,25.0,43.0,11.0,-34.0,42.0,62.0,-32.0,0.88
matirani papir 135 g,150 dot,168,100.0,31.0,0.0,25.0,34.0,22.0,-20.0,36.0,48.0,-19.0,2.04
matirani papir 135 g,150 dot,169,100.0,72.0,0.0,25.0,25.0,26.0,-4.0,28.0,44.0,-5.0,2.43
matirani papir 135 g,150 dot,170,100.0,100.0,0.0,25.0,20.0,65.0,5.0,22.0,70.0,3.0,1.81
matirani papir 135 g,150 dot,171,0.0,0.0,31.0,25.0,72.0,50.0,-1.0,71.0,86.0,-1.0,1.11
matirani papir 135 g,150 dot,172,0.0,31.0,31.0,25.0,62.0,48.0,10.0,62.0,10.0,10.0,1.62
matirani papir 135 g,150 dot,173,0.0,72.0,31.0,25.0,45.0,48.0,31.0,48.0,13.0,28.0,3.09
matirani papir 135 g,150 dot,174,0.0,100.0,31.0,25.0,36.0,59.0,47.0,38.0,74.0,43.0,2.29
matirani papir 135 g,150 dot,175,21.0,0.0,31.0,25.0,65.0,31.0,-7.0,64.0,78.0,-7.0,1.31
matirani papir 135 g,150 dot,176,21.0,31.0,31.0,25.0,52.0,82.0,4.0,56.0,71.0,5.0,4.19
matirani papir 135 g,150 dot,177,21.0,72.0,31.0,25.0,38.0,52.0,25.0,43.0,70.0,23.0,4.96
matirani papir 135 g,150 dot,178,21.0,100.0,31.0,25.0,31.0,57.0,37.0,35.0,64.0,36.0,3.5
matirani papir 135 g,150 dot,179,52.0,0.0,31.0,25.0,55.0,12.0,-17.0,56.0,40.0,-15.0,2.01
matirani papir 135 g,150 dot,180,52.0,31.0,31.0,25.0,44.0,98.0,-5.0,49.0,79.0,-5.0,4.72
matirani papir 135 g,150 dot,181,52.0,72.0,31.0,25.0,30.0,8.0,12.0,36.0,1.0,11.0,4.81
matirani papir 135 g,150 dot,182,52.0,100.0,31.0,25.0,24.0,30.0,24.0,29.0,6.0,22.0,3.67
matirani papir 135 g,150 dot,183,81.0,0.0,31.0,25.0,46.0,79.0,-27.0,47.0,17.0,-25.0,1.1
matirani papir 135 g,150 dot,184,81.0,31.0,31.0,25.0,36.0,78.0,-15.0,40.0,60.0,-15.0,3.34
matirani papir 135 g,150 dot,185,81.0,72.0,31.0,25.0,24.0,81.0,1.0,30.0,8.0,1.0,4.09
matirani papir 135 g,150 dot,186,81.0,100.0,31.0,25.0,20.0,61.0,11.0,24.0,36.0,9.0,2.87
matirani papir 135 g,150 dot,187,100.0,0.0,31.0,25.0,42.0,0.0,-39.0,41.0,24.0,-35.0,1.48
matirani papir 135 g,150 dot,188,100.0,31.0,31.0,25.0,32.0,74.0,-23.0,35.0,57.0,-23.0,2.31
matirani papir 135 g,150 dot,189,100.0,72.0,31.0,25.0,20.0,57.0,-4.0,25.0,90.0,-5.0,3.95
matirani papir 135 g,150 dot,190,100.0,100.0,31.0,25.0,15.0,96.0,3.0,19.0,43.0,3.0,2.37
matirani papir 135 g,150 dot,191,0.0,0.0,72.0,25.0,67.0,16.0,-2.0,67.0,7.0,-1.0,4.37
matirani papir 135 g,150 dot,192,0.0,31.0,72.0,25.0,56.0,31.0,10.0,57.0,4.0,10.0,3.64
matirani papir 135 g,150 dot,193,0.0,72.0,72.0,25.0,42.0,79.0,31.0,43.0,87.0,29.0,3.46
matirani papir 135 g,150 dot,194,0.0,100.0,72.0,25.0,34.0,59.0,47.0,36.0,8.0,43.0,3.0
matirani papir 135 g,150 dot,195,21.0,0.0,72.0,25.0,59.0,48.0,-7.0,62.0,4.0,-7.0,4.45
matirani papir 135 g,150 dot,196,21.0,31.0,72.0,25.0,48.0,17.0,4.0,53.0,42.0,5.0,5.95
matirani papir 135 g,150 dot,197,21.0,72.0,72.0,25.0,37.0,44.0,23.0,41.0,97.0,22.0,4.25
matirani papir 135 g,150 dot,198,21.0,100.0,72.0,25.0,31.0,7.0,37.0,34.0,55.0,35.0,3.03
matirani papir 135 g,150 dot,199,52.0,0.0,72.0,25.0,52.0,33.0,-19.0,53.0,30.0,-17.0,3.24
matirani papir 135 g,150 dot,200,52.0,31.0,72.0,25.0,40.0,22.0,-6.0,45.0,80.0,-6.0,5.41
matirani papir 135 g,150 dot,201,52.0,72.0,72.0,25.0,28.0,1.0,10.0,33.0,98.0,11.0,4.8
matirani papir 135 g,150 dot,202,52.0,100.0,72.0,25.0,21.0,76.0,21.0,27.0,73.0,22.0,4.46
matirani papir 135 g,150 dot,203,81.0,0.0,72.0,25.0,42.0,64.0,-34.0,43.0,97.0,-30.0,4.37
matirani papir 135 g,150 dot,204,81.0,31.0,72.0,25.0,32.0,65.0,-20.0,36.0,33.0,-19.0,3.37
matirani papir 135 g,150 dot,205,81.0,72.0,72.0,25.0,19.0,89.0,-0.0,28.0,37.0,-1.0,6.15
matirani papir 135 g,150 dot,206,81.0,100.0,72.0,25.0,15.0,55.0,7.0,21.0,4.0,7.0,3.78
matirani papir 135 g,150 dot,207,100.0,0.0,72.0,25.0,37.0,23.0,-49.0,37.0,74.0,-43.0,4.39
matirani papir 135 g,150 dot,208,100.0,31.0,72.0,25.0,28.0,64.0,-30.0,32.0,69.0,-28.0,3.71
matirani papir 135 g,150 dot,209,100.0,72.0,72.0,25.0,16.0,29.0,-6.0,22.0,92.0,-8.0,4.82
matirani papir 135 g,150 dot,210,100.0,100.0,72.0,25.0,12.0,24.0,1.0,18.0,26.0,0.0,4.15
matirani papir 135 g,150 dot,211,0.0,0.0,100.0,25.0,66.0,11.0,-2.0,66.0,55.0,-2.0,3.45
matirani papir 135 g,150 dot,212,0.0,31.0,100.0,25.0,56.0,31.0,11.0,57.0,93.0,10.0,2.87
matirani papir 135 g,150 dot,213,0.0,72.0,100.0,25.0,43.0,48.0,32.0,44.0,89.0,28.0,2.18
matirani papir 135 g,150 dot,214,0.0,100.0,100.0,25.0,36.0,45.0,45.0,36.0,68.0,42.0,2.49
matirani papir 135 g,150 dot,215,21.0,0.0,100.0,25.0,59.0,94.0,-7.0,60.0,36.0,-8.0,3.46
matirani papir 135 g,150 dot,216,21.0,31.0,100.0,25.0,49.0,7.0,3.0,52.0,29.0,4.0,3.99
matirani papir 135 g,150 dot,217,21.0,72.0,100.0,25.0,35.0,78.0,24.0,39.0,60.0,23.0,3.63
matirani papir 135 g,150 dot,218,21.0,100.0,100.0,25.0,29.0,75.0,37.0,32.0,71.0,36.0,2.81
matirani papir 135 g,150 dot,219,52.0,0.0,100.0,25.0,49.0,95.0,-20.0,51.0,13.0,-19.0,3.72
matirani papir 135 g,150 dot,220,52.0,31.0,100.0,25.0,37.0,47.0,-8.0,43.0,93.0,-8.0,5.87
matirani papir 135 g,150 dot,221,52.0,72.0,100.0,25.0,24.0,97.0,11.0,32.0,6.0,11.0,5.44
matirani papir 135 g,150 dot,222,52.0,100.0,100.0,25.0,21.0,51.0,21.0,26.0,79.0,22.0,3.87
matirani papir 135 g,150 dot,223,81.0,0.0,100.0,25.0,40.0,85.0,-39.0,42.0,69.0,-33.0,4.34
matirani papir 135 g,150 dot,224,81.0,31.0,100.0,25.0,31.0,68.0,-23.0,36.0,73.0,-21.0,4.6
matirani papir 135 g,150 dot,225,81.0,72.0,100.0,25.0,19.0,74.0,-1.0,26.0,97.0,-2.0,5.21
matirani papir 135 g,150 dot,226,81.0,100.0,100.0,25.0,15.0,74.0,6.0,21.0,10.0,6.0,3.88
matirani papir 135 g,150 dot,227,100.0,0.0,100.0,25.0,37.0,86.0,-51.0,38.0,6.0,-46.0,4.38
matirani papir 135 g,150 dot,228,100.0,31.0,100.0,25.0,30.0,53.0,-32.0,33.0,19.0,-30.0,3.06
matirani papir 135 g,150 dot,229,100.0,72.0,100.0,25.0,18.0,13.0,-7.0,23.0,30.0,-9.0,3.88
matirani papir 135 g,150 dot,230,100.0,100.0,100.0,25.0,12.0,59.0,-0.0,17.0,22.0,-1.0,3.17
matirani papir 135 g,150 dot,231,0.0,0.0,0.0,60.0,42.0,13.0,-0.0,50.0,9.0,-0.0,7.73
matirani papir 135 g,150 dot,232,0.0,31.0,0.0,60.0,37.0,84.0,6.0,44.0,12.0,6.0,5.62
matirani papir 135 g,150 dot,233,0.0,72.0,0.0,60.0,27.0,33.0,19.0,32.0,80.0,19.0,4.43
matirani papir 135 g,150 dot,234,0.0,100.0,0.0,60.0,20.0,23.0,28.0,25.0,44.0,29.0,3.85
matirani papir 135 g,150 dot,235,31.0,0.0,0.0,60.0,39.0,28.0,-5.0,46.0,10.0,-5.0,6.32
matirani papir 135 g,150 dot,236,31.0,31.0,0.0,60.0,30.0,73.0,1.0,37.0,76.0,1.0,5.78
matirani papir 135 g,150 dot,237,31.0,72.0,0.0,60.0,20.0,61.0,13.0,27.0,20.0,12.0,4.76
matirani papir 135 g,150 dot,238,31.0,100.0,0.0,60.0,16.0,38.0,22.0,22.0,6.0,22.0,3.91
matirani papir 135 g,150 dot,239,72.0,0.0,0.0,60.0,29.0,93.0,-13.0,36.0,24.0,-14.0,5.1
matirani papir 135 g,150 dot,240,72.0,31.0,0.0,60.0,24.0,88.0,-6.0,30.0,64.0,-6.0,4.43
matirani papir 135 g,150 dot,241,72.0,72.0,0.0,60.0,18.0,45.0,4.0,23.0,15.0,3.0,3.52
matirani papir 135 g,150 dot,242,72.0,100.0,0.0,60.0,15.0,3.0,12.0,18.0,34.0,12.0,2.33
matirani papir 135 g,150 dot,243,100.0,0.0,0.0,60.0,25.0,48.0,-19.0,29.0,24.0,-21.0,3.01
matirani papir 135 g,150 dot,244,100.0,31.0,0.0,60.0,20.0,32.0,-11.0,24.0,72.0,-12.0,3.52
matirani papir 135 g,150 dot,245,100.0,72.0,0.0,60.0,14.0,73.0,-0.0,17.0,76.0,-2.0,2.81
matirani papir 135 g,150 dot,246,100.0,100.0,0.0,60.0,11.0,94.0,4.0,14.0,57.0,4.0,2.16
matirani papir 135 g,150 dot,247,0.0,0.0,31.0,60.0,41.0,74.0,-1.0,49.0,83.0,-1.0,7.76
matirani papir 135 g,150 dot,248,0.0,31.0,31.0,60.0,34.0,49.0,6.0,41.0,40.0,6.0,6.03
matirani papir 135 g,150 dot,249,0.0,72.0,31.0,60.0,25.0,25.0,18.0,31.0,10.0,20.0,4.58
matirani papir 135 g,150 dot,250,0.0,100.0,31.0,60.0,19.0,16.0,28.0,24.0,50.0,30.0,3.92
matirani papir 135 g,150 dot,251,31.0,0.0,31.0,60.0,35.0,97.0,-6.0,42.0,10.0,-6.0,5.47
matirani papir 135 g,150 dot,252,31.0,31.0,31.0,60.0,30.0,51.0,0.0,38.0,70.0,0.0,6.71
matirani papir 135 g,150 dot,253,31.0,72.0,31.0,60.0,22.0,13.0,12.0,30.0,22.0,12.0,6.13
matirani papir 135 g,150 dot,254,31.0,100.0,31.0,60.0,18.0,4.0,19.0,23.0,44.0,21.0,4.11
matirani papir 135 g,150 dot,255,72.0,0.0,31.0,60.0,28.0,47.0,-15.0,34.0,4.0,-16.0,4.4
matirani papir 135 g,150 dot,256,72.0,31.0,31.0,60.0,24.0,31.0,-6.0,29.0,80.0,-8.0,4.26
matirani papir 135 g,150 dot,257,72.0,72.0,31.0,60.0,16.0,82.0,3.0,21.0,87.0,2.0,3.64
matirani papir 135 g,150 dot,258,72.0,100.0,31.0,60.0,12.0,80.0,9.0,16.0,35.0,9.0,2.48
matirani papir 135 g,150 dot,259,100.0,0.0,31.0,60.0,24.0,6.0,-23.0,27.0,68.0,-25.0,2.93
matirani papir 135 g,150 dot,260,100.0,31.0,31.0,60.0,19.0,22.0,-12.0,23.0,29.0,-15.0,3.61
matirani papir 135 g,150 dot,261,100.0,72.0,31.0,60.0,12.0,63.0,-1.0,17.0,78.0,-2.0,4.04
matirani papir 135 g,150 dot,262,100.0,100.0,31.0,60.0,10.0,55.0,3.0,14.0,8.0,3.0,2.88
matirani papir 135 g,150 dot,263,0.0,0.0,72.0,60.0,40.0,57.0,-2.0,46.0,94.0,-2.0,6.13
matirani papir 135 g,150 dot,264,0.0,31.0,72.0,60.0,32.0,36.0,4.0,39.0,12.0,5.0,5.7
matirani papir 135 g,150 dot,265,0.0,72.0,72.0,60.0,24.0,9.0,19.0,30.0,81.0,19.0,5.12
matirani papir 135 g,150 dot,266,0.0,100.0,72.0,60.0,19.0,74.0,27.0,23.0,29.0,30.0,2.84
matirani papir 135 g,150 dot,267,31.0,0.0,72.0,60.0,33.0,69.0,-7.0,41.0,51.0,-8.0,6.76
matirani papir 135 g,150 dot,268,31.0,31.0,72.0,60.0,28.0,16.0,-0.0,35.0,14.0,-0.0,5.53
matirani papir 135 g,150 dot,269,31.0,72.0,72.0,60.0,21.0,20.0,11.0,27.0,70.0,11.0,4.77
matirani papir 135 g,150 dot,270,31.0,100.0,72.0,60.0,16.0,98.0,16.0,21.0,64.0,19.0,3.56
matirani papir 135 g,150 dot,271,72.0,0.0,72.0,60.0,25.0,99.0,-17.0,31.0,43.0,-17.0,4.43
matirani papir 135 g,150 dot,272,72.0,31.0,72.0,60.0,20.0,59.0,-9.0,27.0,2.0,-9.0,4.69
matirani papir 135 g,150 dot,273,72.0,72.0,72.0,60.0,14.0,64.0,0.0,19.0,37.0,0.0,3.26
matirani papir 135 g,150 dot,274,72.0,100.0,72.0,60.0,10.0,77.0,6.0,14.0,49.0,6.0,2.47
matirani papir 135 g,150 dot,275,100.0,0.0,72.0,60.0,20.0,86.0,-26.0,24.0,46.0,-28.0,3.96
matirani papir 135 g,150 dot,276,100.0,31.0,72.0,60.0,16.0,90.0,-14.0,21.0,27.0,-17.0,3.58
matirani papir 135 g,150 dot,277,100.0,72.0,72.0,60.0,11.0,35.0,-3.0,14.0,83.0,-4.0,2.83
matirani papir 135 g,150 dot,278,100.0,100.0,72.0,60.0,9.0,1.0,1.0,12.0,27.0,0.0,2.22
matirani papir 135 g,150 dot,279,0.0,0.0,100.0,60.0,38.0,11.0,-3.0,44.0,33.0,-3.0,5.6
matirani papir 135 g,150 dot,280,0.0,31.0,100.0,60.0,30.0,14.0,4.0,37.0,80.0,4.0,6.24
matirani papir 135 g,150 dot,281,0.0,72.0,100.0,60.0,23.0,81.0,17.0,29.0,97.0,17.0,4.66
matirani papir 135 g,150 dot,282,0.0,100.0,100.0,60.0,20.0,97.0,24.0,24.0,99.0,27.0,3.33
matirani papir 135 g,150 dot,283,31.0,0.0,100.0,60.0,34.0,4.0,-9.0,39.0,48.0,-9.0,4.61
matirani papir 135 g,150 dot,284,31.0,31.0,100.0,60.0,27.0,89.0,-1.0,34.0,23.0,-0.0,4.98
matirani papir 135 g,150 dot,285,31.0,72.0,100.0,60.0,20.0,37.0,9.0,25.0,90.0,11.0,4.27
matirani papir 135 g,150 dot,286,31.0,100.0,100.0,60.0,15.0,98.0,15.0,21.0,48.0,19.0,4.36
matirani papir 135 g,150 dot,287,72.0,0.0,100.0,60.0,24.0,51.0,-21.0,30.0,21.0,-20.0,4.43
matirani papir 135 g,150 dot,288,72.0,31.0,100.0,60.0,18.0,52.0,-11.0,25.0,10.0,-11.0,4.71
matirani papir 135 g,150 dot,289,72.0,72.0,100.0,60.0,12.0,42.0,-0.0,17.0,57.0,0.0,3.65
matirani papir 135 g,150 dot,290,72.0,100.0,100.0,60.0,11.0,51.0,4.0,14.0,98.0,5.0,2.71
matirani papir 135 g,150 dot,291,100.0,0.0,100.0,60.0,20.0,83.0,-29.0,24.0,17.0,-31.0,3.1
matirani papir 135 g,150 dot,292,100.0,31.0,100.0,60.0,16.0,15.0,-18.0,20.0,95.0,-20.0,3.55
matirani papir 135 g,150 dot,293,100.0,72.0,100.0,60.0,10.0,57.0,-4.0,14.0,73.0,-5.0,2.98
matirani papir 135 g,150 dot,294,100.0,100.0,100.0,60.0,8.0,77.0,-0.0,12.0,35.0,-0.0,2.38
matirani papir 135 g,150 dot,295,0.0,0.0,0.0,88.0,17.0,79.0,-0.0,27.0,14.0,-0.0,6.74
matirani papir 135 g,150 dot,296,0.0,52.0,0.0,88.0,14.0,36.0,6.0,20.0,47.0,6.0,4.12
matirani papir 135 g,150 dot,297,0.0,100.0,0.0,88.0,11.0,67.0,11.0,15.0,58.0,13.0,2.98
matirani papir 135 g,150 dot,298,31.0,0.0,0.0,88.0,19.0,7.0,-2.0,23.0,45.0,-2.0,3.19
matirani papir 135 g,150 dot,299,31.0,52.0,0.0,88.0,14.0,5.0,3.0,17.0,73.0,3.0,2.54
matirani papir 135 g,150 dot,300,31.0,100.0,0.0,88.0,9.0,53.0,9.0,12.0,90.0,10.0,2.42
matirani papir 135 g,150 dot,301,72.0,0.0,0.0,88.0,12.0,78.0,-4.0,17.0,82.0,-6.0,4.12
matirani papir 135 g,150 dot,302,72.0,52.0,0.0,88.0,9.0,5.0,1.0,12.0,54.0,0.0,3.09
matirani papir 135 g,150 dot,303,72.0,100.0,0.0,88.0,8.0,35.0,6.0,10.0,28.0,6.0,1.81
matirani papir 135 g,150 dot,304,100.0,0.0,0.0,88.0,10.0,56.0,-4.0,14.0,89.0,-8.0,4.89
matirani papir 135 g,150 dot,305,100.0,52.0,0.0,88.0,8.0,53.0,0.0,11.0,78.0,-0.0,3.22
matirani papir 135 g,150 dot,306,100.0,100.0,0.0,88.0,7.0,74.0,4.0,9.0,74.0,3.0,2.44
matirani papir 135 g,150 dot,307,0.0,0.0,52.0,88.0,17.0,0.0,-1.0,23.0,87.0,-1.0,4.8
matirani papir 135 g,150 dot,308,0.0,52.0,52.0,88.0,12.0,79.0,4.0,18.0,44.0,5.0,3.82
matirani papir 135 g,150 dot,309,0.0,100.0,52.0,88.0,12.0,31.0,8.0,16.0,71.0,11.0,3.76
matirani papir 135 g,150 dot,310,31.0,0.0,52.0,88.0,16.0,77.0,-4.0,21.0,83.0,-4.0,3.53
matirani papir 135 g,150 dot,311,31.0,52.0,52.0,88.0,13.0,28.0,1.0,17.0,17.0,1.0,2.73
matirani papir 135 g,150 dot,312,31.0,100.0,52.0,88.0,10.0,15.0,5.0,13.0,99.0,6.0,2.71
matirani papir 135 g,150 dot,313,72.0,0.0,52.0,88.0,14.0,12.0,-6.0,17.0,78.0,-7.0,3.02
matirani papir 135 g,150 dot,314,72.0,52.0,52.0,88.0,10.0,52.0,-0.0,13.0,93.0,-1.0,2.4
matirani papir 135 g,150 dot,315,72.0,100.0,52.0,88.0,8.0,90.0,3.0,10.0,56.0,2.0,1.31
matirani papir 135 g,150 dot,316,100.0,0.0,52.0,88.0,11.0,9.0,-7.0,14.0,45.0,-10.0,3.89
matirani papir 135 g,150 dot,317,100.0,52.0,52.0,88.0,8.0,38.0,-1.0,11.0,12.0,-3.0,3.41
matirani papir 135 g,150 dot,318,100.0,100.0,52.0,88.0,8.0,91.0,1.0,9.0,29.0,1.0,0.77
matirani papir 135 g,150 dot,319,0.0,0.0,100.0,88.0,18.0,22.0,-4.0,22.0,41.0,-3.0,3.67
matirani papir 135 g,150 dot,320,0.0,52.0,100.0,88.0,13.0,64.0,2.0,17.0,73.0,4.0,3.98
matirani papir 135 g,150 dot,321,0.0,100.0,100.0,88.0,11.0,46.0,7.0,14.0,99.0,10.0,3.8
matirani papir 135 g,150 dot,322,31.0,0.0,100.0,88.0,14.0,3.0,-5.0,19.0,53.0,-5.0,4.25
matirani papir 135 g,150 dot,323,31.0,52.0,100.0,88.0,13.0,13.0,-0.0,17.0,27.0,1.0,4.02
matirani papir 135 g,150 dot,324,31.0,100.0,100.0,88.0,11.0,60.0,3.0,14.0,66.0,5.0,2.6
matirani papir 135 g,150 dot,325,72.0,0.0,100.0,88.0,13.0,33.0,-8.0,17.0,27.0,-8.0,2.72
matirani papir 135 g,150 dot,326,72.0,52.0,100.0,88.0,11.0,84.0,-2.0,12.0,96.0,-2.0,0.75
matirani papir 135 g,150 dot,327,72.0,100.0,100.0,88.0,10.0,76.0,1.0,11.0,72.0,1.0,0.64
matirani papir 135 g,150 dot,328,100.0,0.0,100.0,88.0,12.0,10.0,-10.0,14.0,83.0,-11.0,2.37
matirani papir 135 g,150 dot,329,100.0,52.0,100.0,88.0,9.0,53.0,-3.0,11.0,76.0,-4.0,1.75
matirani papir 135 g,150 dot,330,100.0,100.0,100.0,88.0,10.0,2.0,-0.0,10.0,34.0,-0.0,0.98
matirani papir 135 g,150 dot,331,0.0,0.0,0.0,100.0,12.0,1.0,-0.0,11.0,30.0,-0.0,0.49
matirani papir 135 g,150 dot,332,0.0,52.0,0.0,100.0,9.0,42.0,3.0,10.0,90.0,3.0,0.98
matirani papir 135 g,150 dot,333,0.0,100.0,0.0,100.0,8.0,90.0,5.0,10.0,49.0,6.0,1.27
matirani papir 135 g,150 dot,334,52.0,0.0,0.0,100.0,8.0,71.0,-0.0,11.0,49.0,-1.0,2.78
matirani papir 135 g,150 dot,335,52.0,52.0,0.0,100.0,8.0,38.0,1.0,10.0,13.0,1.0,1.38
matirani papir 135 g,150 dot,336,52.0,100.0,0.0,100.0,7.0,82.0,4.0,10.0,55.0,3.0,2.0
matirani papir 135 g,150 dot,337,100.0,0.0,0.0,100.0,9.0,19.0,0.0,13.0,66.0,-3.0,5.11
matirani papir 135 g,150 dot,338,100.0,52.0,0.0,100.0,8.0,52.0,1.0,11.0,24.0,0.0,2.06
matirani papir 135 g,150 dot,339,100.0,100.0,0.0,100.0,8.0,77.0,2.0,11.0,98.0,1.0,2.48
matirani papir 135 g,150 dot,340,0.0,0.0,52.0,100.0,10.0,88.0,-1.0,14.0,24.0,-1.0,2.17
matirani papir 135 g,150 dot,341,0.0,52.0,52.0,100.0,9.0,69.0,1.0,13.0,22.0,1.0,2.25
matirani papir 135 g,150 dot,342,0.0,100.0,52.0,100.0,8.0,85.0,3.0,11.0,32.0,3.0,1.67
matirani papir 135 g,150 dot,343,52.0,0.0,52.0,100.0,9.0,78.0,-2.0,11.0,33.0,-3.0,1.27
matirani papir 135 g,150 dot,344,52.0,52.0,52.0,100.0,9.0,89.0,0.0,10.0,9.0,-0.0,1.06
matirani papir 135 g,150 dot,345,52.0,100.0,52.0,100.0,8.0,75.0,2.0,9.0,76.0,1.0,0.79
matirani papir 135 g,150 dot,346,100.0,0.0,52.0,100.0,8.0,88.0,-2.0,10.0,95.0,-5.0,3.2
matirani papir 135 g,150 dot,347,100.0,52.0,52.0,100.0,10.0,7.0,-1.0,11.0,1.0,-1.0,1.05
matirani papir 135 g,150 dot,348,100.0,100.0,52.0,100.0,10.0,92.0,0.0,10.0,24.0,0.0,0.9
matirani papir 135 g,150 dot,349,0.0,0.0,100.0,100.0,9.0,96.0,-3.0,12.0,24.0,-2.0,1.93
matirani papir 135 g,150 dot,350,0.0,52.0,100.0,100.0,9.0,70.0,0.0,11.0,94.0,0.0,1.54
matirani papir 135 g,150 dot,351,0.0,100.0,100.0,100.0,9.0,93.0,2.0,13.0,72.0,2.0,2.51
matirani papir 135 g,150 dot,352,52.0,0.0,100.0,100.0,10.0,51.0,-3.0,13.0,51.0,-3.0,1.99
matirani papir 135 g,150 dot,353,52.0,52.0,100.0,100.0,10.0,27.0,-0.0,12.0,59.0,-0.0,1.54
matirani papir 135 g,150 dot,354,52.0,100.0,100.0,100.0,10.0,15.0,1.0,11.0,77.0,0.0,1.13
matirani papir 135 g,150 dot,355,100.0,0.0,100.0,100.0,10.0,7.0,-4.0,12.0,69.0,-5.0,2.2
matirani papir 135 g,150 dot,356,100.0,52.0,100.0,100.0,9.0,77.0,-1.0,10.0,20.0,-1.0,0.28
matirani papir 135 g,150 dot,357,100.0,100.0,100.0,100.0,10.0,38.0,-0.0,10.0,36.0,-0.0,0.11
matirani papir 135 g,150 dot,358,5.0,0.0,0.0,0.0,93.0,98.0,-0.0,92.0,68.0,-1.0,1.67
matirani papir 135 g,150 dot,359,28.0,0.0,0.0,0.0,84.0,93.0,-9.0,83.0,57.0,-9.0,1.12
matirani papir 135 g,150 dot,360,95.0,0.0,0.0,0.0,55.0,18.0,-36.0,54.0,40.0,-35.0,1.06
matirani papir 135 g,150 dot,361,0.0,4.0,0.0,0.0,94.0,70.0,0.0,94.0,36.0,1.0,0.34
matirani papir 135 g,150 dot,362,0.0,11.0,0.0,0.0,92.0,54.0,2.0,89.0,36.0,3.0,2.28
matirani papir 135 g,150 dot,363,0.0,93.0,0.0,0.0,49.0,21.0,60.0,49.0,86.0,54.0,2.2
matirani papir 135 g,150 dot,364,0.0,0.0,4.0,0.0,94.0,89.0,0.0,94.0,78.0,0.0,0.25
matirani papir 135 g,150 dot,365,0.0,0.0,11.0,0.0,94.0,37.0,-0.0,93.0,17.0,-0.0,2.88
matirani papir 135 g,150 dot,366,0.0,0.0,93.0,0.0,88.0,12.0,-3.0,88.0,11.0,-2.0,4.58
matirani papir 135 g,150 dot,367,0.0,0.0,0.0,4.0,89.0,95.0,0.0,87.0,61.0,0.0,1.48
matirani papir 135 g,150 dot,368,0.0,0.0,0.0,13.0,82.0,20.0,0.0,82.0,1.0,0.0,0.2
matirani papir 135 g,150 dot,369,0.0,0.0,0.0,95.0,13.0,28.0,-0.0,17.0,87.0,-0.0,3.14
matirani papir 135 g,150 dot,370,9.0,7.0,7.0,0.0,87.0,8.0,-0.0,83.0,84.0,-0.0,2.54
matirani papir 135 g,150 dot,371,19.0,15.0,15.0,0.0,75.0,37.0,-0.0,74.0,23.0,-1.0,1.27
matirani papir 135 g,150 dot,372,29.0,23.0,23.0,0.0,66.0,88.0,-0.0,67.0,38.0,-0.0,0.94
matirani papir 135 g,150 dot,373,39.0,31.0,31.0,0.0,57.0,35.0,-0.0,61.0,73.0,-0.0,3.89
matirani papir 135 g,150 dot,374,49.0,39.0,39.0,4.0,45.0,98.0,-0.0,51.0,84.0,-0.0,5.84
matirani papir 135 g,150 dot,375,59.0,47.0,47.0,16.0,36.0,17.0,-1.0,42.0,29.0,-1.0,5.34
matirani papir 135 g,150 dot,376,69.0,55.0,55.0,31.0,26.0,70.0,-2.0,33.0,22.0,-2.0,5.09
matirani papir 135 g,150 dot,377,79.0,63.0,63.0,48.0,18.0,4.0,-2.0,24.0,51.0,-3.0,4.6
matirani papir 135 g,150 dot,378,89.0,71.0,71.0,72.0,11.0,98.0,-1.0,16.0,9.0,-2.0,3.03
matirani papir 135 g,150 dot,379,99.0,79.0,79.0,100.0,13.0,30.0,-0.0,13.0,58.0,-0.0,0.3
matirani papir 135 g,150 dot,380,9.0,7.0,7.0,0.0,88.0,7.0,-0.0,85.0,38.0,-0.0,1.92
matirani papir 135 g,150 dot,381,18.0,14.0,14.0,0.0,77.0,99.0,-0.0,76.0,54.0,-1.0,1.45
matirani papir 135 g,150 dot,382,27.0,21.0,21.0,0.0,70.0,0.0,-0.0,69.0,50.0,-0.0,0.59
matirani papir 135 g,150 dot,383,36.0,29.0,29.0,0.0,59.0,44.0,-0.0,63.0,83.0,-0.0,3.79
matirani papir 135 g,150 dot,384,45.0,36.0,36.0,0.0,50.0,92.0,-0.0,57.0,13.0,-0.0,5.97
matirani papir 135 g,150 dot,385,54.0,43.0,43.0,0.0,43.0,52.0,-1.0,51.0,4.0,-1.0,7.38
matirani papir 135 g,150 dot,386,63.0,50.0,50.0,0.0,36.0,94.0,-1.0,43.0,83.0,-2.0,6.12
matirani papir 135 g,150 dot,387,72.0,58.0,58.0,0.0,31.0,43.0,-2.0,39.0,0.0,-3.0,6.37
matirani papir 135 g,150 dot,388,81.0,65.0,65.0,2.0,26.0,93.0,-4.0,32.0,92.0,-4.0,4.68
matirani papir 135 g,150 dot,389,90.0,72.0,72.0,49.0,16.0,21.0,-3.0,17.0,76.0,-4.0,1.81
matirani papir 135 g,150 dot,390,24.0,19.0,19.0,11.0,63.0,64.0,-0.0,65.0,35.0,-1.0,1.46
matirani papir 135 g,150 dot,391,49.0,39.0,39.0,30.0,34.0,1.0,-1.0,44.0,16.0,-0.0,8.85
matirani papir 135 g,150 dot,392,74.0,59.0,59.0,59.0,18.0,39.0,-2.0,24.0,66.0,-2.0,4.47
matirani papir 135 g,150 dot,393,28.0,0.0,0.0,0.0,84.0,86.0,-9.0,83.0,25.0,-9.0,1.25
matirani papir 135 g,150 dot,394,64.0,0.0,0.0,0.0,66.0,52.0,-26.0,65.0,23.0,-23.0,1.79
matirani papir 135 g,150 dot,395,0.0,21.0,0.0,0.0,88.0,61.0,7.0,85.0,89.0,7.0,1.75
matirani papir 135 g,150 dot,396,0.0,52.0,0.0,0.0,72.0,43.0,25.0,70.0,44.0,22.0,2.81
matirani papir 135 g,150 dot,397,0.0,0.0,21.0,0.0,93.0,55.0,-1.0,91.0,14.0,-1.0,2.94
matirani papir 135 g,150 dot,398,0.0,0.0,52.0,0.0,90.0,53.0,-3.0,87.0,56.0,-2.0,3.07
matirani papir 135 g,150 dot,399,0.0,0.0,0.0,25.0,69.0,93.0,-0.0,71.0,51.0,-0.0,1.25
matirani papir 135 g,150 dot,400,0.0,0.0,0.0,60.0,38.0,41.0,-0.0,48.0,13.0,-0.0,9.01
matirani papir 135 g,200 dot,1,0.0,0.0,0.0,0.0,94.0,88.0,0.0,94.0,81.0,0.0,0.15
matirani papir 135 g,200 dot,2,0.0,21.0,0.0,0.0,86.0,34.0,9.0,86.0,21.0,9.0,0.27
matirani papir 135 g,200 dot,3,0.0,52.0,0.0,0.0,70.0,79.0,25.0,70.0,33.0,25.0,0.39
matirani papir 135 g,200 dot,4,0.0,81.0,0.0,0.0,57.0,8.0,45.0,56.0,65.0,44.0,0.44
matirani papir 135 g,200 dot,5,0.0,100.0,0.0,0.0,48.0,51.0,60.0,48.0,23.0,60.0,0.3
matirani papir 135 g,200 dot,6,16.0,0.0,0.0,0.0,89.0,18.0,-3.0,88.0,76.0,-3.0,0.43
matirani papir 135 g,200 dot,7,16.0,21.0,0.0,0.0,80.0,77.0,5.0,80.0,89.0,4.0,0.46
matirani papir 135 g,200 dot,8,16.0,52.0,0.0,0.0,65.0,7.0,21.0,64.0,87.0,20.0,0.24
matirani papir 135 g,200 dot,9,16.0,81.0,0.0,0.0,52.0,12.0,38.0,50.0,92.0,38.0,1.21
matirani papir 135 g,200 dot,10,16.0,100.0,0.0,0.0,43.0,94.0,53.0,43.0,51.0,54.0,0.49
matirani papir 135 g,200 dot,11,39.0,0.0,0.0,0.0,79.0,7.0,-12.0,78.0,95.0,-11.0,0.13
matirani papir 135 g,200 dot,12,39.0,21.0,0.0,0.0,70.0,90.0,-3.0,71.0,25.0,-3.0,0.6
matirani papir 135 g,200 dot,13,39.0,52.0,0.0,0.0,57.0,10.0,11.0,57.0,46.0,11.0,0.62
matirani papir 135 g,200 dot,14,39.0,81.0,0.0,0.0,44.0,3.0,28.0,44.0,13.0,28.0,0.26
matirani papir 135 g,200 dot,15,39.0,100.0,0.0,0.0,38.0,68.0,41.0,38.0,81.0,42.0,0.6
matirani papir 135 g,200 dot,16,64.0,0.0,0.0,0.0,69.0,7.0,-21.0,69.0,56.0,-20.0,0.52
matirani papir 135 g,200 dot,17,64.0,21.0,0.0,0.0,62.0,71.0,-13.0,62.0,34.0,-13.0,0.32
matirani papir 135 g,200 dot,18,64.0,52.0,0.0,0.0,50.0,61.0,0.0,49.0,67.0,0.0,1.05
matirani papir 135 g,200 dot,19,64.0,81.0,0.0,0.0,39.0,6.0,16.0,38.0,51.0,15.0,1.21
matirani papir 135 g,200 dot,20,64.0,100.0,0.0,0.0,33.0,42.0,26.0,33.0,13.0,27.0,0.37
matirani papir 135 g,200 dot,21,85.0,0.0,0.0,0.0,61.0,4.0,-30.0,61.0,26.0,-29.0,0.37
matirani papir 135 g,200 dot,22,85.0,21.0,0.0,0.0,54.0,43.0,-23.0,54.0,78.0,-23.0,0.37
matirani papir 135 g,200 dot,23,85.0,52.0,0.0,0.0,43.0,27.0,-9.0,43.0,9.0,-9.0,0.19
matirani papir 135 g,200 dot,24,85.0,81.0,0.0,0.0,33.0,27.0,4.0,33.0,57.0,4.0,0.27
matirani papir 135 g,200 dot,25,85.0,100.0,0.0,0.0,27.0,42.0,14.0,27.0,14.0,15.0,0.33
matirani papir 135 g,200 dot,26,100.0,0.0,0.0,0.0,55.0,24.0,-36.0,55.0,18.0,-36.0,0.07
matirani papir 135 g,200 dot,27,100.0,21.0,0.0,0.0,48.0,25.0,-32.0,47.0,97.0,-31.0,0.31
matirani papir 135 g,200 dot,28,100.0,52.0,0.0,0.0,38.0,20.0,-16.0,38.0,13.0,-16.0,0.07
matirani papir 135 g,200 dot,29,100.0,81.0,0.0,0.0,29.0,66.0,-1.0,29.0,18.0,-0.0,0.67
matirani papir 135 g,200 dot,30,100.0,100.0,0.0,0.0,25.0,10.0,7.0,24.0,59.0,8.0,0.7
matirani papir 135 g,200 dot,31,0.0,0.0,21.0,0.0,92.0,43.0,-2.0,92.0,21.0,-2.0,0.32
matirani papir 135 g,200 dot,32,0.0,21.0,21.0,0.0,82.0,87.0,8.0,82.0,69.0,7.0,0.92
matirani papir 135 g,200 dot,33,0.0,52.0,21.0,0.0,68.0,50.0,27.0,67.0,98.0,27.0,0.43
matirani papir 135 g,200 dot,34,0.0,81.0,21.0,0.0,54.0,87.0,46.0,54.0,71.0,46.0,0.23
matirani papir 135 g,200 dot,35,0.0,100.0,21.0,0.0,46.0,23.0,62.0,46.0,44.0,62.0,0.26
matirani papir 135 g,200 dot,36,16.0,0.0,21.0,0.0,86.0,54.0,-6.0,86.0,23.0,-6.0,0.31
matirani papir 135 g,200 dot,37,16.0,21.0,21.0,0.0,72.0,46.0,3.0,71.0,92.0,3.0,0.66
matirani papir 135 g,200 dot,38,16.0,52.0,21.0,0.0,58.0,58.0,19.0,59.0,42.0,19.0,0.94
matirani papir 135 g,200 dot,39,16.0,81.0,21.0,0.0,47.0,21.0,38.0,47.0,42.0,38.0,0.27
matirani papir 135 g,200 dot,40,16.0,100.0,21.0,0.0,41.0,19.0,51.0,40.0,89.0,50.0,0.35
matirani papir 135 g,200 dot,41,39.0,0.0,21.0,0.0,75.0,78.0,-15.0,76.0,32.0,-14.0,1.05
matirani papir 135 g,200 dot,42,39.0,21.0,21.0,0.0,63.0,14.0,-5.0,64.0,10.0,-4.0,0.97
matirani papir 135 g,200 dot,43,39.0,52.0,21.0,0.0,52.0,26.0,11.0,52.0,3.0,11.0,0.3
matirani papir 135 g,200 dot,44,39.0,81.0,21.0,0.0,40.0,51.0,29.0,40.0,48.0,29.0,0.23
matirani papir 135 g,200 dot,45,39.0,100.0,21.0,0.0,35.0,78.0,39.0,34.0,87.0,40.0,0.8
matirani papir 135 g,200 dot,46,64.0,0.0,21.0,0.0,67.0,33.0,-25.0,66.0,71.0,-25.0,0.63
matirani papir 135 g,200 dot,47,64.0,21.0,21.0,0.0,56.0,93.0,-15.0,55.0,61.0,-15.0,1.33
matirani papir 135 g,200 dot,48,64.0,52.0,21.0,0.0,42.0,95.0,0.0,41.0,70.0,-0.0,1.23
matirani papir 135 g,200 dot,49,64.0,81.0,21.0,0.0,33.0,12.0,15.0,32.0,43.0,15.0,0.58
matirani papir 135 g,200 dot,50,64.0,100.0,21.0,0.0,28.0,66.0,26.0,28.0,21.0,25.0,0.54
matirani papir 135 g,200 dot,51,85.0,0.0,21.0,0.0,57.0,89.0,-37.0,57.0,59.0,-36.0,0.48
matirani papir 135 g,200 dot,52,85.0,21.0,21.0,0.0,47.0,10.0,-26.0,47.0,11.0,-26.0,0.06
matirani papir 135 g,200 dot,53,85.0,52.0,21.0,0.0,35.0,38.0,-9.0,35.0,56.0,-9.0,0.51
matirani papir 135 g,200 dot,54,85.0,81.0,21.0,0.0,27.0,36.0,3.0,27.0,8.0,5.0,1.55
matirani papir 135 g,200 dot,55,85.0,100.0,21.0,0.0,23.0,61.0,12.0,23.0,22.0,13.0,0.66
matirani papir 135 g,200 dot,56,100.0,0.0,21.0,0.0,51.0,73.0,-44.0,51.0,88.0,-44.0,0.27
matirani papir 135 g,200 dot,57,100.0,21.0,21.0,0.0,45.0,5.0,-34.0,45.0,22.0,-34.0,0.32
matirani papir 135 g,200 dot,58,100.0,52.0,21.0,0.0,33.0,74.0,-16.0,33.0,69.0,-15.0,0.64
matirani papir 135 g,200 dot,59,100.0,81.0,21.0,0.0,26.0,30.0,-2.0,24.0,97.0,-2.0,0.98
matirani papir 135 g,200 dot,60,100.0,100.0,21.0,0.0,23.0,26.0,4.0,21.0,85.0,5.0,1.02
matirani papir 135 g,200 dot,61,0.0,0.0,52.0,0.0,89.0,58.0,-2.0,89.0,3.0,-2.0,0.75
matirani papir 135 g,200 dot,62,0.0,21.0,52.0,0.0,80.0,48.0,8.0,80.0,69.0,8.0,0.42
matirani papir 135 g,200 dot,63,0.0,52.0,52.0,0.0,65.0,43.0,28.0,65.0,54.0,27.0,0.38
matirani papir 135 g,200 dot,64,0.0,81.0,52.0,0.0,54.0,79.0,46.0,54.0,26.0,46.0,0.69
matirani papir 135 g,200 dot,65,0.0,100.0,52.0,0.0,45.0,12.0,62.0,44.0,78.0,62.0,0.33
matirani papir 135 g,200 dot,66,16.0,0.0,52.0,0.0,81.0,57.0,-7.0,81.0,75.0,-7.0,0.33
matirani papir 135 g,200 dot,67,16.0,21.0,52.0,0.0,70.0,17.0,2.0,69.0,91.0,2.0,0.3
matirani papir 135 g,200 dot,68,16.0,52.0,52.0,0.0,58.0,37.0,19.0,57.0,62.0,19.0,0.73
matirani papir 135 g,200 dot,69,16.0,81.0,52.0,0.0,47.0,13.0,37.0,46.0,58.0,37.0,0.69
matirani papir 135 g,200 dot,70,16.0,100.0,52.0,0.0,40.0,22.0,51.0,40.0,7.0,50.0,0.33
matirani papir 135 g,200 dot,71,39.0,0.0,52.0,0.0,72.0,89.0,-16.0,73.0,34.0,-15.0,0.9
matirani papir 135 g,200 dot,72,39.0,21.0,52.0,0.0,61.0,71.0,-5.0,61.0,21.0,-5.0,0.61
matirani papir 135 g,200 dot,73,39.0,52.0,52.0,0.0,49.0,54.0,10.0,48.0,26.0,10.0,1.29
matirani papir 135 g,200 dot,74,39.0,81.0,52.0,0.0,39.0,91.0,26.0,38.0,44.0,25.0,1.29
matirani papir 135 g,200 dot,75,39.0,100.0,52.0,0.0,35.0,16.0,35.0,34.0,92.0,34.0,0.56
matirani papir 135 g,200 dot,76,64.0,0.0,52.0,0.0,62.0,83.0,-29.0,62.0,46.0,-30.0,0.35
matirani papir 135 g,200 dot,77,64.0,21.0,52.0,0.0,52.0,61.0,-18.0,52.0,14.0,-18.0,0.57
matirani papir 135 g,200 dot,78,64.0,52.0,52.0,0.0,37.0,13.0,-1.0,35.0,93.0,-1.0,1.04
matirani papir 135 g,200 dot,79,64.0,81.0,52.0,0.0,28.0,74.0,13.0,28.0,1.0,13.0,0.66
matirani papir 135 g,200 dot,80,64.0,100.0,52.0,0.0,24.0,59.0,21.0,25.0,13.0,20.0,0.82
matirani papir 135 g,200 dot,81,85.0,0.0,52.0,0.0,54.0,61.0,-43.0,54.0,90.0,-41.0,0.6
matirani papir 135 g,200 dot,82,85.0,21.0,52.0,0.0,46.0,3.0,-31.0,45.0,59.0,-30.0,0.7
matirani papir 135 g,200 dot,83,85.0,52.0,52.0,0.0,31.0,23.0,-12.0,31.0,47.0,-12.0,0.64
matirani papir 135 g,200 dot,84,85.0,81.0,52.0,0.0,22.0,66.0,2.0,23.0,23.0,2.0,0.74
matirani papir 135 g,200 dot,85,85.0,100.0,52.0,0.0,20.0,86.0,9.0,20.0,54.0,10.0,0.52
matirani papir 135 g,200 dot,86,100.0,0.0,52.0,0.0,49.0,66.0,-51.0,49.0,43.0,-51.0,0.62
matirani papir 135 g,200 dot,87,100.0,21.0,52.0,0.0,43.0,25.0,-40.0,42.0,24.0,-40.0,0.94
matirani papir 135 g,200 dot,88,100.0,52.0,52.0,0.0,32.0,21.0,-20.0,30.0,80.0,-20.0,1.14
matirani papir 135 g,200 dot,89,100.0,81.0,52.0,0.0,21.0,38.0,-2.0,20.0,58.0,-3.0,0.75
matirani papir 135 g,200 dot,90,100.0,100.0,52.0,0.0,17.0,94.0,3.0,18.0,9.0,2.0,0.9
matirani papir 135 g,200 dot,91,0.0,0.0,81.0,0.0,87.0,35.0,-2.0,87.0,31.0,-2.0,0.06
matirani papir 135 g,200 dot,92,0.0,21.0,81.0,0.0,77.0,99.0,8.0,78.0,3.0,8.0,0.39
matirani papir 135 g,200 dot,93,0.0,52.0,81.0,0.0,63.0,80.0,29.0,63.0,93.0,29.0,0.45
matirani papir 135 g,200 dot,94,0.0,81.0,81.0,0.0,51.0,69.0,47.0,51.0,85.0,47.0,0.19
matirani papir 135 g,200 dot,95,0.0,100.0,81.0,0.0,43.0,70.0,62.0,43.0,39.0,62.0,0.33
matirani papir 135 g,200 dot,96,16.0,0.0,81.0,0.0,80.0,6.0,-8.0,79.0,39.0,-7.0,0.58
matirani papir 135 g,200 dot,97,16.0,21.0,81.0,0.0,68.0,20.0,3.0,67.0,37.0,3.0,0.68
matirani papir 135 g,200 dot,98,16.0,52.0,81.0,0.0,54.0,81.0,22.0,54.0,68.0,21.0,0.34
matirani papir 135 g,200 dot,99,16.0,81.0,81.0,0.0,47.0,15.0,38.0,46.0,73.0,38.0,0.49
matirani papir 135 g,200 dot,100,16.0,100.0,81.0,0.0,40.0,98.0,50.0,40.0,95.0,50.0,0.19
matirani papir 135 g,200 dot,101,39.0,0.0,81.0,0.0,70.0,65.0,-17.0,70.0,18.0,-16.0,0.54
matirani papir 135 g,200 dot,102,39.0,21.0,81.0,0.0,59.0,54.0,-5.0,58.0,31.0,-5.0,1.13
matirani papir 135 g,200 dot,103,39.0,52.0,81.0,0.0,47.0,37.0,10.0,46.0,20.0,10.0,1.14
matirani papir 135 g,200 dot,104,39.0,81.0,81.0,0.0,36.0,82.0,27.0,36.0,6.0,26.0,0.77
matirani papir 135 g,200 dot,105,39.0,100.0,81.0,0.0,32.0,95.0,37.0,32.0,33.0,36.0,0.8
matirani papir 135 g,200 dot,106,64.0,0.0,81.0,0.0,60.0,16.0,-33.0,59.0,49.0,-34.0,0.7
matirani papir 135 g,200 dot,107,64.0,21.0,81.0,0.0,50.0,38.0,-21.0,47.0,96.0,-21.0,2.49
matirani papir 135 g,200 dot,108,64.0,52.0,81.0,0.0,34.0,73.0,-2.0,32.0,59.0,-2.0,1.75
matirani papir 135 g,200 dot,109,64.0,81.0,81.0,0.0,26.0,24.0,13.0,26.0,91.0,12.0,1.26
matirani papir 135 g,200 dot,110,64.0,100.0,81.0,0.0,22.0,97.0,21.0,22.0,37.0,21.0,0.46
matirani papir 135 g,200 dot,111,85.0,0.0,81.0,0.0,52.0,48.0,-48.0,52.0,43.0,-47.0,0.25
matirani papir 135 g,200 dot,112,85.0,21.0,81.0,0.0,43.0,73.0,-36.0,44.0,5.0,-35.0,0.75
matirani papir 135 g,200 dot,113,85.0,52.0,81.0,0.0,32.0,30.0,-14.0,31.0,52.0,-14.0,0.69
matirani papir 135 g,200 dot,114,85.0,81.0,81.0,0.0,23.0,50.0,1.0,22.0,65.0,1.0,0.61
matirani papir 135 g,200 dot,115,85.0,100.0,81.0,0.0,19.0,97.0,8.0,18.0,97.0,7.0,1.05
matirani papir 135 g,200 dot,116,100.0,0.0,81.0,0.0,47.0,27.0,-56.0,46.0,48.0,-57.0,0.84
matirani papir 135 g,200 dot,117,100.0,21.0,81.0,0.0,41.0,30.0,-45.0,40.0,41.0,-46.0,0.83
matirani papir 135 g,200 dot,118,100.0,52.0,81.0,0.0,28.0,89.0,-23.0,27.0,75.0,-23.0,0.88
matirani papir 135 g,200 dot,119,100.0,81.0,81.0,0.0,18.0,30.0,-5.0,17.0,43.0,-5.0,0.75
matirani papir 135 g,200 dot,120,100.0,100.0,81.0,0.0,14.0,84.0,0.0,15.0,51.0,0.0,0.57
matirani papir 135 g,200 dot,121,0.0,0.0,100.0,0.0,86.0,20.0,-2.0,85.0,77.0,-1.0,0.3
matirani papir 135 g,200 dot,122,0.0,21.0,100.0,0.0,76.0,77.0,9.0,76.0,47.0,9.0,0.29
matirani papir 135 g,200 dot,123,0.0,52.0,100.0,0.0,62.0,0.0,31.0,61.0,88.0,30.0,0.33
matirani papir 135 g,200 dot,124,0.0,81.0,100.0,0.0,50.0,20.0,51.0,49.0,83.0,51.0,0.39
matirani papir 135 g,200 dot,125,0.0,100.0,100.0,0.0,42.0,88.0,63.0,42.0,87.0,63.0,0.34
matirani papir 135 g,200 dot,126,16.0,0.0,100.0,0.0,78.0,53.0,-7.0,78.0,49.0,-7.0,0.32
matirani papir 135 g,200 dot,127,16.0,21.0,100.0,0.0,67.0,91.0,2.0,67.0,27.0,2.0,0.54
matirani papir 135 g,200 dot,128,16.0,52.0,100.0,0.0,55.0,88.0,20.0,55.0,0.0,20.0,0.85
matirani papir 135 g,200 dot,129,16.0,81.0,100.0,0.0,46.0,65.0,37.0,44.0,91.0,38.0,1.72
matirani papir 135 g,200 dot,130,16.0,100.0,100.0,0.0,41.0,9.0,50.0,40.0,33.0,50.0,0.71
matirani papir 135 g,200 dot,131,39.0,0.0,100.0,0.0,69.0,89.0,-17.0,68.0,75.0,-17.0,0.91
matirani papir 135 g,200 dot,132,39.0,21.0,100.0,0.0,58.0,26.0,-6.0,57.0,12.0,-6.0,1.1
matirani papir 135 g,200 dot,133,39.0,52.0,100.0,0.0,45.0,70.0,9.0,44.0,76.0,9.0,1.17
matirani papir 135 g,200 dot,134,39.0,81.0,100.0,0.0,36.0,37.0,26.0,35.0,75.0,25.0,0.76
matirani papir 135 g,200 dot,135,39.0,100.0,100.0,0.0,32.0,97.0,36.0,31.0,57.0,36.0,1.16
matirani papir 135 g,200 dot,136,64.0,0.0,100.0,0.0,57.0,67.0,-34.0,57.0,39.0,-34.0,0.27
matirani papir 135 g,200 dot,137,64.0,21.0,100.0,0.0,48.0,52.0,-22.0,48.0,38.0,-21.0,0.76
matirani papir 135 g,200 dot,138,64.0,52.0,100.0,0.0,35.0,18.0,-3.0,33.0,84.0,-2.0,1.18
matirani papir 135 g,200 dot,139,64.0,81.0,100.0,0.0,26.0,24.0,11.0,25.0,38.0,12.0,1.04
matirani papir 135 g,200 dot,140,64.0,100.0,100.0,0.0,22.0,82.0,20.0,22.0,14.0,19.0,0.63
matirani papir 135 g,200 dot,141,85.0,0.0,100.0,0.0,52.0,7.0,-46.0,51.0,23.0,-48.0,0.98
matirani papir 135 g,200 dot,142,85.0,21.0,100.0,0.0,44.0,78.0,-35.0,43.0,45.0,-36.0,1.3
matirani papir 135 g,200 dot,143,85.0,52.0,100.0,0.0,33.0,44.0,-15.0,30.0,35.0,-15.0,2.47
matirani papir 135 g,200 dot,144,85.0,81.0,100.0,0.0,23.0,61.0,0.0,20.0,96.0,0.0,1.88
matirani papir 135 g,200 dot,145,85.0,100.0,100.0,0.0,19.0,63.0,5.0,18.0,57.0,5.0,0.74
matirani papir 135 g,200 dot,146,100.0,0.0,100.0,0.0,45.0,20.0,-59.0,44.0,92.0,-59.0,0.29
matirani papir 135 g,200 dot,147,100.0,21.0,100.0,0.0,39.0,63.0,-50.0,38.0,73.0,-50.0,0.82
matirani papir 135 g,200 dot,148,100.0,52.0,100.0,0.0,28.0,29.0,-27.0,26.0,87.0,-26.0,1.17
matirani papir 135 g,200 dot,149,100.0,81.0,100.0,0.0,18.0,33.0,-6.0,16.0,47.0,-6.0,1.43
matirani papir 135 g,200 dot,150,100.0,100.0,100.0,0.0,14.0,80.0,-0.0,15.0,9.0,-0.0,0.41
matirani papir 135 g,200 dot,151,0.0,0.0,0.0,25.0,72.0,81.0,-0.0,71.0,68.0,-0.0,0.86
matirani papir 135 g,200 dot,152,0.0,31.0,0.0,25.0,62.0,95.0,11.0,61.0,27.0,11.0,1.46
matirani papir 135 g,200 dot,153,0.0,72.0,0.0,25.0,45.0,65.0,32.0,44.0,65.0,32.0,0.99
matirani papir 135 g,200 dot,154,0.0,100.0,0.0,25.0,35.0,99.0,49.0,34.0,98.0,49.0,0.9
matirani papir 135 g,200 dot,155,21.0,0.0,0.0,25.0,69.0,73.0,-6.0,68.0,51.0,-5.0,1.06
matirani papir 135 g,200 dot,156,21.0,31.0,0.0,25.0,59.0,21.0,6.0,57.0,80.0,6.0,1.31
matirani papir 135 g,200 dot,157,21.0,72.0,0.0,25.0,43.0,9.0,25.0,41.0,75.0,25.0,1.23
matirani papir 135 g,200 dot,158,21.0,100.0,0.0,25.0,34.0,86.0,41.0,33.0,78.0,40.0,0.91
matirani papir 135 g,200 dot,159,52.0,0.0,0.0,25.0,60.0,28.0,-13.0,58.0,48.0,-14.0,1.72
matirani papir 135 g,200 dot,160,52.0,31.0,0.0,25.0,50.0,14.0,-2.0,47.0,98.0,-3.0,2.18
matirani papir 135 g,200 dot,161,52.0,72.0,0.0,25.0,34.0,10.0,14.0,34.0,2.0,14.0,0.35
matirani papir 135 g,200 dot,162,52.0,100.0,0.0,25.0,27.0,14.0,28.0,26.0,13.0,28.0,0.78
matirani papir 135 g,200 dot,163,81.0,0.0,0.0,25.0,47.0,92.0,-25.0,47.0,11.0,-24.0,0.94
matirani papir 135 g,200 dot,164,81.0,31.0,0.0,25.0,39.0,23.0,-13.0,38.0,93.0,-13.0,0.32
matirani papir 135 g,200 dot,165,81.0,72.0,0.0,25.0,27.0,61.0,2.0,28.0,3.0,2.0,0.62
matirani papir 135 g,200 dot,166,81.0,100.0,0.0,25.0,22.0,28.0,14.0,21.0,61.0,15.0,0.84
matirani papir 135 g,200 dot,167,100.0,0.0,0.0,25.0,43.0,11.0,-34.0,42.0,40.0,-34.0,0.65
matirani papir 135 g,200 dot,168,100.0,31.0,0.0,25.0,34.0,22.0,-20.0,34.0,7.0,-20.0,0.13
matirani papir 135 g,200 dot,169,100.0,72.0,0.0,25.0,25.0,26.0,-4.0,24.0,40.0,-3.0,0.75
matirani papir 135 g,200 dot,170,100.0,100.0,0.0,25.0,20.0,65.0,5.0,19.0,76.0,6.0,0.66
matirani papir 135 g,200 dot,171,0.0,0.0,31.0,25.0,72.0,50.0,-1.0,71.0,78.0,-1.0,1.01
matirani papir 135 g,200 dot,172,0.0,31.0,31.0,25.0,62.0,48.0,10.0,61.0,26.0,10.0,1.12
matirani papir 135 g,200 dot,173,0.0,72.0,31.0,25.0,45.0,48.0,31.0,45.0,12.0,31.0,0.53
matirani papir 135 g,200 dot,174,0.0,100.0,31.0,25.0,36.0,59.0,47.0,36.0,22.0,47.0,0.33
matirani papir 135 g,200 dot,175,21.0,0.0,31.0,25.0,65.0,31.0,-7.0,63.0,86.0,-6.0,1.27
matirani papir 135 g,200 dot,176,21.0,31.0,31.0,25.0,52.0,82.0,4.0,51.0,53.0,4.0,1.29
matirani papir 135 g,200 dot,177,21.0,72.0,31.0,25.0,38.0,52.0,25.0,38.0,25.0,24.0,0.81
matirani papir 135 g,200 dot,178,21.0,100.0,31.0,25.0,31.0,57.0,37.0,30.0,90.0,37.0,0.54
matirani papir 135 g,200 dot,179,52.0,0.0,31.0,25.0,55.0,12.0,-17.0,54.0,49.0,-17.0,0.67
matirani papir 135 g,200 dot,180,52.0,31.0,31.0,25.0,44.0,98.0,-5.0,42.0,64.0,-5.0,2.2
matirani papir 135 g,200 dot,181,52.0,72.0,31.0,25.0,30.0,8.0,12.0,28.0,18.0,13.0,1.61
matirani papir 135 g,200 dot,182,52.0,100.0,31.0,25.0,24.0,30.0,24.0,23.0,11.0,24.0,0.91
matirani papir 135 g,200 dot,183,81.0,0.0,31.0,25.0,46.0,79.0,-27.0,45.0,97.0,-28.0,0.96
matirani papir 135 g,200 dot,184,81.0,31.0,31.0,25.0,36.0,78.0,-15.0,35.0,78.0,-15.0,0.94
matirani papir 135 g,200 dot,185,81.0,72.0,31.0,25.0,24.0,81.0,1.0,23.0,60.0,2.0,1.02
matirani papir 135 g,200 dot,186,81.0,100.0,31.0,25.0,20.0,61.0,11.0,19.0,28.0,10.0,1.0
matirani papir 135 g,200 dot,187,100.0,0.0,31.0,25.0,42.0,0.0,-39.0,41.0,35.0,-38.0,0.69
matirani papir 135 g,200 dot,188,100.0,31.0,31.0,25.0,32.0,74.0,-23.0,32.0,33.0,-21.0,0.7
matirani papir 135 g,200 dot,189,100.0,72.0,31.0,25.0,20.0,57.0,-4.0,19.0,74.0,-4.0,0.84
matirani papir 135 g,200 dot,190,100.0,100.0,31.0,25.0,15.0,96.0,3.0,15.0,82.0,4.0,1.16
matirani papir 135 g,200 dot,191,0.0,0.0,72.0,25.0,67.0,16.0,-2.0,66.0,35.0,-2.0,0.76
matirani papir 135 g,200 dot,192,0.0,31.0,72.0,25.0,56.0,31.0,10.0,55.0,7.0,11.0,1.17
matirani papir 135 g,200 dot,193,0.0,72.0,72.0,25.0,42.0,79.0,31.0,41.0,86.0,31.0,0.9
matirani papir 135 g,200 dot,194,0.0,100.0,72.0,25.0,34.0,59.0,47.0,33.0,39.0,47.0,1.0
matirani papir 135 g,200 dot,195,21.0,0.0,72.0,25.0,59.0,48.0,-7.0,58.0,59.0,-7.0,0.82
matirani papir 135 g,200 dot,196,21.0,31.0,72.0,25.0,48.0,17.0,4.0,47.0,71.0,4.0,0.48
matirani papir 135 g,200 dot,197,21.0,72.0,72.0,25.0,37.0,44.0,23.0,36.0,74.0,24.0,0.62
matirani papir 135 g,200 dot,198,21.0,100.0,72.0,25.0,31.0,7.0,37.0,29.0,90.0,37.0,0.97
matirani papir 135 g,200 dot,199,52.0,0.0,72.0,25.0,52.0,33.0,-19.0,51.0,38.0,-18.0,1.03
matirani papir 135 g,200 dot,200,52.0,31.0,72.0,25.0,40.0,22.0,-6.0,39.0,21.0,-6.0,0.98
matirani papir 135 g,200 dot,201,52.0,72.0,72.0,25.0,28.0,1.0,10.0,27.0,47.0,10.0,0.53
matirani papir 135 g,200 dot,202,52.0,100.0,72.0,25.0,21.0,76.0,21.0,21.0,19.0,20.0,0.46
matirani papir 135 g,200 dot,203,81.0,0.0,72.0,25.0,42.0,64.0,-34.0,41.0,52.0,-34.0,1.08
matirani papir 135 g,200 dot,204,81.0,31.0,72.0,25.0,32.0,65.0,-20.0,30.0,90.0,-20.0,1.43
matirani papir 135 g,200 dot,205,81.0,72.0,72.0,25.0,19.0,89.0,-0.0,19.0,43.0,-0.0,0.71
matirani papir 135 g,200 dot,206,81.0,100.0,72.0,25.0,15.0,55.0,7.0,14.0,23.0,7.0,0.94
matirani papir 135 g,200 dot,207,100.0,0.0,72.0,25.0,37.0,23.0,-49.0,36.0,59.0,-48.0,0.86
matirani papir 135 g,200 dot,208,100.0,31.0,72.0,25.0,28.0,64.0,-30.0,28.0,24.0,-29.0,0.66
matirani papir 135 g,200 dot,209,100.0,72.0,72.0,25.0,16.0,29.0,-6.0,16.0,31.0,-6.0,0.54
matirani papir 135 g,200 dot,210,100.0,100.0,72.0,25.0,12.0,24.0,1.0,13.0,24.0,1.0,0.64
matirani papir 135 g,200 dot,211,0.0,0.0,100.0,25.0,66.0,11.0,-2.0,66.0,31.0,-2.0,0.51
matirani papir 135 g,200 dot,212,0.0,31.0,100.0,25.0,56.0,31.0,11.0,56.0,3.0,10.0,0.49
matirani papir 135 g,200 dot,213,0.0,72.0,100.0,25.0,43.0,48.0,32.0,41.0,50.0,32.0,1.93
matirani papir 135 g,200 dot,214,0.0,100.0,100.0,25.0,36.0,45.0,45.0,34.0,69.0,45.0,1.48
matirani papir 135 g,200 dot,215,21.0,0.0,100.0,25.0,59.0,94.0,-7.0,58.0,30.0,-8.0,1.48
matirani papir 135 g,200 dot,216,21.0,31.0,100.0,25.0,49.0,7.0,3.0,48.0,2.0,3.0,1.1
matirani papir 135 g,200 dot,217,21.0,72.0,100.0,25.0,35.0,78.0,24.0,34.0,43.0,25.0,1.59
matirani papir 135 g,200 dot,218,21.0,100.0,100.0,25.0,29.0,75.0,37.0,28.0,35.0,37.0,1.12
matirani papir 135 g,200 dot,219,52.0,0.0,100.0,25.0,49.0,95.0,-20.0,46.0,82.0,-21.0,3.22
matirani papir 135 g,200 dot,220,52.0,31.0,100.0,25.0,37.0,47.0,-8.0,36.0,17.0,-8.0,1.11
matirani papir 135 g,200 dot,221,52.0,72.0,100.0,25.0,24.0,97.0,11.0,24.0,86.0,11.0,0.36
matirani papir 135 g,200 dot,222,52.0,100.0,100.0,25.0,21.0,51.0,21.0,20.0,36.0,22.0,0.91
matirani papir 135 g,200 dot,223,81.0,0.0,100.0,25.0,40.0,85.0,-39.0,40.0,45.0,-38.0,0.52
matirani papir 135 g,200 dot,224,81.0,31.0,100.0,25.0,31.0,68.0,-23.0,30.0,58.0,-22.0,1.11
matirani papir 135 g,200 dot,225,81.0,72.0,100.0,25.0,19.0,74.0,-1.0,20.0,16.0,-1.0,0.34
matirani papir 135 g,200 dot,226,81.0,100.0,100.0,25.0,15.0,74.0,6.0,16.0,4.0,5.0,0.51
matirani papir 135 g,200 dot,227,100.0,0.0,100.0,25.0,37.0,86.0,-51.0,36.0,85.0,-49.0,1.1
matirani papir 135 g,200 dot,228,100.0,31.0,100.0,25.0,30.0,53.0,-32.0,29.0,6.0,-32.0,1.15
matirani papir 135 g,200 dot,229,100.0,72.0,100.0,25.0,18.0,13.0,-7.0,16.0,72.0,-7.0,1.02
matirani papir 135 g,200 dot,230,100.0,100.0,100.0,25.0,12.0,59.0,-0.0,10.0,93.0,-0.0,1.19
matirani papir 135 g,200 dot,231,0.0,0.0,0.0,60.0,42.0,13.0,-0.0,39.0,55.0,-0.0,2.3
matirani papir 135 g,200 dot,232,0.0,31.0,0.0,60.0,37.0,84.0,6.0,34.0,62.0,6.0,2.7
matirani papir 135 g,200 dot,233,0.0,72.0,0.0,60.0,27.0,33.0,19.0,24.0,58.0,19.0,2.03
matirani papir 135 g,200 dot,234,0.0,100.0,0.0,60.0,20.0,23.0,28.0,19.0,2.0,28.0,0.91
matirani papir 135 g,200 dot,235,31.0,0.0,0.0,60.0,39.0,28.0,-5.0,37.0,99.0,-5.0,1.22
matirani papir 135 g,200 dot,236,31.0,31.0,0.0,60.0,30.0,73.0,1.0,30.0,31.0,1.0,0.71
matirani papir 135 g,200 dot,237,31.0,72.0,0.0,60.0,20.0,61.0,13.0,20.0,25.0,12.0,0.47
matirani papir 135 g,200 dot,238,31.0,100.0,0.0,60.0,16.0,38.0,22.0,16.0,19.0,21.0,0.39
matirani papir 135 g,200 dot,239,72.0,0.0,0.0,60.0,29.0,93.0,-13.0,30.0,42.0,-13.0,0.47
matirani papir 135 g,200 dot,240,72.0,31.0,0.0,60.0,24.0,88.0,-6.0,25.0,50.0,-5.0,0.69
matirani papir 135 g,200 dot,241,72.0,72.0,0.0,60.0,18.0,45.0,4.0,17.0,97.0,5.0,0.81
matirani papir 135 g,200 dot,242,72.0,100.0,0.0,60.0,15.0,3.0,12.0,13.0,16.0,12.0,1.52
matirani papir 135 g,200 dot,243,100.0,0.0,0.0,60.0,25.0,48.0,-19.0,24.0,54.0,-19.0,0.76
matirani papir 135 g,200 dot,244,100.0,31.0,0.0,60.0,20.0,32.0,-11.0,18.0,58.0,-10.0,1.29
matirani papir 135 g,200 dot,245,100.0,72.0,0.0,60.0,14.0,73.0,-0.0,12.0,73.0,0.0,2.1
matirani papir 135 g,200 dot,246,100.0,100.0,0.0,60.0,11.0,94.0,4.0,10.0,53.0,6.0,1.9
matirani papir 135 g,200 dot,247,0.0,0.0,31.0,60.0,41.0,74.0,-1.0,41.0,23.0,-1.0,1.2
matirani papir 135 g,200 dot,248,0.0,31.0,31.0,60.0,34.0,49.0,6.0,32.0,1.0,6.0,2.0
matirani papir 135 g,200 dot,249,0.0,72.0,31.0,60.0,25.0,25.0,18.0,23.0,89.0,19.0,1.08
matirani papir 135 g,200 dot,250,0.0,100.0,31.0,60.0,19.0,16.0,28.0,19.0,1.0,28.0,0.3
matirani papir 135 g,200 dot,251,31.0,0.0,31.0,60.0,35.0,97.0,-6.0,34.0,88.0,-6.0,0.91
matirani papir 135 g,200 dot,252,31.0,31.0,31.0,60.0,30.0,51.0,0.0,29.0,58.0,0.0,0.75
matirani papir 135 g,200 dot,253,31.0,72.0,31.0,60.0,22.0,13.0,12.0,20.0,99.0,12.0,1.0
matirani papir 135 g,200 dot,254,31.0,100.0,31.0,60.0,18.0,4.0,19.0,18.0,18.0,18.0,0.36
matirani papir 135 g,200 dot,255,72.0,0.0,31.0,60.0,28.0,47.0,-15.0,27.0,50.0,-14.0,1.01
matirani papir 135 g,200 dot,256,72.0,31.0,31.0,60.0,24.0,31.0,-6.0,22.0,3.0,-7.0,1.69
matirani papir 135 g,200 dot,257,72.0,72.0,31.0,60.0,16.0,82.0,3.0,16.0,11.0,3.0,0.51
matirani papir 135 g,200 dot,258,72.0,100.0,31.0,60.0,12.0,80.0,9.0,12.0,44.0,8.0,0.75
matirani papir 135 g,200 dot,259,100.0,0.0,31.0,60.0,24.0,6.0,-23.0,22.0,32.0,-22.0,1.33
matirani papir 135 g,200 dot,260,100.0,31.0,31.0,60.0,19.0,22.0,-12.0,17.0,43.0,-12.0,1.38
matirani papir 135 g,200 dot,261,100.0,72.0,31.0,60.0,12.0,63.0,-1.0,11.0,55.0,-0.0,1.2
matirani papir 135 g,200 dot,262,100.0,100.0,31.0,60.0,10.0,55.0,3.0,9.0,13.0,4.0,1.45
matirani papir 135 g,200 dot,263,0.0,0.0,72.0,60.0,40.0,57.0,-2.0,38.0,97.0,-2.0,1.4
matirani papir 135 g,200 dot,264,0.0,31.0,72.0,60.0,32.0,36.0,4.0,30.0,79.0,5.0,1.3
matirani papir 135 g,200 dot,265,0.0,72.0,72.0,60.0,24.0,9.0,19.0,23.0,54.0,19.0,0.73
matirani papir 135 g,200 dot,266,0.0,100.0,72.0,60.0,19.0,74.0,27.0,19.0,31.0,26.0,0.56
matirani papir 135 g,200 dot,267,31.0,0.0,72.0,60.0,33.0,69.0,-7.0,33.0,22.0,-7.0,0.42
matirani papir 135 g,200 dot,268,31.0,31.0,72.0,60.0,28.0,16.0,-0.0,28.0,65.0,-0.0,0.77
matirani papir 135 g,200 dot,269,31.0,72.0,72.0,60.0,21.0,20.0,11.0,20.0,5.0,11.0,1.05
matirani papir 135 g,200 dot,270,31.0,100.0,72.0,60.0,16.0,98.0,16.0,16.0,62.0,16.0,0.63
matirani papir 135 g,200 dot,271,72.0,0.0,72.0,60.0,25.0,99.0,-17.0,25.0,24.0,-17.0,0.75
matirani papir 135 g,200 dot,272,72.0,31.0,72.0,60.0,20.0,59.0,-9.0,20.0,39.0,-8.0,0.48
matirani papir 135 g,200 dot,273,72.0,72.0,72.0,60.0,14.0,64.0,0.0,13.0,58.0,0.0,0.74
matirani papir 135 g,200 dot,274,72.0,100.0,72.0,60.0,10.0,77.0,6.0,9.0,91.0,5.0,0.69
matirani papir 135 g,200 dot,275,100.0,0.0,72.0,60.0,20.0,86.0,-26.0,19.0,17.0,-25.0,1.24
matirani papir 135 g,200 dot,276,100.0,31.0,72.0,60.0,16.0,90.0,-14.0,14.0,95.0,-14.0,1.36
matirani papir 135 g,200 dot,277,100.0,72.0,72.0,60.0,11.0,35.0,-3.0,10.0,16.0,-2.0,0.95
matirani papir 135 g,200 dot,278,100.0,100.0,72.0,60.0,9.0,1.0,1.0,8.0,6.0,1.0,0.69
matirani papir 135 g,200 dot,279,0.0,0.0,100.0,60.0,38.0,11.0,-3.0,36.0,35.0,-3.0,1.78
matirani papir 135 g,200 dot,280,0.0,31.0,100.0,60.0,30.0,14.0,4.0,29.0,18.0,4.0,0.91
matirani papir 135 g,200 dot,281,0.0,72.0,100.0,60.0,23.0,81.0,17.0,23.0,52.0,17.0,0.69
matirani papir 135 g,200 dot,282,0.0,100.0,100.0,60.0,20.0,97.0,24.0,20.0,96.0,23.0,0.58
matirani papir 135 g,200 dot,283,31.0,0.0,100.0,60.0,34.0,4.0,-9.0,32.0,44.0,-9.0,1.48
matirani papir 135 g,200 dot,284,31.0,31.0,100.0,60.0,27.0,89.0,-1.0,27.0,15.0,-0.0,1.35
matirani papir 135 g,200 dot,285,31.0,72.0,100.0,60.0,20.0,37.0,9.0,19.0,70.0,9.0,0.56
matirani papir 135 g,200 dot,286,31.0,100.0,100.0,60.0,15.0,98.0,15.0,15.0,64.0,15.0,0.42
matirani papir 135 g,200 dot,287,72.0,0.0,100.0,60.0,24.0,51.0,-21.0,23.0,3.0,-20.0,1.4
matirani papir 135 g,200 dot,288,72.0,31.0,100.0,60.0,18.0,52.0,-11.0,17.0,90.0,-10.0,0.77
matirani papir 135 g,200 dot,289,72.0,72.0,100.0,60.0,12.0,42.0,-0.0,11.0,86.0,-0.0,0.74
matirani papir 135 g,200 dot,290,72.0,100.0,100.0,60.0,11.0,51.0,4.0,9.0,79.0,4.0,1.18
matirani papir 135 g,200 dot,291,100.0,0.0,100.0,60.0,20.0,83.0,-29.0,19.0,85.0,-28.0,0.76
matirani papir 135 g,200 dot,292,100.0,31.0,100.0,60.0,16.0,15.0,-18.0,15.0,92.0,-17.0,0.3
matirani papir 135 g,200 dot,293,100.0,72.0,100.0,60.0,10.0,57.0,-4.0,9.0,45.0,-4.0,0.9
matirani papir 135 g,200 dot,294,100.0,100.0,100.0,60.0,8.0,77.0,-0.0,8.0,8.0,-0.0,0.47
matirani papir 135 g,200 dot,295,0.0,0.0,0.0,88.0,17.0,79.0,-0.0,18.0,1.0,-0.0,0.31
matirani papir 135 g,200 dot,296,0.0,52.0,0.0,88.0,14.0,36.0,6.0,15.0,65.0,5.0,0.9
matirani papir 135 g,200 dot,297,0.0,100.0,0.0,88.0,11.0,67.0,11.0,11.0,94.0,10.0,0.74
matirani papir 135 g,200 dot,298,31.0,0.0,0.0,88.0,19.0,7.0,-2.0,17.0,36.0,-2.0,1.17
matirani papir 135 g,200 dot,299,31.0,52.0,0.0,88.0,14.0,5.0,3.0,13.0,36.0,3.0,0.46
matirani papir 135 g,200 dot,300,31.0,100.0,0.0,88.0,9.0,53.0,9.0,8.0,93.0,9.0,0.38
matirani papir 135 g,200 dot,301,72.0,0.0,0.0,88.0,12.0,78.0,-4.0,11.0,87.0,-3.0,1.1
matirani papir 135 g,200 dot,302,72.0,52.0,0.0,88.0,9.0,5.0,1.0,9.0,28.0,1.0,0.19
matirani papir 135 g,200 dot,303,72.0,100.0,0.0,88.0,8.0,35.0,6.0,8.0,15.0,6.0,0.36
matirani papir 135 g,200 dot,304,100.0,0.0,0.0,88.0,10.0,56.0,-4.0,10.0,10.0,-4.0,0.62
matirani papir 135 g,200 dot,305,100.0,52.0,0.0,88.0,8.0,53.0,0.0,7.0,99.0,1.0,0.78
matirani papir 135 g,200 dot,306,100.0,100.0,0.0,88.0,7.0,74.0,4.0,7.0,31.0,4.0,0.41
matirani papir 135 g,200 dot,307,0.0,0.0,52.0,88.0,17.0,0.0,-1.0,16.0,98.0,-1.0,0.6
matirani papir 135 g,200 dot,308,0.0,52.0,52.0,88.0,12.0,79.0,4.0,12.0,9.0,5.0,0.61
matirani papir 135 g,200 dot,309,0.0,100.0,52.0,88.0,12.0,31.0,8.0,11.0,58.0,8.0,0.59
matirani papir 135 g,200 dot,310,31.0,0.0,52.0,88.0,16.0,77.0,-4.0,17.0,32.0,-3.0,0.91
matirani papir 135 g,200 dot,311,31.0,52.0,52.0,88.0,13.0,28.0,1.0,13.0,34.0,1.0,0.41
matirani papir 135 g,200 dot,312,31.0,100.0,52.0,88.0,10.0,15.0,5.0,9.0,92.0,5.0,0.42
matirani papir 135 g,200 dot,313,72.0,0.0,52.0,88.0,14.0,12.0,-6.0,13.0,25.0,-5.0,0.68
matirani papir 135 g,200 dot,314,72.0,52.0,52.0,88.0,10.0,52.0,-0.0,10.0,19.0,-0.0,0.76
matirani papir 135 g,200 dot,315,72.0,100.0,52.0,88.0,8.0,90.0,3.0,8.0,61.0,3.0,0.24
matirani papir 135 g,200 dot,316,100.0,0.0,52.0,88.0,11.0,9.0,-7.0,10.0,61.0,-6.0,0.66
matirani papir 135 g,200 dot,317,100.0,52.0,52.0,88.0,8.0,38.0,-1.0,8.0,73.0,-0.0,1.24
matirani papir 135 g,200 dot,318,100.0,100.0,52.0,88.0,8.0,91.0,1.0,8.0,10.0,1.0,0.62
matirani papir 135 g,200 dot,319,0.0,0.0,100.0,88.0,18.0,22.0,-4.0,16.0,51.0,-4.0,1.33
matirani papir 135 g,200 dot,320,0.0,52.0,100.0,88.0,13.0,64.0,2.0,13.0,8.0,1.0,0.71
matirani papir 135 g,200 dot,321,0.0,100.0,100.0,88.0,11.0,46.0,7.0,11.0,23.0,6.0,0.74
matirani papir 135 g,200 dot,322,31.0,0.0,100.0,88.0,14.0,3.0,-5.0,13.0,55.0,-5.0,1.05
matirani papir 135 g,200 dot,323,31.0,52.0,100.0,88.0,13.0,13.0,-0.0,12.0,37.0,-0.0,0.61
matirani papir 135 g,200 dot,324,31.0,100.0,100.0,88.0,11.0,60.0,3.0,11.0,63.0,3.0,0.7
matirani papir 135 g,200 dot,325,72.0,0.0,100.0,88.0,13.0,33.0,-8.0,12.0,61.0,-7.0,0.71
matirani papir 135 g,200 dot,326,72.0,52.0,100.0,88.0,11.0,84.0,-2.0,11.0,10.0,-2.0,0.54
matirani papir 135 g,200 dot,327,72.0,100.0,100.0,88.0,10.0,76.0,1.0,10.0,45.0,1.0,0.27
matirani papir 135 g,200 dot,328,100.0,0.0,100.0,88.0,12.0,10.0,-10.0,11.0,82.0,-9.0,0.93
matirani papir 135 g,200 dot,329,100.0,52.0,100.0,88.0,9.0,53.0,-3.0,9.0,81.0,-3.0,0.39
matirani papir 135 g,200 dot,330,100.0,100.0,100.0,88.0,10.0,2.0,-0.0,10.0,90.0,-0.0,0.7
matirani papir 135 g,200 dot,331,0.0,0.0,0.0,100.0,12.0,1.0,-0.0,10.0,99.0,-0.0,0.81
matirani papir 135 g,200 dot,332,0.0,52.0,0.0,100.0,9.0,42.0,3.0,8.0,14.0,3.0,0.87
matirani papir 135 g,200 dot,333,0.0,100.0,0.0,100.0,8.0,90.0,5.0,7.0,59.0,5.0,1.02
matirani papir 135 g,200 dot,334,52.0,0.0,0.0,100.0,8.0,71.0,-0.0,7.0,61.0,-0.0,0.8
matirani papir 135 g,200 dot,335,52.0,52.0,0.0,100.0,8.0,38.0,1.0,7.0,89.0,2.0,0.7
matirani papir 135 g,200 dot,336,52.0,100.0,0.0,100.0,7.0,82.0,4.0,7.0,37.0,4.0,0.49
matirani papir 135 g,200 dot,337,100.0,0.0,0.0,100.0,9.0,19.0,0.0,8.0,50.0,0.0,0.69
matirani papir 135 g,200 dot,338,100.0,52.0,0.0,100.0,8.0,52.0,1.0,8.0,46.0,1.0,0.39
matirani papir 135 g,200 dot,339,100.0,100.0,0.0,100.0,8.0,77.0,2.0,8.0,77.0,2.0,0.37
matirani papir 135 g,200 dot,340,0.0,0.0,52.0,100.0,10.0,88.0,-1.0,11.0,5.0,-1.0,0.15
matirani papir 135 g,200 dot,341,0.0,52.0,52.0,100.0,9.0,69.0,1.0,10.0,44.0,1.0,0.56
matirani papir 135 g,200 dot,342,0.0,100.0,52.0,100.0,8.0,85.0,3.0,8.0,82.0,3.0,0.62
matirani papir 135 g,200 dot,343,52.0,0.0,52.0,100.0,9.0,78.0,-2.0,9.0,75.0,-2.0,0.55
matirani papir 135 g,200 dot,344,52.0,52.0,52.0,100.0,9.0,89.0,0.0,10.0,25.0,0.0,0.27
matirani papir 135 g,200 dot,345,52.0,100.0,52.0,100.0,8.0,75.0,2.0,8.0,80.0,2.0,0.72
matirani papir 135 g,200 dot,346,100.0,0.0,52.0,100.0,8.0,88.0,-2.0,7.0,95.0,-2.0,0.67
matirani papir 135 g,200 dot,347,100.0,52.0,52.0,100.0,10.0,7.0,-1.0,8.0,7.0,-1.0,1.42
matirani papir 135 g,200 dot,348,100.0,100.0,52.0,100.0,10.0,92.0,0.0,8.0,0.0,0.0,1.92
matirani papir 135 g,200 dot,349,0.0,0.0,100.0,100.0,9.0,96.0,-3.0,9.0,75.0,-3.0,0.41
matirani papir 135 g,200 dot,350,0.0,52.0,100.0,100.0,9.0,70.0,0.0,9.0,20.0,0.0,0.63
matirani papir 135 g,200 dot,351,0.0,100.0,100.0,100.0,9.0,93.0,2.0,9.0,12.0,2.0,0.74
matirani papir 135 g,200 dot,352,52.0,0.0,100.0,100.0,10.0,51.0,-3.0,10.0,42.0,-3.0,0.23
matirani papir 135 g,200 dot,353,52.0,52.0,100.0,100.0,10.0,27.0,-0.0,11.0,75.0,-0.0,0.94
matirani papir 135 g,200 dot,354,52.0,100.0,100.0,100.0,10.0,15.0,1.0,10.0,7.0,1.0,0.09
matirani papir 135 g,200 dot,355,100.0,0.0,100.0,100.0,10.0,7.0,-4.0,10.0,1.0,-4.0,0.06
matirani papir 135 g,200 dot,356,100.0,52.0,100.0,100.0,9.0,77.0,-1.0,10.0,6.0,-1.0,0.61
matirani papir 135 g,200 dot,357,100.0,100.0,100.0,100.0,10.0,38.0,-0.0,12.0,24.0,-0.0,1.23
matirani papir 135 g,200 dot,358,5.0,0.0,0.0,0.0,93.0,98.0,-0.0,93.0,75.0,-0.0,0.22
matirani papir 135 g,200 dot,359,28.0,0.0,0.0,0.0,84.0,93.0,-9.0,84.0,8.0,-10.0,0.75
matirani papir 135 g,200 dot,360,95.0,0.0,0.0,0.0,55.0,18.0,-36.0,53.0,91.0,-37.0,1.25
matirani papir 135 g,200 dot,361,0.0,4.0,0.0,0.0,94.0,70.0,0.0,94.0,54.0,0.0,0.1
matirani papir 135 g,200 dot,362,0.0,11.0,0.0,0.0,92.0,54.0,2.0,92.0,33.0,2.0,0.23
matirani papir 135 g,200 dot,363,0.0,93.0,0.0,0.0,49.0,21.0,60.0,47.0,89.0,62.0,1.44
matirani papir 135 g,200 dot,364,0.0,0.0,4.0,0.0,94.0,89.0,0.0,94.0,86.0,0.0,0.14
matirani papir 135 g,200 dot,365,0.0,0.0,11.0,0.0,94.0,37.0,-0.0,94.0,0.0,-0.0,0.36
matirani papir 135 g,200 dot,366,0.0,0.0,93.0,0.0,88.0,12.0,-3.0,88.0,5.0,-3.0,0.41
matirani papir 135 g,200 dot,367,0.0,0.0,0.0,4.0,89.0,95.0,0.0,89.0,68.0,0.0,0.32
matirani papir 135 g,200 dot,368,0.0,0.0,0.0,13.0,82.0,20.0,0.0,82.0,18.0,0.0,0.27
matirani papir 135 g,200 dot,369,0.0,0.0,0.0,95.0,13.0,28.0,-0.0,13.0,55.0,-0.0,0.31
matirani papir 135 g,200 dot,370,9.0,7.0,7.0,0.0,87.0,8.0,-0.0,86.0,87.0,-0.0,0.2
matirani papir 135 g,200 dot,371,19.0,15.0,15.0,0.0,75.0,37.0,-0.0,76.0,14.0,-0.0,0.77
matirani papir 135 g,200 dot,372,29.0,23.0,23.0,0.0,66.0,88.0,-0.0,66.0,57.0,-0.0,0.28
matirani papir 135 g,200 dot,373,39.0,31.0,31.0,0.0,57.0,35.0,-0.0,56.0,10.0,-0.0,1.21
matirani papir 135 g,200 dot,374,49.0,39.0,39.0,4.0,45.0,98.0,-0.0,43.0,42.0,-0.0,2.44
matirani papir 135 g,200 dot,375,59.0,47.0,47.0,16.0,36.0,17.0,-1.0,32.0,44.0,-1.0,3.08
matirani papir 135 g,200 dot,376,69.0,55.0,55.0,31.0,26.0,70.0,-2.0,23.0,37.0,-1.0,2.48
matirani papir 135 g,200 dot,377,79.0,63.0,63.0,48.0,18.0,4.0,-2.0,15.0,6.0,-2.0,2.0
matirani papir 135 g,200 dot,378,89.0,71.0,71.0,72.0,11.0,98.0,-1.0,9.0,30.0,-1.0,1.78
matirani papir 135 g,200 dot,379,99.0,79.0,79.0,100.0,13.0,30.0,-0.0,12.0,35.0,-0.0,0.64
matirani papir 135 g,200 dot,380,9.0,7.0,7.0,0.0,88.0,7.0,-0.0,87.0,99.0,-0.0,0.21
matirani papir 135 g,200 dot,381,18.0,14.0,14.0,0.0,77.0,99.0,-0.0,78.0,22.0,-0.0,0.3
matirani papir 135 g,200 dot,382,27.0,21.0,21.0,0.0,70.0,0.0,-0.0,68.0,59.0,-0.0,1.1
matirani papir 135 g,200 dot,383,36.0,29.0,29.0,0.0,59.0,44.0,-0.0,60.0,30.0,-0.0,0.78
matirani papir 135 g,200 dot,384,45.0,36.0,36.0,0.0,50.0,92.0,-0.0,51.0,19.0,-0.0,0.47
matirani papir 135 g,200 dot,385,54.0,43.0,43.0,0.0,43.0,52.0,-1.0,43.0,90.0,-1.0,0.42
matirani papir 135 g,200 dot,386,63.0,50.0,50.0,0.0,36.0,94.0,-1.0,36.0,58.0,-1.0,0.35
matirani papir 135 g,200 dot,387,72.0,58.0,58.0,0.0,31.0,43.0,-2.0,31.0,14.0,-2.0,0.42
matirani papir 135 g,200 dot,388,81.0,65.0,65.0,2.0,26.0,93.0,-4.0,23.0,94.0,-4.0,2.23
matirani papir 135 g,200 dot,389,90.0,72.0,72.0,49.0,16.0,21.0,-3.0,14.0,14.0,-3.0,1.45
matirani papir 135 g,200 dot,390,24.0,19.0,19.0,11.0,63.0,64.0,-0.0,62.0,26.0,-0.0,1.18
matirani papir 135 g,200 dot,391,49.0,39.0,39.0,30.0,34.0,1.0,-1.0,32.0,81.0,-0.0,0.99
matirani papir 135 g,200 dot,392,74.0,59.0,59.0,59.0,18.0,39.0,-2.0,16.0,59.0,-2.0,1.23
matirani papir 135 g,200 dot,393,28.0,0.0,0.0,0.0,84.0,86.0,-9.0,84.0,67.0,-9.0,0.34
matirani papir 135 g,200 dot,394,64.0,0.0,0.0,0.0,66.0,52.0,-26.0,66.0,25.0,-26.0,0.25
matirani papir 135 g,200 dot,395,0.0,21.0,0.0,0.0,88.0,61.0,7.0,88.0,37.0,7.0,0.22
matirani papir 135 g,200 dot,396,0.0,52.0,0.0,0.0,72.0,43.0,25.0,71.0,91.0,25.0,0.41
matirani papir 135 g,200 dot,397,0.0,0.0,21.0,0.0,93.0,55.0,-1.0,93.0,16.0,-1.0,0.74
matirani papir 135 g,200 dot,398,0.0,0.0,52.0,0.0,90.0,53.0,-3.0,90.0,46.0,-3.0,1.17
matirani papir 135 g,200 dot,399,0.0,0.0,0.0,25.0,69.0,93.0,-0.0,69.0,95.0,-0.0,0.3
matirani papir 135 g,200 dot,400,0.0,0.0,0.0,60.0,38.0,41.0,-0.0,39.0,77.0,-0.0,1.22
matirani papir 135 g,200 line,1,0.0,0.0,0.0,0.0,94.0,88.0,0.0,95.0,2.0,0.0,0.25
matirani papir 135 g,200 line,2,0.0,21.0,0.0,0.0,86.0,34.0,9.0,88.0,30.0,7.0,2.69
matirani papir 135 g,200 line,3,0.0,52.0,0.0,0.0,70.0,79.0,25.0,70.0,40.0,24.0,0.49
matirani papir 135 g,200 line,4,0.0,81.0,0.0,0.0,57.0,8.0,45.0,58.0,29.0,42.0,1.91
matirani papir 135 g,200 line,5,0.0,100.0,0.0,0.0,48.0,51.0,60.0,47.0,59.0,61.0,1.05
matirani papir 135 g,200 line,6,16.0,0.0,0.0,0.0,89.0,18.0,-3.0,88.0,40.0,-4.0,1.5
matirani papir 135 g,200 line,7,16.0,21.0,0.0,0.0,80.0,77.0,5.0,81.0,97.0,2.0,3.49
matirani papir 135 g,200 line,8,16.0,52.0,0.0,0.0,65.0,7.0,21.0,64.0,49.0,20.0,0.93
matirani papir 135 g,200 line,9,16.0,81.0,0.0,0.0,52.0,12.0,38.0,51.0,73.0,36.0,0.69
matirani papir 135 g,200 line,10,16.0,100.0,0.0,0.0,43.0,94.0,53.0,42.0,37.0,55.0,1.53
matirani papir 135 g,200 line,11,39.0,0.0,0.0,0.0,79.0,7.0,-12.0,77.0,63.0,-14.0,1.99
matirani papir 135 g,200 line,12,39.0,21.0,0.0,0.0,70.0,90.0,-3.0,70.0,80.0,-7.0,3.28
matirani papir 135 g,200 line,13,39.0,52.0,0.0,0.0,57.0,10.0,11.0,56.0,58.0,8.0,3.23
matirani papir 135 g,200 line,14,39.0,81.0,0.0,0.0,44.0,3.0,28.0,45.0,47.0,22.0,3.46
matirani papir 135 g,200 line,15,39.0,100.0,0.0,0.0,38.0,68.0,41.0,37.0,58.0,39.0,1.52
matirani papir 135 g,200 line,16,64.0,0.0,0.0,0.0,69.0,7.0,-21.0,70.0,9.0,-20.0,0.93
matirani papir 135 g,200 line,17,64.0,21.0,0.0,0.0,62.0,71.0,-13.0,63.0,51.0,-14.0,1.27
matirani papir 135 g,200 line,18,64.0,52.0,0.0,0.0,50.0,61.0,0.0,51.0,7.0,-0.0,1.14
matirani papir 135 g,200 line,19,64.0,81.0,0.0,0.0,39.0,6.0,16.0,41.0,36.0,13.0,3.17
matirani papir 135 g,200 line,20,64.0,100.0,0.0,0.0,33.0,42.0,26.0,32.0,80.0,28.0,1.01
matirani papir 135 g,200 line,21,85.0,0.0,0.0,0.0,61.0,4.0,-30.0,61.0,70.0,-29.0,0.75
matirani papir 135 g,200 line,22,85.0,21.0,0.0,0.0,54.0,43.0,-23.0,56.0,4.0,-23.0,1.55
matirani papir 135 g,200 line,23,85.0,52.0,0.0,0.0,43.0,27.0,-9.0,43.0,37.0,-9.0,0.11
matirani papir 135 g,200 line,24,85.0,81.0,0.0,0.0,33.0,27.0,4.0,34.0,11.0,2.0,2.21
matirani papir 135 g,200 line,25,85.0,100.0,0.0,0.0,27.0,42.0,14.0,26.0,88.0,15.0,0.79
matirani papir 135 g,200 line,26,100.0,0.0,0.0,0.0,55.0,24.0,-36.0,54.0,61.0,-37.0,0.75
matirani papir 135 g,200 line,27,100.0,21.0,0.0,0.0,48.0,25.0,-32.0,47.0,99.0,-33.0,0.58
matirani papir 135 g,200 line,28,100.0,52.0,0.0,0.0,38.0,20.0,-16.0,38.0,2.0,-18.0,0.96
matirani papir 135 g,200 line,29,100.0,81.0,0.0,0.0,29.0,66.0,-1.0,29.0,84.0,-5.0,2.88
matirani papir 135 g,200 line,30,100.0,100.0,0.0,0.0,25.0,10.0,7.0,24.0,16.0,6.0,1.72
matirani papir 135 g,200 line,31,0.0,0.0,21.0,0.0,92.0,43.0,-2.0,92.0,32.0,-2.0,0.94
matirani papir 135 g,200 line,32,0.0,21.0,21.0,0.0,82.0,87.0,8.0,83.0,77.0,6.0,3.57
matirani papir 135 g,200 line,33,0.0,52.0,21.0,0.0,68.0,50.0,27.0,69.0,21.0,25.0,2.88
matirani papir 135 g,200 line,34,0.0,81.0,21.0,0.0,54.0,87.0,46.0,56.0,17.0,43.0,1.95
matirani papir 135 g,200 line,35,0.0,100.0,21.0,0.0,46.0,23.0,62.0,46.0,4.0,63.0,1.18
matirani papir 135 g,200 line,36,16.0,0.0,21.0,0.0,86.0,54.0,-6.0,85.0,75.0,-7.0,1.19
matirani papir 135 g,200 line,37,16.0,21.0,21.0,0.0,72.0,46.0,3.0,72.0,28.0,2.0,1.61
matirani papir 135 g,200 line,38,16.0,52.0,21.0,0.0,58.0,58.0,19.0,58.0,36.0,19.0,0.51
matirani papir 135 g,200 line,39,16.0,81.0,21.0,0.0,47.0,21.0,38.0,48.0,68.0,36.0,2.61
matirani papir 135 g,200 line,40,16.0,100.0,21.0,0.0,41.0,19.0,51.0,40.0,67.0,51.0,1.18
matirani papir 135 g,200 line,41,39.0,0.0,21.0,0.0,75.0,78.0,-15.0,74.0,49.0,-17.0,1.42
matirani papir 135 g,200 line,42,39.0,21.0,21.0,0.0,63.0,14.0,-5.0,63.0,34.0,-5.0,1.13
matirani papir 135 g,200 line,43,39.0,52.0,21.0,0.0,52.0,26.0,11.0,51.0,48.0,11.0,1.12
matirani papir 135 g,200 line,44,39.0,81.0,21.0,0.0,40.0,51.0,29.0,42.0,37.0,25.0,2.37
matirani papir 135 g,200 line,45,39.0,100.0,21.0,0.0,35.0,78.0,39.0,35.0,56.0,38.0,0.79
matirani papir 135 g,200 line,46,64.0,0.0,21.0,0.0,67.0,33.0,-25.0,67.0,37.0,-24.0,0.84
matirani papir 135 g,200 line,47,64.0,21.0,21.0,0.0,56.0,93.0,-15.0,54.0,65.0,-16.0,2.25
matirani papir 135 g,200 line,48,64.0,52.0,21.0,0.0,42.0,95.0,0.0,42.0,54.0,-0.0,1.77
matirani papir 135 g,200 line,49,64.0,81.0,21.0,0.0,33.0,12.0,15.0,34.0,69.0,12.0,3.06
matirani papir 135 g,200 line,50,64.0,100.0,21.0,0.0,28.0,66.0,26.0,27.0,74.0,25.0,0.9
matirani papir 135 g,200 line,51,85.0,0.0,21.0,0.0,57.0,89.0,-37.0,57.0,23.0,-37.0,1.41
matirani papir 135 g,200 line,52,85.0,21.0,21.0,0.0,47.0,10.0,-26.0,47.0,79.0,-25.0,0.88
matirani papir 135 g,200 line,53,85.0,52.0,21.0,0.0,35.0,38.0,-9.0,35.0,99.0,-9.0,0.73
matirani papir 135 g,200 line,54,85.0,81.0,21.0,0.0,27.0,36.0,3.0,28.0,67.0,1.0,2.28
matirani papir 135 g,200 line,55,85.0,100.0,21.0,0.0,23.0,61.0,12.0,24.0,50.0,11.0,1.05
matirani papir 135 g,200 line,56,100.0,0.0,21.0,0.0,51.0,73.0,-44.0,50.0,90.0,-46.0,1.56
matirani papir 135 g,200 line,57,100.0,21.0,21.0,0.0,45.0,5.0,-34.0,43.0,50.0,-36.0,1.71
matirani papir 135 g,200 line,58,100.0,52.0,21.0,0.0,33.0,74.0,-16.0,33.0,89.0,-17.0,0.58
matirani papir 135 g,200 line,59,100.0,81.0,21.0,0.0,26.0,30.0,-2.0,26.0,79.0,-6.0,3.26
matirani papir 135 g,200 line,60,100.0,100.0,21.0,0.0,23.0,26.0,4.0,22.0,30.0,2.0,2.41
matirani papir 135 g,200 line,61,0.0,0.0,52.0,0.0,89.0,58.0,-2.0,89.0,72.0,-2.0,0.25
matirani papir 135 g,200 line,62,0.0,21.0,52.0,0.0,80.0,48.0,8.0,81.0,71.0,7.0,1.35
matirani papir 135 g,200 line,63,0.0,52.0,52.0,0.0,65.0,43.0,28.0,67.0,57.0,24.0,2.51
matirani papir 135 g,200 line,64,0.0,81.0,52.0,0.0,54.0,79.0,46.0,54.0,91.0,46.0,0.53
matirani papir 135 g,200 line,65,0.0,100.0,52.0,0.0,45.0,12.0,62.0,44.0,60.0,63.0,0.52
matirani papir 135 g,200 line,66,16.0,0.0,52.0,0.0,81.0,57.0,-7.0,82.0,13.0,-7.0,0.56
matirani papir 135 g,200 line,67,16.0,21.0,52.0,0.0,70.0,17.0,2.0,70.0,27.0,1.0,1.23
matirani papir 135 g,200 line,68,16.0,52.0,52.0,0.0,58.0,37.0,19.0,58.0,21.0,18.0,0.69
matirani papir 135 g,200 line,69,16.0,81.0,52.0,0.0,47.0,13.0,37.0,48.0,33.0,34.0,1.81
matirani papir 135 g,200 line,70,16.0,100.0,52.0,0.0,40.0,22.0,51.0,40.0,66.0,51.0,0.47
matirani papir 135 g,200 line,71,39.0,0.0,52.0,0.0,72.0,89.0,-16.0,71.0,24.0,-18.0,2.52
matirani papir 135 g,200 line,72,39.0,21.0,52.0,0.0,61.0,71.0,-5.0,61.0,46.0,-6.0,1.45
matirani papir 135 g,200 line,73,39.0,52.0,52.0,0.0,49.0,54.0,10.0,48.0,97.0,10.0,2.34
matirani papir 135 g,200 line,74,39.0,81.0,52.0,0.0,39.0,91.0,26.0,40.0,62.0,23.0,2.84
matirani papir 135 g,200 line,75,39.0,100.0,52.0,0.0,35.0,16.0,35.0,35.0,61.0,34.0,1.0
matirani papir 135 g,200 line,76,64.0,0.0,52.0,0.0,62.0,83.0,-29.0,63.0,20.0,-28.0,0.88
matirani papir 135 g,200 line,77,64.0,21.0,52.0,0.0,52.0,61.0,-18.0,52.0,54.0,-18.0,1.05
matirani papir 135 g,200 line,78,64.0,52.0,52.0,0.0,37.0,13.0,-1.0,39.0,95.0,-1.0,2.46
matirani papir 135 g,200 line,79,64.0,81.0,52.0,0.0,28.0,74.0,13.0,30.0,76.0,12.0,1.83
matirani papir 135 g,200 line,80,64.0,100.0,52.0,0.0,24.0,59.0,21.0,26.0,27.0,20.0,1.46
matirani papir 135 g,200 line,81,85.0,0.0,52.0,0.0,54.0,61.0,-43.0,53.0,80.0,-43.0,1.83
matirani papir 135 g,200 line,82,85.0,21.0,52.0,0.0,46.0,3.0,-31.0,45.0,15.0,-30.0,0.97
matirani papir 135 g,200 line,83,85.0,52.0,52.0,0.0,31.0,23.0,-12.0,33.0,2.0,-13.0,1.65
matirani papir 135 g,200 line,84,85.0,81.0,52.0,0.0,22.0,66.0,2.0,22.0,89.0,0.0,1.91
matirani papir 135 g,200 line,85,85.0,100.0,52.0,0.0,20.0,86.0,9.0,22.0,33.0,7.0,2.81
matirani papir 135 g,200 line,86,100.0,0.0,52.0,0.0,49.0,66.0,-51.0,47.0,98.0,-52.0,1.94
matirani papir 135 g,200 line,87,100.0,21.0,52.0,0.0,43.0,25.0,-40.0,42.0,5.0,-41.0,1.17
matirani papir 135 g,200 line,88,100.0,52.0,52.0,0.0,32.0,21.0,-20.0,32.0,19.0,-21.0,1.25
matirani papir 135 g,200 line,89,100.0,81.0,52.0,0.0,21.0,38.0,-2.0,22.0,11.0,-3.0,0.97
matirani papir 135 g,200 line,90,100.0,100.0,52.0,0.0,17.0,94.0,3.0,20.0,38.0,1.0,3.5
matirani papir 135 g,200 line,91,0.0,0.0,81.0,0.0,87.0,35.0,-2.0,88.0,21.0,-2.0,1.97
matirani papir 135 g,200 line,92,0.0,21.0,81.0,0.0,77.0,99.0,8.0,78.0,48.0,9.0,2.18
matirani papir 135 g,200 line,93,0.0,52.0,81.0,0.0,63.0,80.0,29.0,65.0,4.0,27.0,1.86
matirani papir 135 g,200 line,94,0.0,81.0,81.0,0.0,51.0,69.0,47.0,51.0,56.0,48.0,3.25
matirani papir 135 g,200 line,95,0.0,100.0,81.0,0.0,43.0,70.0,62.0,43.0,71.0,63.0,2.56
matirani papir 135 g,200 line,96,16.0,0.0,81.0,0.0,80.0,6.0,-8.0,80.0,66.0,-8.0,2.72
matirani papir 135 g,200 line,97,16.0,21.0,81.0,0.0,68.0,20.0,3.0,69.0,11.0,2.0,2.03
matirani papir 135 g,200 line,98,16.0,52.0,81.0,0.0,54.0,81.0,22.0,56.0,67.0,19.0,2.3
matirani papir 135 g,200 line,99,16.0,81.0,81.0,0.0,47.0,15.0,38.0,48.0,50.0,36.0,1.6
matirani papir 135 g,200 line,100,16.0,100.0,81.0,0.0,40.0,98.0,50.0,41.0,6.0,51.0,1.93
matirani papir 135 g,200 line,101,39.0,0.0,81.0,0.0,70.0,65.0,-17.0,69.0,12.0,-18.0,4.65
matirani papir 135 g,200 line,102,39.0,21.0,81.0,0.0,59.0,54.0,-5.0,59.0,42.0,-6.0,1.97
matirani papir 135 g,200 line,103,39.0,52.0,81.0,0.0,47.0,37.0,10.0,46.0,89.0,10.0,2.01
matirani papir 135 g,200 line,104,39.0,81.0,81.0,0.0,36.0,82.0,27.0,38.0,44.0,24.0,2.13
matirani papir 135 g,200 line,105,39.0,100.0,81.0,0.0,32.0,95.0,37.0,32.0,93.0,38.0,1.22
matirani papir 135 g,200 line,106,64.0,0.0,81.0,0.0,60.0,16.0,-33.0,60.0,64.0,-32.0,2.65
matirani papir 135 g,200 line,107,64.0,21.0,81.0,0.0,50.0,38.0,-21.0,49.0,14.0,-21.0,3.52
matirani papir 135 g,200 line,108,64.0,52.0,81.0,0.0,34.0,73.0,-2.0,36.0,13.0,-3.0,1.38
matirani papir 135 g,200 line,109,64.0,81.0,81.0,0.0,26.0,24.0,13.0,29.0,80.0,11.0,3.23
matirani papir 135 g,200 line,110,64.0,100.0,81.0,0.0,22.0,97.0,21.0,25.0,69.0,20.0,2.52
matirani papir 135 g,200 line,111,85.0,0.0,81.0,0.0,52.0,48.0,-48.0,51.0,98.0,-49.0,3.5
matirani papir 135 g,200 line,112,85.0,21.0,81.0,0.0,43.0,73.0,-36.0,43.0,57.0,-36.0,2.59
matirani papir 135 g,200 line,113,85.0,52.0,81.0,0.0,32.0,30.0,-14.0,32.0,99.0,-15.0,0.63
matirani papir 135 g,200 line,114,85.0,81.0,81.0,0.0,23.0,50.0,1.0,24.0,48.0,0.0,1.42
matirani papir 135 g,200 line,115,85.0,100.0,81.0,0.0,19.0,97.0,8.0,20.0,55.0,7.0,1.29
matirani papir 135 g,200 line,116,100.0,0.0,81.0,0.0,47.0,27.0,-56.0,46.0,44.0,-56.0,3.86
matirani papir 135 g,200 line,117,100.0,21.0,81.0,0.0,41.0,30.0,-45.0,41.0,10.0,-45.0,3.07
matirani papir 135 g,200 line,118,100.0,52.0,81.0,0.0,28.0,89.0,-23.0,30.0,0.0,-24.0,1.57
matirani papir 135 g,200 line,119,100.0,81.0,81.0,0.0,18.0,30.0,-5.0,20.0,24.0,-6.0,1.96
matirani papir 135 g,200 line,120,100.0,100.0,81.0,0.0,14.0,84.0,0.0,16.0,18.0,0.0,1.54
matirani papir 135 g,200 line,121,0.0,0.0,100.0,0.0,86.0,20.0,-2.0,86.0,37.0,-2.0,0.86
matirani papir 135 g,200 line,122,0.0,21.0,100.0,0.0,76.0,77.0,9.0,76.0,24.0,10.0,1.32
matirani papir 135 g,200 line,123,0.0,52.0,100.0,0.0,62.0,0.0,31.0,63.0,79.0,28.0,2.08
matirani papir 135 g,200 line,124,0.0,81.0,100.0,0.0,50.0,20.0,51.0,50.0,86.0,50.0,0.73
matirani papir 135 g,200 line,125,0.0,100.0,100.0,0.0,42.0,88.0,63.0,43.0,12.0,63.0,0.61
matirani papir 135 g,200 line,126,16.0,0.0,100.0,0.0,78.0,53.0,-7.0,79.0,14.0,-8.0,1.02
matirani papir 135 g,200 line,127,16.0,21.0,100.0,0.0,67.0,91.0,2.0,68.0,1.0,2.0,0.36
matirani papir 135 g,200 line,128,16.0,52.0,100.0,0.0,55.0,88.0,20.0,56.0,89.0,17.0,1.66
matirani papir 135 g,200 line,129,16.0,81.0,100.0,0.0,46.0,65.0,37.0,47.0,46.0,35.0,1.27
matirani papir 135 g,200 line,130,16.0,100.0,100.0,0.0,41.0,9.0,50.0,41.0,2.0,51.0,1.04
matirani papir 135 g,200 line,131,39.0,0.0,100.0,0.0,69.0,89.0,-17.0,68.0,76.0,-18.0,2.48
matirani papir 135 g,200 line,132,39.0,21.0,100.0,0.0,58.0,26.0,-6.0,58.0,92.0,-7.0,1.72
matirani papir 135 g,200 line,133,39.0,52.0,100.0,0.0,45.0,70.0,9.0,46.0,81.0,9.0,1.84
matirani papir 135 g,200 line,134,39.0,81.0,100.0,0.0,36.0,37.0,26.0,38.0,34.0,23.0,2.26
matirani papir 135 g,200 line,135,39.0,100.0,100.0,0.0,32.0,97.0,36.0,31.0,79.0,37.0,2.24
matirani papir 135 g,200 line,136,64.0,0.0,100.0,0.0,57.0,67.0,-34.0,58.0,5.0,-33.0,1.01
matirani papir 135 g,200 line,137,64.0,21.0,100.0,0.0,48.0,52.0,-22.0,48.0,10.0,-23.0,1.38
matirani papir 135 g,200 line,138,64.0,52.0,100.0,0.0,35.0,18.0,-3.0,37.0,39.0,-4.0,2.07
matirani papir 135 g,200 line,139,64.0,81.0,100.0,0.0,26.0,24.0,11.0,28.0,99.0,11.0,2.24
matirani papir 135 g,200 line,140,64.0,100.0,100.0,0.0,22.0,82.0,20.0,25.0,4.0,19.0,1.94
matirani papir 135 g,200 line,141,85.0,0.0,100.0,0.0,52.0,7.0,-46.0,50.0,22.0,-50.0,2.74
matirani papir 135 g,200 line,142,85.0,21.0,100.0,0.0,44.0,78.0,-35.0,43.0,99.0,-35.0,1.78
matirani papir 135 g,200 line,143,85.0,52.0,100.0,0.0,33.0,44.0,-15.0,32.0,75.0,-15.0,1.5
matirani papir 135 g,200 line,144,85.0,81.0,100.0,0.0,23.0,61.0,0.0,23.0,94.0,-0.0,1.54
matirani papir 135 g,200 line,145,85.0,100.0,100.0,0.0,19.0,63.0,5.0,20.0,19.0,5.0,0.9
matirani papir 135 g,200 line,146,100.0,0.0,100.0,0.0,45.0,20.0,-59.0,44.0,34.0,-60.0,1.84
matirani papir 135 g,200 line,147,100.0,21.0,100.0,0.0,39.0,63.0,-50.0,39.0,8.0,-50.0,2.25
matirani papir 135 g,200 line,148,100.0,52.0,100.0,0.0,28.0,29.0,-27.0,29.0,35.0,-26.0,1.52
matirani papir 135 g,200 line,149,100.0,81.0,100.0,0.0,18.0,33.0,-6.0,19.0,17.0,-7.0,1.65
matirani papir 135 g,200 line,150,100.0,100.0,100.0,0.0,14.0,80.0,-0.0,16.0,60.0,-0.0,1.31
matirani papir 135 g,200 line,151,0.0,0.0,0.0,25.0,72.0,81.0,-0.0,72.0,3.0,-0.0,0.61
matirani papir 135 g,200 line,152,0.0,31.0,0.0,25.0,62.0,95.0,11.0,62.0,2.0,11.0,1.07
matirani papir 135 g,200 line,153,0.0,72.0,0.0,25.0,45.0,65.0,32.0,46.0,78.0,29.0,1.83
matirani papir 135 g,200 line,154,0.0,100.0,0.0,25.0,35.0,99.0,49.0,35.0,34.0,49.0,0.66
matirani papir 135 g,200 line,155,21.0,0.0,0.0,25.0,69.0,73.0,-6.0,67.0,36.0,-7.0,2.75
matirani papir 135 g,200 line,156,21.0,31.0,0.0,25.0,59.0,21.0,6.0,57.0,96.0,4.0,2.47
matirani papir 135 g,200 line,157,21.0,72.0,0.0,25.0,43.0,9.0,25.0,43.0,97.0,22.0,2.01
matirani papir 135 g,200 line,158,21.0,100.0,0.0,25.0,34.0,86.0,41.0,32.0,16.0,40.0,2.2
matirani papir 135 g,200 line,159,52.0,0.0,0.0,25.0,60.0,28.0,-13.0,59.0,55.0,-14.0,1.04
matirani papir 135 g,200 line,160,52.0,31.0,0.0,25.0,50.0,14.0,-2.0,48.0,94.0,-3.0,1.5
matirani papir 135 g,200 line,161,52.0,72.0,0.0,25.0,34.0,10.0,14.0,36.0,9.0,11.0,2.96
matirani papir 135 g,200 line,162,52.0,100.0,0.0,25.0,27.0,14.0,28.0,26.0,23.0,28.0,0.76
matirani papir 135 g,200 line,163,81.0,0.0,0.0,25.0,47.0,92.0,-25.0,48.0,0.0,-24.0,0.94
matirani papir 135 g,200 line,164,81.0,31.0,0.0,25.0,39.0,23.0,-13.0,39.0,24.0,-11.0,0.89
matirani papir 135 g,200 line,165,81.0,72.0,0.0,25.0,27.0,61.0,2.0,28.0,67.0,0.0,2.15
matirani papir 135 g,200 line,166,81.0,100.0,0.0,25.0,22.0,28.0,14.0,21.0,14.0,14.0,0.88
matirani papir 135 g,200 line,167,100.0,0.0,0.0,25.0,43.0,11.0,-34.0,42.0,34.0,-36.0,0.87
matirani papir 135 g,200 line,168,100.0,31.0,0.0,25.0,34.0,22.0,-20.0,35.0,5.0,-21.0,0.97
matirani papir 135 g,200 line,169,100.0,72.0,0.0,25.0,25.0,26.0,-4.0,25.0,24.0,-6.0,1.94
matirani papir 135 g,200 line,170,100.0,100.0,0.0,25.0,20.0,65.0,5.0,19.0,40.0,5.0,1.02
matirani papir 135 g,200 line,171,0.0,0.0,31.0,25.0,72.0,50.0,-1.0,71.0,17.0,-2.0,1.63
matirani papir 135 g,200 line,172,0.0,31.0,31.0,25.0,62.0,48.0,10.0,59.0,66.0,10.0,3.1
matirani papir 135 g,200 line,173,0.0,72.0,31.0,25.0,45.0,48.0,31.0,45.0,37.0,29.0,1.39
matirani papir 135 g,200 line,174,0.0,100.0,31.0,25.0,36.0,59.0,47.0,35.0,29.0,47.0,1.17
matirani papir 135 g,200 line,175,21.0,0.0,31.0,25.0,65.0,31.0,-7.0,64.0,38.0,-7.0,1.48
matirani papir 135 g,200 line,176,21.0,31.0,31.0,25.0,52.0,82.0,4.0,54.0,17.0,3.0,1.89
matirani papir 135 g,200 line,177,21.0,72.0,31.0,25.0,38.0,52.0,25.0,40.0,35.0,22.0,2.78
matirani papir 135 g,200 line,178,21.0,100.0,31.0,25.0,31.0,57.0,37.0,31.0,19.0,38.0,0.47
matirani papir 135 g,200 line,179,52.0,0.0,31.0,25.0,55.0,12.0,-17.0,55.0,27.0,-17.0,0.41
matirani papir 135 g,200 line,180,52.0,31.0,31.0,25.0,44.0,98.0,-5.0,46.0,15.0,-7.0,2.0
matirani papir 135 g,200 line,181,52.0,72.0,31.0,25.0,30.0,8.0,12.0,32.0,24.0,11.0,1.93
matirani papir 135 g,200 line,182,52.0,100.0,31.0,25.0,24.0,30.0,24.0,24.0,2.0,23.0,0.5
matirani papir 135 g,200 line,183,81.0,0.0,31.0,25.0,46.0,79.0,-27.0,44.0,83.0,-29.0,2.52
matirani papir 135 g,200 line,184,81.0,31.0,31.0,25.0,36.0,78.0,-15.0,37.0,65.0,-16.0,0.95
matirani papir 135 g,200 line,185,81.0,72.0,31.0,25.0,24.0,81.0,1.0,25.0,93.0,0.0,1.69
matirani papir 135 g,200 line,186,81.0,100.0,31.0,25.0,20.0,61.0,11.0,20.0,29.0,10.0,0.4
matirani papir 135 g,200 line,187,100.0,0.0,31.0,25.0,42.0,0.0,-39.0,40.0,5.0,-40.0,1.89
matirani papir 135 g,200 line,188,100.0,31.0,31.0,25.0,32.0,74.0,-23.0,31.0,65.0,-25.0,1.63
matirani papir 135 g,200 line,189,100.0,72.0,31.0,25.0,20.0,57.0,-4.0,21.0,20.0,-5.0,1.07
matirani papir 135 g,200 line,190,100.0,100.0,31.0,25.0,15.0,96.0,3.0,16.0,88.0,1.0,2.29
matirani papir 135 g,200 line,191,0.0,0.0,72.0,25.0,67.0,16.0,-2.0,66.0,99.0,-3.0,2.24
matirani papir 135 g,200 line,192,0.0,31.0,72.0,25.0,56.0,31.0,10.0,54.0,61.0,11.0,2.97
matirani papir 135 g,200 line,193,0.0,72.0,72.0,25.0,42.0,79.0,31.0,42.0,79.0,29.0,1.95
matirani papir 135 g,200 line,194,0.0,100.0,72.0,25.0,34.0,59.0,47.0,34.0,19.0,47.0,1.64
matirani papir 135 g,200 line,195,21.0,0.0,72.0,25.0,59.0,48.0,-7.0,59.0,93.0,-8.0,2.09
matirani papir 135 g,200 line,196,21.0,31.0,72.0,25.0,48.0,17.0,4.0,49.0,45.0,4.0,1.42
matirani papir 135 g,200 line,197,21.0,72.0,72.0,25.0,37.0,44.0,23.0,38.0,7.0,22.0,0.75
matirani papir 135 g,200 line,198,21.0,100.0,72.0,25.0,31.0,7.0,37.0,29.0,48.0,38.0,1.64
matirani papir 135 g,200 line,199,52.0,0.0,72.0,25.0,52.0,33.0,-19.0,50.0,96.0,-19.0,3.04
matirani papir 135 g,200 line,200,52.0,31.0,72.0,25.0,40.0,22.0,-6.0,41.0,9.0,-7.0,1.79
matirani papir 135 g,200 line,201,52.0,72.0,72.0,25.0,28.0,1.0,10.0,29.0,26.0,10.0,1.06
matirani papir 135 g,200 line,202,52.0,100.0,72.0,25.0,21.0,76.0,21.0,23.0,42.0,21.0,1.27
matirani papir 135 g,200 line,203,81.0,0.0,72.0,25.0,42.0,64.0,-34.0,42.0,48.0,-34.0,2.86
matirani papir 135 g,200 line,204,81.0,31.0,72.0,25.0,32.0,65.0,-20.0,33.0,99.0,-20.0,1.57
matirani papir 135 g,200 line,205,81.0,72.0,72.0,25.0,19.0,89.0,-0.0,22.0,53.0,-1.0,1.95
matirani papir 135 g,200 line,206,81.0,100.0,72.0,25.0,15.0,55.0,7.0,16.0,77.0,6.0,0.91
matirani papir 135 g,200 line,207,100.0,0.0,72.0,25.0,37.0,23.0,-49.0,37.0,12.0,-48.0,2.95
matirani papir 135 g,200 line,208,100.0,31.0,72.0,25.0,28.0,64.0,-30.0,29.0,37.0,-32.0,1.33
matirani papir 135 g,200 line,209,100.0,72.0,72.0,25.0,16.0,29.0,-6.0,17.0,81.0,-8.0,1.82
matirani papir 135 g,200 line,210,100.0,100.0,72.0,25.0,12.0,24.0,1.0,12.0,85.0,0.0,1.48
matirani papir 135 g,200 line,211,0.0,0.0,100.0,25.0,66.0,11.0,-2.0,66.0,48.0,-3.0,0.65
matirani papir 135 g,200 line,212,0.0,31.0,100.0,25.0,56.0,31.0,11.0,55.0,57.0,10.0,0.81
matirani papir 135 g,200 line,213,0.0,72.0,100.0,25.0,43.0,48.0,32.0,43.0,46.0,29.0,1.78
matirani papir 135 g,200 line,214,0.0,100.0,100.0,25.0,36.0,45.0,45.0,34.0,74.0,45.0,1.79
matirani papir 135 g,200 line,215,21.0,0.0,100.0,25.0,59.0,94.0,-7.0,58.0,75.0,-8.0,1.33
matirani papir 135 g,200 line,216,21.0,31.0,100.0,25.0,49.0,7.0,3.0,49.0,49.0,3.0,0.87
matirani papir 135 g,200 line,217,21.0,72.0,100.0,25.0,35.0,78.0,24.0,37.0,32.0,23.0,1.61
matirani papir 135 g,200 line,218,21.0,100.0,100.0,25.0,29.0,75.0,37.0,29.0,36.0,37.0,2.07
matirani papir 135 g,200 line,219,52.0,0.0,100.0,25.0,49.0,95.0,-20.0,47.0,92.0,-22.0,3.26
matirani papir 135 g,200 line,220,52.0,31.0,100.0,25.0,37.0,47.0,-8.0,39.0,69.0,-9.0,2.43
matirani papir 135 g,200 line,221,52.0,72.0,100.0,25.0,24.0,97.0,11.0,28.0,6.0,11.0,2.36
matirani papir 135 g,200 line,222,52.0,100.0,100.0,25.0,21.0,51.0,21.0,22.0,4.0,22.0,0.8
matirani papir 135 g,200 line,223,81.0,0.0,100.0,25.0,40.0,85.0,-39.0,39.0,74.0,-39.0,2.08
matirani papir 135 g,200 line,224,81.0,31.0,100.0,25.0,31.0,68.0,-23.0,32.0,25.0,-24.0,1.53
matirani papir 135 g,200 line,225,81.0,72.0,100.0,25.0,19.0,74.0,-1.0,19.0,84.0,-2.0,1.28
matirani papir 135 g,200 line,226,81.0,100.0,100.0,25.0,15.0,74.0,6.0,16.0,9.0,5.0,0.86
matirani papir 135 g,200 line,227,100.0,0.0,100.0,25.0,37.0,86.0,-51.0,36.0,34.0,-52.0,1.96
matirani papir 135 g,200 line,228,100.0,31.0,100.0,25.0,30.0,53.0,-32.0,29.0,8.0,-34.0,2.38
matirani papir 135 g,200 line,229,100.0,72.0,100.0,25.0,18.0,13.0,-7.0,18.0,93.0,-8.0,1.19
matirani papir 135 g,200 line,230,100.0,100.0,100.0,25.0,12.0,59.0,-0.0,13.0,23.0,-1.0,0.76
matirani papir 135 g,200 line,231,0.0,0.0,0.0,60.0,42.0,13.0,-0.0,43.0,69.0,-0.0,1.52
matirani papir 135 g,200 line,232,0.0,31.0,0.0,60.0,37.0,84.0,6.0,39.0,86.0,6.0,1.78
matirani papir 135 g,200 line,233,0.0,72.0,0.0,60.0,27.0,33.0,19.0,29.0,27.0,18.0,1.69
matirani papir 135 g,200 line,234,0.0,100.0,0.0,60.0,20.0,23.0,28.0,21.0,34.0,29.0,0.92
matirani papir 135 g,200 line,235,31.0,0.0,0.0,60.0,39.0,28.0,-5.0,41.0,63.0,-7.0,2.89
matirani papir 135 g,200 line,236,31.0,31.0,0.0,60.0,30.0,73.0,1.0,33.0,46.0,0.0,2.88
matirani papir 135 g,200 line,237,31.0,72.0,0.0,60.0,20.0,61.0,13.0,22.0,25.0,10.0,2.6
matirani papir 135 g,200 line,238,31.0,100.0,0.0,60.0,16.0,38.0,22.0,16.0,57.0,22.0,0.39
matirani papir 135 g,200 line,239,72.0,0.0,0.0,60.0,29.0,93.0,-13.0,31.0,98.0,-15.0,1.8
matirani papir 135 g,200 line,240,72.0,31.0,0.0,60.0,24.0,88.0,-6.0,25.0,65.0,-6.0,1.0
matirani papir 135 g,200 line,241,72.0,72.0,0.0,60.0,18.0,45.0,4.0,19.0,97.0,3.0,2.16
matirani papir 135 g,200 line,242,72.0,100.0,0.0,60.0,15.0,3.0,12.0,14.0,78.0,12.0,0.79
matirani papir 135 g,200 line,243,100.0,0.0,0.0,60.0,25.0,48.0,-19.0,26.0,31.0,-21.0,1.01
matirani papir 135 g,200 line,244,100.0,31.0,0.0,60.0,20.0,32.0,-11.0,21.0,58.0,-12.0,1.66
matirani papir 135 g,200 line,245,100.0,72.0,0.0,60.0,14.0,73.0,-0.0,15.0,24.0,-2.0,2.06
matirani papir 135 g,200 line,246,100.0,100.0,0.0,60.0,11.0,94.0,4.0,12.0,38.0,4.0,1.05
matirani papir 135 g,200 line,247,0.0,0.0,31.0,60.0,41.0,74.0,-1.0,46.0,12.0,-2.0,4.28
matirani papir 135 g,200 line,248,0.0,31.0,31.0,60.0,34.0,49.0,6.0,36.0,47.0,6.0,1.68
matirani papir 135 g,200 line,249,0.0,72.0,31.0,60.0,25.0,25.0,18.0,27.0,73.0,18.0,2.09
matirani papir 135 g,200 line,250,0.0,100.0,31.0,60.0,19.0,16.0,28.0,21.0,8.0,29.0,1.47
matirani papir 135 g,200 line,251,31.0,0.0,31.0,60.0,35.0,97.0,-6.0,36.0,74.0,-8.0,2.29
matirani papir 135 g,200 line,252,31.0,31.0,31.0,60.0,30.0,51.0,0.0,33.0,3.0,-0.0,2.22
matirani papir 135 g,200 line,253,31.0,72.0,31.0,60.0,22.0,13.0,12.0,24.0,30.0,11.0,1.64
matirani papir 135 g,200 line,254,31.0,100.0,31.0,60.0,18.0,4.0,19.0,19.0,2.0,20.0,0.86
matirani papir 135 g,200 line,255,72.0,0.0,31.0,60.0,28.0,47.0,-15.0,30.0,37.0,-16.0,1.67
matirani papir 135 g,200 line,256,72.0,31.0,31.0,60.0,24.0,31.0,-6.0,24.0,68.0,-8.0,1.32
matirani papir 135 g,200 line,257,72.0,72.0,31.0,60.0,16.0,82.0,3.0,16.0,92.0,2.0,1.52
matirani papir 135 g,200 line,258,72.0,100.0,31.0,60.0,12.0,80.0,9.0,14.0,8.0,8.0,1.23
matirani papir 135 g,200 line,259,100.0,0.0,31.0,60.0,24.0,6.0,-23.0,24.0,75.0,-25.0,1.17
matirani papir 135 g,200 line,260,100.0,31.0,31.0,60.0,19.0,22.0,-12.0,19.0,0.0,-14.0,1.76
matirani papir 135 g,200 line,261,100.0,72.0,31.0,60.0,12.0,63.0,-1.0,14.0,9.0,-2.0,1.46
matirani papir 135 g,200 line,262,100.0,100.0,31.0,60.0,10.0,55.0,3.0,11.0,31.0,2.0,1.64
matirani papir 135 g,200 line,263,0.0,0.0,72.0,60.0,40.0,57.0,-2.0,43.0,84.0,-3.0,3.12
matirani papir 135 g,200 line,264,0.0,31.0,72.0,60.0,32.0,36.0,4.0,34.0,42.0,5.0,1.67
matirani papir 135 g,200 line,265,0.0,72.0,72.0,60.0,24.0,9.0,19.0,26.0,85.0,19.0,2.05
matirani papir 135 g,200 line,266,0.0,100.0,72.0,60.0,19.0,74.0,27.0,20.0,69.0,29.0,1.25
matirani papir 135 g,200 line,267,31.0,0.0,72.0,60.0,33.0,69.0,-7.0,35.0,22.0,-9.0,2.39
matirani papir 135 g,200 line,268,31.0,31.0,72.0,60.0,28.0,16.0,-0.0,29.0,84.0,-1.0,1.75
matirani papir 135 g,200 line,269,31.0,72.0,72.0,60.0,21.0,20.0,11.0,22.0,75.0,10.0,1.62
matirani papir 135 g,200 line,270,31.0,100.0,72.0,60.0,16.0,98.0,16.0,17.0,54.0,18.0,1.39
matirani papir 135 g,200 line,271,72.0,0.0,72.0,60.0,25.0,99.0,-17.0,27.0,91.0,-17.0,1.9
matirani papir 135 g,200 line,272,72.0,31.0,72.0,60.0,20.0,59.0,-9.0,21.0,84.0,-9.0,1.16
matirani papir 135 g,200 line,273,72.0,72.0,72.0,60.0,14.0,64.0,0.0,15.0,10.0,0.0,1.26
matirani papir 135 g,200 line,274,72.0,100.0,72.0,60.0,10.0,77.0,6.0,10.0,37.0,5.0,0.37
matirani papir 135 g,200 line,275,100.0,0.0,72.0,60.0,20.0,86.0,-26.0,21.0,52.0,-28.0,2.56
matirani papir 135 g,200 line,276,100.0,31.0,72.0,60.0,16.0,90.0,-14.0,16.0,86.0,-17.0,1.59
matirani papir 135 g,200 line,277,100.0,72.0,72.0,60.0,11.0,35.0,-3.0,11.0,58.0,-3.0,0.71
matirani papir 135 g,200 line,278,100.0,100.0,72.0,60.0,9.0,1.0,1.0,10.0,15.0,0.0,1.16
matirani papir 135 g,200 line,279,0.0,0.0,100.0,60.0,38.0,11.0,-3.0,40.0,15.0,-4.0,1.87
matirani papir 135 g,200 line,280,0.0,31.0,100.0,60.0,30.0,14.0,4.0,30.0,95.0,4.0,0.72
matirani papir 135 g,200 line,281,0.0,72.0,100.0,60.0,23.0,81.0,17.0,24.0,82.0,17.0,1.43
matirani papir 135 g,200 line,282,0.0,100.0,100.0,60.0,20.0,97.0,24.0,21.0,21.0,26.0,1.22
matirani papir 135 g,200 line,283,31.0,0.0,100.0,60.0,34.0,4.0,-9.0,33.0,56.0,-10.0,1.32
matirani papir 135 g,200 line,284,31.0,31.0,100.0,60.0,27.0,89.0,-1.0,29.0,54.0,-1.0,1.49
matirani papir 135 g,200 line,285,31.0,72.0,100.0,60.0,20.0,37.0,9.0,21.0,18.0,10.0,1.26
matirani papir 135 g,200 line,286,31.0,100.0,100.0,60.0,15.0,98.0,15.0,16.0,21.0,17.0,1.41
matirani papir 135 g,200 line,287,72.0,0.0,100.0,60.0,24.0,51.0,-21.0,25.0,81.0,-21.0,1.06
matirani papir 135 g,200 line,288,72.0,31.0,100.0,60.0,18.0,52.0,-11.0,19.0,45.0,-12.0,1.01
matirani papir 135 g,200 line,289,72.0,72.0,100.0,60.0,12.0,42.0,-0.0,13.0,4.0,-0.0,0.74
matirani papir 135 g,200 line,290,72.0,100.0,100.0,60.0,11.0,51.0,4.0,11.0,66.0,4.0,0.44
matirani papir 135 g,200 line,291,100.0,0.0,100.0,60.0,20.0,83.0,-29.0,21.0,56.0,-30.0,0.98
matirani papir 135 g,200 line,292,100.0,31.0,100.0,60.0,16.0,15.0,-18.0,17.0,25.0,-20.0,1.43
matirani papir 135 g,200 line,293,100.0,72.0,100.0,60.0,10.0,57.0,-4.0,11.0,16.0,-5.0,1.12
matirani papir 135 g,200 line,294,100.0,100.0,100.0,60.0,8.0,77.0,-0.0,9.0,6.0,-0.0,0.79
matirani papir 135 g,200 line,295,0.0,0.0,0.0,88.0,17.0,79.0,-0.0,20.0,74.0,-0.0,2.04
matirani papir 135 g,200 line,296,0.0,52.0,0.0,88.0,14.0,36.0,6.0,17.0,0.0,5.0,1.85
matirani papir 135 g,200 line,297,0.0,100.0,0.0,88.0,11.0,67.0,11.0,10.0,79.0,12.0,1.17
matirani papir 135 g,200 line,298,31.0,0.0,0.0,88.0,19.0,7.0,-2.0,17.0,73.0,-3.0,2.17
matirani papir 135 g,200 line,299,31.0,52.0,0.0,88.0,14.0,5.0,3.0,13.0,90.0,3.0,1.02
matirani papir 135 g,200 line,300,31.0,100.0,0.0,88.0,9.0,53.0,9.0,9.0,62.0,9.0,0.63
matirani papir 135 g,200 line,301,72.0,0.0,0.0,88.0,12.0,78.0,-4.0,13.0,87.0,-6.0,2.45
matirani papir 135 g,200 line,302,72.0,52.0,0.0,88.0,9.0,5.0,1.0,9.0,70.0,1.0,0.96
matirani papir 135 g,200 line,303,72.0,100.0,0.0,88.0,8.0,35.0,6.0,7.0,74.0,6.0,0.41
matirani papir 135 g,200 line,304,100.0,0.0,0.0,88.0,10.0,56.0,-4.0,11.0,46.0,-5.0,1.38
matirani papir 135 g,200 line,305,100.0,52.0,0.0,88.0,8.0,53.0,0.0,8.0,61.0,0.0,0.82
matirani papir 135 g,200 line,306,100.0,100.0,0.0,88.0,7.0,74.0,4.0,8.0,1.0,3.0,1.37
matirani papir 135 g,200 line,307,0.0,0.0,52.0,88.0,17.0,0.0,-1.0,19.0,17.0,-2.0,1.78
matirani papir 135 g,200 line,308,0.0,52.0,52.0,88.0,12.0,79.0,4.0,14.0,20.0,4.0,1.42
matirani papir 135 g,200 line,309,0.0,100.0,52.0,88.0,12.0,31.0,8.0,12.0,22.0,9.0,0.41
matirani papir 135 g,200 line,310,31.0,0.0,52.0,88.0,16.0,77.0,-4.0,18.0,21.0,-4.0,1.17
matirani papir 135 g,200 line,311,31.0,52.0,52.0,88.0,13.0,28.0,1.0,13.0,41.0,1.0,0.86
matirani papir 135 g,200 line,312,31.0,100.0,52.0,88.0,10.0,15.0,5.0,10.0,13.0,6.0,0.57
matirani papir 135 g,200 line,313,72.0,0.0,52.0,88.0,14.0,12.0,-6.0,13.0,87.0,-6.0,0.54
matirani papir 135 g,200 line,314,72.0,52.0,52.0,88.0,10.0,52.0,-0.0,11.0,29.0,-1.0,1.22
matirani papir 135 g,200 line,315,72.0,100.0,52.0,88.0,8.0,90.0,3.0,9.0,8.0,2.0,0.73
matirani papir 135 g,200 line,316,100.0,0.0,52.0,88.0,11.0,9.0,-7.0,11.0,43.0,-8.0,1.11
matirani papir 135 g,200 line,317,100.0,52.0,52.0,88.0,8.0,38.0,-1.0,9.0,58.0,-1.0,1.01
matirani papir 135 g,200 line,318,100.0,100.0,52.0,88.0,8.0,91.0,1.0,8.0,77.0,1.0,0.32
matirani papir 135 g,200 line,319,0.0,0.0,100.0,88.0,18.0,22.0,-4.0,17.0,68.0,-4.0,0.71
matirani papir 135 g,200 line,320,0.0,52.0,100.0,88.0,13.0,64.0,2.0,14.0,11.0,2.0,0.51
matirani papir 135 g,200 line,321,0.0,100.0,100.0,88.0,11.0,46.0,7.0,12.0,38.0,8.0,1.62
matirani papir 135 g,200 line,322,31.0,0.0,100.0,88.0,14.0,3.0,-5.0,15.0,13.0,-5.0,0.92
matirani papir 135 g,200 line,323,31.0,52.0,100.0,88.0,13.0,13.0,-0.0,13.0,33.0,-0.0,0.79
matirani papir 135 g,200 line,324,31.0,100.0,100.0,88.0,11.0,60.0,3.0,11.0,95.0,4.0,0.63
matirani papir 135 g,200 line,325,72.0,0.0,100.0,88.0,13.0,33.0,-8.0,13.0,35.0,-8.0,0.33
matirani papir 135 g,200 line,326,72.0,52.0,100.0,88.0,11.0,84.0,-2.0,10.0,12.0,-2.0,1.38
matirani papir 135 g,200 line,327,72.0,100.0,100.0,88.0,10.0,76.0,1.0,9.0,78.0,0.0,0.7
matirani papir 135 g,200 line,328,100.0,0.0,100.0,88.0,12.0,10.0,-10.0,11.0,71.0,-10.0,1.24
matirani papir 135 g,200 line,329,100.0,52.0,100.0,88.0,9.0,53.0,-3.0,10.0,74.0,-3.0,0.94
matirani papir 135 g,200 line,330,100.0,100.0,100.0,88.0,10.0,2.0,-0.0,9.0,64.0,-0.0,0.87
matirani papir 135 g,200 line,331,0.0,0.0,0.0,100.0,12.0,1.0,-0.0,10.0,27.0,-0.0,1.17
matirani papir 135 g,200 line,332,0.0,52.0,0.0,100.0,9.0,42.0,3.0,9.0,8.0,2.0,0.5
matirani papir 135 g,200 line,333,0.0,100.0,0.0,100.0,8.0,90.0,5.0,8.0,7.0,5.0,0.56
matirani papir 135 g,200 line,334,52.0,0.0,0.0,100.0,8.0,71.0,-0.0,9.0,6.0,-1.0,1.55
matirani papir 135 g,200 line,335,52.0,52.0,0.0,100.0,8.0,38.0,1.0,9.0,18.0,1.0,0.59
matirani papir 135 g,200 line,336,52.0,100.0,0.0,100.0,7.0,82.0,4.0,8.0,25.0,3.0,0.82
matirani papir 135 g,200 line,337,100.0,0.0,0.0,100.0,9.0,19.0,0.0,9.0,80.0,-1.0,1.63
matirani papir 135 g,200 line,338,100.0,52.0,0.0,100.0,8.0,52.0,1.0,9.0,61.0,0.0,0.87
matirani papir 135 g,200 line,339,100.0,100.0,0.0,100.0,8.0,77.0,2.0,9.0,55.0,2.0,0.83
matirani papir 135 g,200 line,340,0.0,0.0,52.0,100.0,10.0,88.0,-1.0,10.0,71.0,-1.0,0.81
matirani papir 135 g,200 line,341,0.0,52.0,52.0,100.0,9.0,69.0,1.0,9.0,56.0,1.0,0.32
matirani papir 135 g,200 line,342,0.0,100.0,52.0,100.0,8.0,85.0,3.0,8.0,72.0,3.0,0.75
matirani papir 135 g,200 line,343,52.0,0.0,52.0,100.0,9.0,78.0,-2.0,9.0,29.0,-3.0,1.01
matirani papir 135 g,200 line,344,52.0,52.0,52.0,100.0,9.0,89.0,0.0,9.0,88.0,-0.0,0.66
matirani papir 135 g,200 line,345,52.0,100.0,52.0,100.0,8.0,75.0,2.0,9.0,4.0,1.0,0.67
matirani papir 135 g,200 line,346,100.0,0.0,52.0,100.0,8.0,88.0,-2.0,8.0,91.0,-3.0,0.61
matirani papir 135 g,200 line,347,100.0,52.0,52.0,100.0,10.0,7.0,-1.0,9.0,5.0,-1.0,0.64
matirani papir 135 g,200 line,348,100.0,100.0,52.0,100.0,10.0,92.0,0.0,9.0,78.0,0.0,0.88
matirani papir 135 g,200 line,349,0.0,0.0,100.0,100.0,9.0,96.0,-3.0,10.0,90.0,-3.0,0.7
matirani papir 135 g,200 line,350,0.0,52.0,100.0,100.0,9.0,70.0,0.0,9.0,68.0,-0.0,0.65
matirani papir 135 g,200 line,351,0.0,100.0,100.0,100.0,9.0,93.0,2.0,10.0,23.0,1.0,0.82
matirani papir 135 g,200 line,352,52.0,0.0,100.0,100.0,10.0,51.0,-3.0,10.0,42.0,-4.0,0.44
matirani papir 135 g,200 line,353,52.0,52.0,100.0,100.0,10.0,27.0,-0.0,10.0,69.0,-1.0,0.8
matirani papir 135 g,200 line,354,52.0,100.0,100.0,100.0,10.0,15.0,1.0,9.0,49.0,0.0,0.7
matirani papir 135 g,200 line,355,100.0,0.0,100.0,100.0,10.0,7.0,-4.0,9.0,44.0,-4.0,0.51
matirani papir 135 g,200 line,356,100.0,52.0,100.0,100.0,9.0,77.0,-1.0,9.0,15.0,-1.0,0.84
matirani papir 135 g,200 line,357,100.0,100.0,100.0,100.0,10.0,38.0,-0.0,10.0,9.0,-0.0,0.91
matirani papir 135 g,200 line,358,5.0,0.0,0.0,0.0,93.0,98.0,-0.0,93.0,37.0,-0.0,0.62
matirani papir 135 g,200 line,359,28.0,0.0,0.0,0.0,84.0,93.0,-9.0,82.0,66.0,-12.0,2.67
matirani papir 135 g,200 line,360,95.0,0.0,0.0,0.0,55.0,18.0,-36.0,54.0,45.0,-36.0,0.74
matirani papir 135 g,200 line,361,0.0,4.0,0.0,0.0,94.0,70.0,0.0,94.0,62.0,0.0,0.09
matirani papir 135 g,200 line,362,0.0,11.0,0.0,0.0,92.0,54.0,2.0,92.0,96.0,1.0,1.03
matirani papir 135 g,200 line,363,0.0,93.0,0.0,0.0,49.0,21.0,60.0,48.0,54.0,62.0,0.84
matirani papir 135 g,200 line,364,0.0,0.0,4.0,0.0,94.0,89.0,0.0,94.0,81.0,0.0,0.21
matirani papir 135 g,200 line,365,0.0,0.0,11.0,0.0,94.0,37.0,-0.0,94.0,28.0,-0.0,0.2
matirani papir 135 g,200 line,366,0.0,0.0,93.0,0.0,88.0,12.0,-3.0,88.0,52.0,-4.0,0.98
matirani papir 135 g,200 line,367,0.0,0.0,0.0,4.0,89.0,95.0,0.0,89.0,42.0,0.0,0.43
matirani papir 135 g,200 line,368,0.0,0.0,0.0,13.0,82.0,20.0,0.0,82.0,69.0,0.0,0.37
matirani papir 135 g,200 line,369,0.0,0.0,0.0,95.0,13.0,28.0,-0.0,12.0,96.0,-0.0,0.36
matirani papir 135 g,200 line,370,9.0,7.0,7.0,0.0,87.0,8.0,-0.0,86.0,31.0,-0.0,1.0
matirani papir 135 g,200 line,371,19.0,15.0,15.0,0.0,75.0,37.0,-0.0,75.0,26.0,-1.0,0.97
matirani papir 135 g,200 line,372,29.0,23.0,23.0,0.0,66.0,88.0,-0.0,65.0,80.0,-0.0,1.1
matirani papir 135 g,200 line,373,39.0,31.0,31.0,0.0,57.0,35.0,-0.0,57.0,60.0,-1.0,0.94
matirani papir 135 g,200 line,374,49.0,39.0,39.0,4.0,45.0,98.0,-0.0,46.0,57.0,-1.0,0.72
matirani papir 135 g,200 line,375,59.0,47.0,47.0,16.0,36.0,17.0,-1.0,37.0,52.0,-1.0,1.29
matirani papir 135 g,200 line,376,69.0,55.0,55.0,31.0,26.0,70.0,-2.0,28.0,7.0,-2.0,1.33
matirani papir 135 g,200 line,377,79.0,63.0,63.0,48.0,18.0,4.0,-2.0,21.0,8.0,-3.0,2.45
matirani papir 135 g,200 line,378,89.0,71.0,71.0,72.0,11.0,98.0,-1.0,12.0,55.0,-1.0,0.82
matirani papir 135 g,200 line,379,99.0,79.0,79.0,100.0,13.0,30.0,-0.0,12.0,93.0,-1.0,0.68
matirani papir 135 g,200 line,380,9.0,7.0,7.0,0.0,88.0,7.0,-0.0,87.0,84.0,-0.0,0.28
matirani papir 135 g,200 line,381,18.0,14.0,14.0,0.0,77.0,99.0,-0.0,78.0,66.0,-0.0,0.89
matirani papir 135 g,200 line,382,27.0,21.0,21.0,0.0,70.0,0.0,-0.0,67.0,84.0,-0.0,1.94
matirani papir 135 g,200 line,383,36.0,29.0,29.0,0.0,59.0,44.0,-0.0,59.0,20.0,-1.0,0.81
matirani papir 135 g,200 line,384,45.0,36.0,36.0,0.0,50.0,92.0,-0.0,50.0,97.0,-0.0,0.83
matirani papir 135 g,200 line,385,54.0,43.0,43.0,0.0,43.0,52.0,-1.0,44.0,56.0,-1.0,1.05
matirani papir 135 g,200 line,386,63.0,50.0,50.0,0.0,36.0,94.0,-1.0,38.0,5.0,-2.0,1.19
matirani papir 135 g,200 line,387,72.0,58.0,58.0,0.0,31.0,43.0,-2.0,32.0,58.0,-3.0,1.36
matirani papir 135 g,200 line,388,81.0,65.0,65.0,2.0,26.0,93.0,-4.0,25.0,64.0,-5.0,1.47
matirani papir 135 g,200 line,389,90.0,72.0,72.0,49.0,16.0,21.0,-3.0,15.0,62.0,-4.0,0.97
matirani papir 135 g,200 line,390,24.0,19.0,19.0,11.0,63.0,64.0,-0.0,64.0,62.0,-1.0,1.03
matirani papir 135 g,200 line,391,49.0,39.0,39.0,30.0,34.0,1.0,-1.0,37.0,52.0,-1.0,3.05
matirani papir 135 g,200 line,392,74.0,59.0,59.0,59.0,18.0,39.0,-2.0,20.0,62.0,-2.0,1.91
matirani papir 135 g,200 line,393,28.0,0.0,0.0,0.0,84.0,86.0,-9.0,82.0,76.0,-12.0,2.31
matirani papir 135 g,200 line,394,64.0,0.0,0.0,0.0,66.0,52.0,-26.0,67.0,46.0,-24.0,1.1
matirani papir 135 g,200 line,395,0.0,21.0,0.0,0.0,88.0,61.0,7.0,90.0,47.0,4.0,2.99
matirani papir 135 g,200 line,396,0.0,52.0,0.0,0.0,72.0,43.0,25.0,71.0,97.0,25.0,0.49
matirani papir 135 g,200 line,397,0.0,0.0,21.0,0.0,93.0,55.0,-1.0,93.0,9.0,-1.0,0.99
matirani papir 135 g,200 line,398,0.0,0.0,52.0,0.0,90.0,53.0,-3.0,90.0,60.0,-3.0,0.88
matirani papir 135 g,200 line,399,0.0,0.0,0.0,25.0,69.0,93.0,-0.0,68.0,65.0,-0.0,1.0
matirani papir 135 g,200 line,400,0.0,0.0,0.0,60.0,38.0,41.0,-0.0,41.0,11.0,-0.0,2.37
matirani papir 135 g,300 dot,1,0.0,0.0,0.0,0.0,94.0,88.0,0.0,94.0,85.0,0.0,0.44
matirani papir 135 g,300 dot,2,0.0,21.0,0.0,0.0,86.0,34.0,9.0,90.0,32.0,5.0,4.95
matirani papir 135 g,300 dot,3,0.0,52.0,0.0,0.0,70.0,79.0,25.0,70.0,37.0,29.0,2.3
matirani papir 135 g,300 dot,4,0.0,81.0,0.0,0.0,57.0,8.0,45.0,53.0,77.0,54.0,4.28
matirani papir 135 g,300 dot,5,0.0,100.0,0.0,0.0,48.0,51.0,60.0,46.0,90.0,65.0,2.05
matirani papir 135 g,300 dot,6,16.0,0.0,0.0,0.0,89.0,18.0,-3.0,91.0,89.0,-2.0,2.54
matirani papir 135 g,300 dot,7,16.0,21.0,0.0,0.0,80.0,77.0,5.0,87.0,53.0,3.0,5.46
matirani papir 135 g,300 dot,8,16.0,52.0,0.0,0.0,65.0,7.0,21.0,68.0,24.0,29.0,4.91
matirani papir 135 g,300 dot,9,16.0,81.0,0.0,0.0,52.0,12.0,38.0,51.0,97.0,52.0,4.74
matirani papir 135 g,300 dot,10,16.0,100.0,0.0,0.0,43.0,94.0,53.0,45.0,36.0,63.0,3.45
matirani papir 135 g,300 dot,11,39.0,0.0,0.0,0.0,79.0,7.0,-12.0,82.0,46.0,-13.0,2.64
matirani papir 135 g,300 dot,12,39.0,21.0,0.0,0.0,70.0,90.0,-3.0,76.0,98.0,-7.0,5.41
matirani papir 135 g,300 dot,13,39.0,52.0,0.0,0.0,57.0,10.0,11.0,60.0,1.0,17.0,4.55
matirani papir 135 g,300 dot,14,39.0,81.0,0.0,0.0,44.0,3.0,28.0,44.0,71.0,39.0,4.37
matirani papir 135 g,300 dot,15,39.0,100.0,0.0,0.0,38.0,68.0,41.0,38.0,76.0,49.0,2.87
matirani papir 135 g,300 dot,16,64.0,0.0,0.0,0.0,69.0,7.0,-21.0,71.0,42.0,-25.0,2.49
matirani papir 135 g,300 dot,17,64.0,21.0,0.0,0.0,62.0,71.0,-13.0,66.0,59.0,-18.0,4.36
matirani papir 135 g,300 dot,18,64.0,52.0,0.0,0.0,50.0,61.0,0.0,51.0,16.0,2.0,1.18
matirani papir 135 g,300 dot,19,64.0,81.0,0.0,0.0,39.0,6.0,16.0,38.0,10.0,22.0,3.31
matirani papir 135 g,300 dot,20,64.0,100.0,0.0,0.0,33.0,42.0,26.0,31.0,69.0,34.0,3.46
matirani papir 135 g,300 dot,21,85.0,0.0,0.0,0.0,61.0,4.0,-30.0,62.0,72.0,-34.0,1.99
matirani papir 135 g,300 dot,22,85.0,21.0,0.0,0.0,54.0,43.0,-23.0,58.0,77.0,-28.0,4.6
matirani papir 135 g,300 dot,23,85.0,52.0,0.0,0.0,43.0,27.0,-9.0,45.0,74.0,-8.0,2.5
matirani papir 135 g,300 dot,24,85.0,81.0,0.0,0.0,33.0,27.0,4.0,32.0,72.0,11.0,4.14
matirani papir 135 g,300 dot,25,85.0,100.0,0.0,0.0,27.0,42.0,14.0,26.0,42.0,21.0,4.25
matirani papir 135 g,300 dot,26,100.0,0.0,0.0,0.0,55.0,24.0,-36.0,56.0,62.0,-39.0,1.58
matirani papir 135 g,300 dot,27,100.0,21.0,0.0,0.0,48.0,25.0,-32.0,53.0,37.0,-36.0,5.38
matirani papir 135 g,300 dot,28,100.0,52.0,0.0,0.0,38.0,20.0,-16.0,41.0,39.0,-16.0,2.96
matirani papir 135 g,300 dot,29,100.0,81.0,0.0,0.0,29.0,66.0,-1.0,29.0,38.0,4.0,2.8
matirani papir 135 g,300 dot,30,100.0,100.0,0.0,0.0,25.0,10.0,7.0,24.0,32.0,12.0,3.09
matirani papir 135 g,300 dot,31,0.0,0.0,21.0,0.0,92.0,43.0,-2.0,92.0,90.0,-2.0,1.41
matirani papir 135 g,300 dot,32,0.0,21.0,21.0,0.0,82.0,87.0,8.0,87.0,14.0,4.0,6.4
matirani papir 135 g,300 dot,33,0.0,52.0,21.0,0.0,68.0,50.0,27.0,66.0,92.0,32.0,2.94
matirani papir 135 g,300 dot,34,0.0,81.0,21.0,0.0,54.0,87.0,46.0,51.0,94.0,55.0,4.05
matirani papir 135 g,300 dot,35,0.0,100.0,21.0,0.0,46.0,23.0,62.0,46.0,11.0,64.0,0.57
matirani papir 135 g,300 dot,36,16.0,0.0,21.0,0.0,86.0,54.0,-6.0,91.0,11.0,-4.0,4.75
matirani papir 135 g,300 dot,37,16.0,21.0,21.0,0.0,72.0,46.0,3.0,81.0,85.0,-0.0,8.79
matirani papir 135 g,300 dot,38,16.0,52.0,21.0,0.0,58.0,58.0,19.0,62.0,59.0,25.0,4.84
matirani papir 135 g,300 dot,39,16.0,81.0,21.0,0.0,47.0,21.0,38.0,48.0,15.0,50.0,3.96
matirani papir 135 g,300 dot,40,16.0,100.0,21.0,0.0,41.0,19.0,51.0,42.0,53.0,60.0,2.86
matirani papir 135 g,300 dot,41,39.0,0.0,21.0,0.0,75.0,78.0,-15.0,80.0,70.0,-16.0,3.82
matirani papir 135 g,300 dot,42,39.0,21.0,21.0,0.0,63.0,14.0,-5.0,71.0,14.0,-5.0,7.08
matirani papir 135 g,300 dot,43,39.0,52.0,21.0,0.0,52.0,26.0,11.0,54.0,78.0,16.0,4.68
matirani papir 135 g,300 dot,44,39.0,81.0,21.0,0.0,40.0,51.0,29.0,40.0,68.0,38.0,3.59
matirani papir 135 g,300 dot,45,39.0,100.0,21.0,0.0,35.0,78.0,39.0,36.0,41.0,48.0,3.01
matirani papir 135 g,300 dot,46,64.0,0.0,21.0,0.0,67.0,33.0,-25.0,68.0,82.0,-30.0,2.53
matirani papir 135 g,300 dot,47,64.0,21.0,21.0,0.0,56.0,93.0,-15.0,60.0,40.0,-19.0,4.42
matirani papir 135 g,300 dot,48,64.0,52.0,21.0,0.0,42.0,95.0,0.0,45.0,21.0,0.0,2.31
matirani papir 135 g,300 dot,49,64.0,81.0,21.0,0.0,33.0,12.0,15.0,33.0,24.0,22.0,3.92
matirani papir 135 g,300 dot,50,64.0,100.0,21.0,0.0,28.0,66.0,26.0,29.0,49.0,32.0,2.9
matirani papir 135 g,300 dot,51,85.0,0.0,21.0,0.0,57.0,89.0,-37.0,60.0,12.0,-40.0,2.63
matirani papir 135 g,300 dot,52,85.0,21.0,21.0,0.0,47.0,10.0,-26.0,53.0,29.0,-31.0,6.58
matirani papir 135 g,300 dot,53,85.0,52.0,21.0,0.0,35.0,38.0,-9.0,38.0,16.0,-10.0,2.49
matirani papir 135 g,300 dot,54,85.0,81.0,21.0,0.0,27.0,36.0,3.0,26.0,96.0,8.0,3.23
matirani papir 135 g,300 dot,55,85.0,100.0,21.0,0.0,23.0,61.0,12.0,24.0,9.0,19.0,3.46
matirani papir 135 g,300 dot,56,100.0,0.0,21.0,0.0,51.0,73.0,-44.0,54.0,3.0,-47.0,2.6
matirani papir 135 g,300 dot,57,100.0,21.0,21.0,0.0,45.0,5.0,-34.0,50.0,75.0,-41.0,6.13
matirani papir 135 g,300 dot,58,100.0,52.0,21.0,0.0,33.0,74.0,-16.0,36.0,74.0,-19.0,2.92
matirani papir 135 g,300 dot,59,100.0,81.0,21.0,0.0,26.0,30.0,-2.0,26.0,14.0,-1.0,0.96
matirani papir 135 g,300 dot,60,100.0,100.0,21.0,0.0,23.0,26.0,4.0,21.0,49.0,8.0,2.48
matirani papir 135 g,300 dot,61,0.0,0.0,52.0,0.0,89.0,58.0,-2.0,91.0,22.0,-4.0,1.88
matirani papir 135 g,300 dot,62,0.0,21.0,52.0,0.0,80.0,48.0,8.0,82.0,79.0,6.0,2.08
matirani papir 135 g,300 dot,63,0.0,52.0,52.0,0.0,65.0,43.0,28.0,64.0,26.0,33.0,3.54
matirani papir 135 g,300 dot,64,0.0,81.0,52.0,0.0,54.0,79.0,46.0,51.0,15.0,55.0,4.9
matirani papir 135 g,300 dot,65,0.0,100.0,52.0,0.0,45.0,12.0,62.0,44.0,74.0,64.0,0.72
matirani papir 135 g,300 dot,66,16.0,0.0,52.0,0.0,81.0,57.0,-7.0,89.0,42.0,-5.0,6.1
matirani papir 135 g,300 dot,67,16.0,21.0,52.0,0.0,70.0,17.0,2.0,79.0,78.0,-0.0,7.98
matirani papir 135 g,300 dot,68,16.0,52.0,52.0,0.0,58.0,37.0,19.0,60.0,5.0,26.0,4.81
matirani papir 135 g,300 dot,69,16.0,81.0,52.0,0.0,47.0,13.0,37.0,47.0,64.0,49.0,4.38
matirani papir 135 g,300 dot,70,16.0,100.0,52.0,0.0,40.0,22.0,51.0,43.0,21.0,58.0,3.56
matirani papir 135 g,300 dot,71,39.0,0.0,52.0,0.0,72.0,89.0,-16.0,78.0,18.0,-18.0,4.08
matirani papir 135 g,300 dot,72,39.0,21.0,52.0,0.0,61.0,71.0,-5.0,67.0,2.0,-5.0,5.32
matirani papir 135 g,300 dot,73,39.0,52.0,52.0,0.0,49.0,54.0,10.0,49.0,95.0,12.0,1.69
matirani papir 135 g,300 dot,74,39.0,81.0,52.0,0.0,39.0,91.0,26.0,39.0,13.0,32.0,3.01
matirani papir 135 g,300 dot,75,39.0,100.0,52.0,0.0,35.0,16.0,35.0,35.0,2.0,42.0,2.53
matirani papir 135 g,300 dot,76,64.0,0.0,52.0,0.0,62.0,83.0,-29.0,65.0,95.0,-34.0,3.38
matirani papir 135 g,300 dot,77,64.0,21.0,52.0,0.0,52.0,61.0,-18.0,57.0,2.0,-21.0,4.84
matirani papir 135 g,300 dot,78,64.0,52.0,52.0,0.0,37.0,13.0,-1.0,40.0,0.0,-2.0,3.63
matirani papir 135 g,300 dot,79,64.0,81.0,52.0,0.0,28.0,74.0,13.0,29.0,81.0,18.0,3.26
matirani papir 135 g,300 dot,80,64.0,100.0,52.0,0.0,24.0,59.0,21.0,26.0,8.0,28.0,3.66
matirani papir 135 g,300 dot,81,85.0,0.0,52.0,0.0,54.0,61.0,-43.0,56.0,98.0,-46.0,2.63
matirani papir 135 g,300 dot,82,85.0,21.0,52.0,0.0,46.0,3.0,-31.0,49.0,36.0,-37.0,4.31
matirani papir 135 g,300 dot,83,85.0,52.0,52.0,0.0,31.0,23.0,-12.0,34.0,99.0,-16.0,4.3
matirani papir 135 g,300 dot,84,85.0,81.0,52.0,0.0,22.0,66.0,2.0,23.0,68.0,3.0,2.3
matirani papir 135 g,300 dot,85,85.0,100.0,52.0,0.0,20.0,86.0,9.0,20.0,28.0,13.0,3.18
matirani papir 135 g,300 dot,86,100.0,0.0,52.0,0.0,49.0,66.0,-51.0,51.0,43.0,-53.0,2.79
matirani papir 135 g,300 dot,87,100.0,21.0,52.0,0.0,43.0,25.0,-40.0,47.0,81.0,-46.0,4.97
matirani papir 135 g,300 dot,88,100.0,52.0,52.0,0.0,32.0,21.0,-20.0,33.0,33.0,-26.0,3.83
matirani papir 135 g,300 dot,89,100.0,81.0,52.0,0.0,21.0,38.0,-2.0,21.0,0.0,-5.0,2.4
matirani papir 135 g,300 dot,90,100.0,100.0,52.0,0.0,17.0,94.0,3.0,17.0,6.0,5.0,2.03
matirani papir 135 g,300 dot,91,0.0,0.0,81.0,0.0,87.0,35.0,-2.0,89.0,10.0,-4.0,1.96
matirani papir 135 g,300 dot,92,0.0,21.0,81.0,0.0,77.0,99.0,8.0,78.0,49.0,9.0,0.48
matirani papir 135 g,300 dot,93,0.0,52.0,81.0,0.0,63.0,80.0,29.0,60.0,91.0,36.0,4.92
matirani papir 135 g,300 dot,94,0.0,81.0,81.0,0.0,51.0,69.0,47.0,48.0,78.0,56.0,4.81
matirani papir 135 g,300 dot,95,0.0,100.0,81.0,0.0,43.0,70.0,62.0,43.0,66.0,63.0,0.43
matirani papir 135 g,300 dot,96,16.0,0.0,81.0,0.0,80.0,6.0,-8.0,87.0,15.0,-6.0,5.36
matirani papir 135 g,300 dot,97,16.0,21.0,81.0,0.0,68.0,20.0,3.0,77.0,9.0,1.0,7.24
matirani papir 135 g,300 dot,98,16.0,52.0,81.0,0.0,54.0,81.0,22.0,58.0,44.0,28.0,4.88
matirani papir 135 g,300 dot,99,16.0,81.0,81.0,0.0,47.0,15.0,38.0,48.0,21.0,49.0,3.99
matirani papir 135 g,300 dot,100,16.0,100.0,81.0,0.0,40.0,98.0,50.0,43.0,54.0,57.0,3.11
matirani papir 135 g,300 dot,101,39.0,0.0,81.0,0.0,70.0,65.0,-17.0,75.0,27.0,-19.0,3.89
matirani papir 135 g,300 dot,102,39.0,21.0,81.0,0.0,59.0,54.0,-5.0,64.0,32.0,-6.0,5.33
matirani papir 135 g,300 dot,103,39.0,52.0,81.0,0.0,47.0,37.0,10.0,48.0,91.0,13.0,2.92
matirani papir 135 g,300 dot,104,39.0,81.0,81.0,0.0,36.0,82.0,27.0,37.0,75.0,35.0,3.5
matirani papir 135 g,300 dot,105,39.0,100.0,81.0,0.0,32.0,95.0,37.0,34.0,37.0,44.0,2.55
matirani papir 135 g,300 dot,106,64.0,0.0,81.0,0.0,60.0,16.0,-33.0,63.0,76.0,-36.0,3.52
matirani papir 135 g,300 dot,107,64.0,21.0,81.0,0.0,50.0,38.0,-21.0,55.0,65.0,-24.0,5.61
matirani papir 135 g,300 dot,108,64.0,52.0,81.0,0.0,34.0,73.0,-2.0,38.0,38.0,-3.0,4.27
matirani papir 135 g,300 dot,109,64.0,81.0,81.0,0.0,26.0,24.0,13.0,26.0,83.0,16.0,2.44
matirani papir 135 g,300 dot,110,64.0,100.0,81.0,0.0,22.0,97.0,21.0,23.0,23.0,26.0,2.79
matirani papir 135 g,300 dot,111,85.0,0.0,81.0,0.0,52.0,48.0,-48.0,54.0,80.0,-50.0,2.57
matirani papir 135 g,300 dot,112,85.0,21.0,81.0,0.0,43.0,73.0,-36.0,49.0,41.0,-41.0,6.0
matirani papir 135 g,300 dot,113,85.0,52.0,81.0,0.0,32.0,30.0,-14.0,35.0,35.0,-18.0,4.09
matirani papir 135 g,300 dot,114,85.0,81.0,81.0,0.0,23.0,50.0,1.0,25.0,17.0,0.0,3.25
matirani papir 135 g,300 dot,115,85.0,100.0,81.0,0.0,19.0,97.0,8.0,18.0,69.0,11.0,3.12
matirani papir 135 g,300 dot,116,100.0,0.0,81.0,0.0,47.0,27.0,-56.0,48.0,91.0,-58.0,2.63
matirani papir 135 g,300 dot,117,100.0,21.0,81.0,0.0,41.0,30.0,-45.0,46.0,75.0,-50.0,5.76
matirani papir 135 g,300 dot,118,100.0,52.0,81.0,0.0,28.0,89.0,-23.0,31.0,75.0,-30.0,4.05
matirani papir 135 g,300 dot,119,100.0,81.0,81.0,0.0,18.0,30.0,-5.0,20.0,14.0,-8.0,3.18
matirani papir 135 g,300 dot,120,100.0,100.0,81.0,0.0,14.0,84.0,0.0,15.0,89.0,1.0,1.27
matirani papir 135 g,300 dot,121,0.0,0.0,100.0,0.0,86.0,20.0,-2.0,87.0,86.0,-3.0,1.53
matirani papir 135 g,300 dot,122,0.0,21.0,100.0,0.0,76.0,77.0,9.0,76.0,97.0,10.0,0.63
matirani papir 135 g,300 dot,123,0.0,52.0,100.0,0.0,62.0,0.0,31.0,58.0,97.0,38.0,4.97
matirani papir 135 g,300 dot,124,0.0,81.0,100.0,0.0,50.0,20.0,51.0,48.0,2.0,56.0,3.51
matirani papir 135 g,300 dot,125,0.0,100.0,100.0,0.0,42.0,88.0,63.0,43.0,25.0,63.0,0.34
matirani papir 135 g,300 dot,126,16.0,0.0,100.0,0.0,78.0,53.0,-7.0,85.0,60.0,-5.0,5.26
matirani papir 135 g,300 dot,127,16.0,21.0,100.0,0.0,67.0,91.0,2.0,75.0,68.0,1.0,6.68
matirani papir 135 g,300 dot,128,16.0,52.0,100.0,0.0,55.0,88.0,20.0,57.0,91.0,26.0,3.86
matirani papir 135 g,300 dot,129,16.0,81.0,100.0,0.0,46.0,65.0,37.0,46.0,98.0,47.0,3.93
matirani papir 135 g,300 dot,130,16.0,100.0,100.0,0.0,41.0,9.0,50.0,43.0,8.0,57.0,2.89
matirani papir 135 g,300 dot,131,39.0,0.0,100.0,0.0,69.0,89.0,-17.0,74.0,28.0,-18.0,3.64
matirani papir 135 g,300 dot,132,39.0,21.0,100.0,0.0,58.0,26.0,-6.0,64.0,46.0,-6.0,6.0
matirani papir 135 g,300 dot,133,39.0,52.0,100.0,0.0,45.0,70.0,9.0,48.0,37.0,12.0,3.49
matirani papir 135 g,300 dot,134,39.0,81.0,100.0,0.0,36.0,37.0,26.0,37.0,58.0,34.0,3.68
matirani papir 135 g,300 dot,135,39.0,100.0,100.0,0.0,32.0,97.0,36.0,35.0,0.0,44.0,3.21
matirani papir 135 g,300 dot,136,64.0,0.0,100.0,0.0,57.0,67.0,-34.0,62.0,6.0,-36.0,4.18
matirani papir 135 g,300 dot,137,64.0,21.0,100.0,0.0,48.0,52.0,-22.0,54.0,24.0,-24.0,6.22
matirani papir 135 g,300 dot,138,64.0,52.0,100.0,0.0,35.0,18.0,-3.0,39.0,23.0,-4.0,4.94
matirani papir 135 g,300 dot,139,64.0,81.0,100.0,0.0,26.0,24.0,11.0,27.0,37.0,17.0,4.13
matirani papir 135 g,300 dot,140,64.0,100.0,100.0,0.0,22.0,82.0,20.0,24.0,39.0,26.0,3.4
matirani papir 135 g,300 dot,141,85.0,0.0,100.0,0.0,52.0,7.0,-46.0,52.0,94.0,-50.0,1.87
matirani papir 135 g,300 dot,142,85.0,21.0,100.0,0.0,44.0,78.0,-35.0,48.0,61.0,-40.0,4.6
matirani papir 135 g,300 dot,143,85.0,52.0,100.0,0.0,33.0,44.0,-15.0,34.0,95.0,-18.0,2.9
matirani papir 135 g,300 dot,144,85.0,81.0,100.0,0.0,23.0,61.0,0.0,25.0,60.0,-0.0,3.22
matirani papir 135 g,300 dot,145,85.0,100.0,100.0,0.0,19.0,63.0,5.0,19.0,69.0,8.0,3.18
matirani papir 135 g,300 dot,146,100.0,0.0,100.0,0.0,45.0,20.0,-59.0,48.0,19.0,-58.0,3.35
matirani papir 135 g,300 dot,147,100.0,21.0,100.0,0.0,39.0,63.0,-50.0,45.0,93.0,-53.0,6.22
matirani papir 135 g,300 dot,148,100.0,52.0,100.0,0.0,28.0,29.0,-27.0,32.0,12.0,-31.0,4.11
matirani papir 135 g,300 dot,149,100.0,81.0,100.0,0.0,18.0,33.0,-6.0,20.0,68.0,-9.0,3.75
matirani papir 135 g,300 dot,150,100.0,100.0,100.0,0.0,14.0,80.0,-0.0,17.0,62.0,-1.0,3.12
matirani papir 135 g,300 dot,151,0.0,0.0,0.0,25.0,72.0,81.0,-0.0,76.0,67.0,-0.0,2.87
matirani papir 135 g,300 dot,152,0.0,31.0,0.0,25.0,62.0,95.0,11.0,65.0,69.0,14.0,3.48
matirani papir 135 g,300 dot,153,0.0,72.0,0.0,25.0,45.0,65.0,32.0,45.0,9.0,42.0,3.69
matirani papir 135 g,300 dot,154,0.0,100.0,0.0,25.0,35.0,99.0,49.0,38.0,17.0,55.0,2.67
matirani papir 135 g,300 dot,155,21.0,0.0,0.0,25.0,69.0,73.0,-6.0,77.0,7.0,-7.0,6.12
matirani papir 135 g,300 dot,156,21.0,31.0,0.0,25.0,59.0,21.0,6.0,61.0,73.0,9.0,4.16
matirani papir 135 g,300 dot,157,21.0,72.0,0.0,25.0,43.0,9.0,25.0,43.0,4.0,34.0,3.61
matirani papir 135 g,300 dot,158,21.0,100.0,0.0,25.0,34.0,86.0,41.0,34.0,65.0,48.0,2.73
matirani papir 135 g,300 dot,159,52.0,0.0,0.0,25.0,60.0,28.0,-13.0,66.0,76.0,-18.0,6.21
matirani papir 135 g,300 dot,160,52.0,31.0,0.0,25.0,50.0,14.0,-2.0,52.0,73.0,-3.0,2.69
matirani papir 135 g,300 dot,161,52.0,72.0,0.0,25.0,34.0,10.0,14.0,34.0,64.0,21.0,4.06
matirani papir 135 g,300 dot,162,52.0,100.0,0.0,25.0,27.0,14.0,28.0,28.0,39.0,35.0,2.97
matirani papir 135 g,300 dot,163,81.0,0.0,0.0,25.0,47.0,92.0,-25.0,53.0,66.0,-30.0,6.04
matirani papir 135 g,300 dot,164,81.0,31.0,0.0,25.0,39.0,23.0,-13.0,43.0,21.0,-14.0,3.73
matirani papir 135 g,300 dot,165,81.0,72.0,0.0,25.0,27.0,61.0,2.0,28.0,4.0,7.0,2.94
matirani papir 135 g,300 dot,166,81.0,100.0,0.0,25.0,22.0,28.0,14.0,21.0,70.0,18.0,2.28
matirani papir 135 g,300 dot,167,100.0,0.0,0.0,25.0,43.0,11.0,-34.0,49.0,98.0,-40.0,7.02
matirani papir 135 g,300 dot,168,100.0,31.0,0.0,25.0,34.0,22.0,-20.0,39.0,39.0,-23.0,4.67
matirani papir 135 g,300 dot,169,100.0,72.0,0.0,25.0,25.0,26.0,-4.0,25.0,72.0,-1.0,1.85
matirani papir 135 g,300 dot,170,100.0,100.0,0.0,25.0,20.0,65.0,5.0,20.0,84.0,10.0,2.65
matirani papir 135 g,300 dot,171,0.0,0.0,31.0,25.0,72.0,50.0,-1.0,79.0,75.0,-3.0,5.67
matirani papir 135 g,300 dot,172,0.0,31.0,31.0,25.0,62.0,48.0,10.0,63.0,74.0,12.0,2.23
matirani papir 135 g,300 dot,173,0.0,72.0,31.0,25.0,45.0,48.0,31.0,44.0,44.0,39.0,3.54
matirani papir 135 g,300 dot,174,0.0,100.0,31.0,25.0,36.0,59.0,47.0,37.0,69.0,53.0,2.17
matirani papir 135 g,300 dot,175,21.0,0.0,31.0,25.0,65.0,31.0,-7.0,70.0,79.0,-6.0,5.56
matirani papir 135 g,300 dot,176,21.0,31.0,31.0,25.0,52.0,82.0,4.0,56.0,45.0,3.0,4.45
matirani papir 135 g,300 dot,177,21.0,72.0,31.0,25.0,38.0,52.0,25.0,38.0,80.0,32.0,3.36
matirani papir 135 g,300 dot,178,21.0,100.0,31.0,25.0,31.0,57.0,37.0,32.0,7.0,44.0,2.48
matirani papir 135 g,300 dot,179,52.0,0.0,31.0,25.0,55.0,12.0,-17.0,60.0,69.0,-19.0,5.33
matirani papir 135 g,300 dot,180,52.0,31.0,31.0,25.0,44.0,98.0,-5.0,48.0,7.0,-7.0,4.23
matirani papir 135 g,300 dot,181,52.0,72.0,31.0,25.0,30.0,8.0,12.0,31.0,10.0,19.0,4.68
matirani papir 135 g,300 dot,182,52.0,100.0,31.0,25.0,24.0,30.0,24.0,25.0,35.0,31.0,3.43
matirani papir 135 g,300 dot,183,81.0,0.0,31.0,25.0,46.0,79.0,-27.0,50.0,34.0,-33.0,4.45
matirani papir 135 g,300 dot,184,81.0,31.0,31.0,25.0,36.0,78.0,-15.0,39.0,35.0,-19.0,3.6
matirani papir 135 g,300 dot,185,81.0,72.0,31.0,25.0,24.0,81.0,1.0,23.0,60.0,3.0,2.1
matirani papir 135 g,300 dot,186,81.0,100.0,31.0,25.0,20.0,61.0,11.0,19.0,16.0,14.0,2.61
matirani papir 135 g,300 dot,187,100.0,0.0,31.0,25.0,42.0,0.0,-39.0,47.0,74.0,-44.0,6.0
matirani papir 135 g,300 dot,188,100.0,31.0,31.0,25.0,32.0,74.0,-23.0,35.0,55.0,-29.0,3.84
matirani papir 135 g,300 dot,189,100.0,72.0,31.0,25.0,20.0,57.0,-4.0,21.0,34.0,-4.0,1.17
matirani papir 135 g,300 dot,190,100.0,100.0,31.0,25.0,15.0,96.0,3.0,16.0,40.0,6.0,2.84
matirani papir 135 g,300 dot,191,0.0,0.0,72.0,25.0,67.0,16.0,-2.0,76.0,48.0,-4.0,7.83
matirani papir 135 g,300 dot,192,0.0,31.0,72.0,25.0,56.0,31.0,10.0,58.0,30.0,14.0,2.99
matirani papir 135 g,300 dot,193,0.0,72.0,72.0,25.0,42.0,79.0,31.0,42.0,95.0,41.0,4.69
matirani papir 135 g,300 dot,194,0.0,100.0,72.0,25.0,34.0,59.0,47.0,37.0,42.0,53.0,2.98
matirani papir 135 g,300 dot,195,21.0,0.0,72.0,25.0,59.0,48.0,-7.0,65.0,73.0,-7.0,6.21
matirani papir 135 g,300 dot,196,21.0,31.0,72.0,25.0,48.0,17.0,4.0,54.0,9.0,5.0,6.16
matirani papir 135 g,300 dot,197,21.0,72.0,72.0,25.0,37.0,44.0,23.0,37.0,54.0,32.0,3.93
matirani papir 135 g,300 dot,198,21.0,100.0,72.0,25.0,31.0,7.0,37.0,31.0,76.0,42.0,2.3
matirani papir 135 g,300 dot,199,52.0,0.0,72.0,25.0,52.0,33.0,-19.0,55.0,25.0,-22.0,3.92
matirani papir 135 g,300 dot,200,52.0,31.0,72.0,25.0,40.0,22.0,-6.0,43.0,37.0,-7.0,4.17
matirani papir 135 g,300 dot,201,52.0,72.0,72.0,25.0,28.0,1.0,10.0,26.0,96.0,15.0,3.56
matirani papir 135 g,300 dot,202,52.0,100.0,72.0,25.0,21.0,76.0,21.0,21.0,13.0,27.0,3.15
matirani papir 135 g,300 dot,203,81.0,0.0,72.0,25.0,42.0,64.0,-34.0,46.0,35.0,-39.0,4.45
matirani papir 135 g,300 dot,204,81.0,31.0,72.0,25.0,32.0,65.0,-20.0,35.0,47.0,-23.0,3.78
matirani papir 135 g,300 dot,205,81.0,72.0,72.0,25.0,19.0,89.0,-0.0,20.0,82.0,-1.0,2.88
matirani papir 135 g,300 dot,206,81.0,100.0,72.0,25.0,15.0,55.0,7.0,13.0,94.0,12.0,4.56
matirani papir 135 g,300 dot,207,100.0,0.0,72.0,25.0,37.0,23.0,-49.0,43.0,10.0,-52.0,5.52
matirani papir 135 g,300 dot,208,100.0,31.0,72.0,25.0,28.0,64.0,-30.0,32.0,50.0,-35.0,3.95
matirani papir 135 g,300 dot,209,100.0,72.0,72.0,25.0,16.0,29.0,-6.0,18.0,42.0,-10.0,3.94
matirani papir 135 g,300 dot,210,100.0,100.0,72.0,25.0,12.0,24.0,1.0,13.0,60.0,1.0,1.26
matirani papir 135 g,300 dot,211,0.0,0.0,100.0,25.0,66.0,11.0,-2.0,74.0,27.0,-3.0,6.89
matirani papir 135 g,300 dot,212,0.0,31.0,100.0,25.0,56.0,31.0,11.0,58.0,28.0,13.0,2.61
matirani papir 135 g,300 dot,213,0.0,72.0,100.0,25.0,43.0,48.0,32.0,42.0,38.0,39.0,3.53
matirani papir 135 g,300 dot,214,0.0,100.0,100.0,25.0,36.0,45.0,45.0,37.0,52.0,51.0,2.27
matirani papir 135 g,300 dot,215,21.0,0.0,100.0,25.0,59.0,94.0,-7.0,64.0,42.0,-7.0,4.8
matirani papir 135 g,300 dot,216,21.0,31.0,100.0,25.0,49.0,7.0,3.0,52.0,59.0,4.0,4.2
matirani papir 135 g,300 dot,217,21.0,72.0,100.0,25.0,35.0,78.0,24.0,36.0,31.0,33.0,4.01
matirani papir 135 g,300 dot,218,21.0,100.0,100.0,25.0,29.0,75.0,37.0,31.0,64.0,43.0,2.79
matirani papir 135 g,300 dot,219,52.0,0.0,100.0,25.0,49.0,95.0,-20.0,54.0,36.0,-23.0,4.98
matirani papir 135 g,300 dot,220,52.0,31.0,100.0,25.0,37.0,47.0,-8.0,41.0,51.0,-8.0,4.78
matirani papir 135 g,300 dot,221,52.0,72.0,100.0,25.0,24.0,97.0,11.0,26.0,71.0,16.0,3.73
matirani papir 135 g,300 dot,222,52.0,100.0,100.0,25.0,21.0,51.0,21.0,22.0,42.0,27.0,3.14
matirani papir 135 g,300 dot,223,81.0,0.0,100.0,25.0,40.0,85.0,-39.0,45.0,79.0,-42.0,4.79
matirani papir 135 g,300 dot,224,81.0,31.0,100.0,25.0,31.0,68.0,-23.0,36.0,36.0,-26.0,4.45
matirani papir 135 g,300 dot,225,81.0,72.0,100.0,25.0,19.0,74.0,-1.0,23.0,72.0,-2.0,4.57
matirani papir 135 g,300 dot,226,81.0,100.0,100.0,25.0,15.0,74.0,6.0,16.0,4.0,9.0,3.47
matirani papir 135 g,300 dot,227,100.0,0.0,100.0,25.0,37.0,86.0,-51.0,42.0,11.0,-54.0,4.35
matirani papir 135 g,300 dot,228,100.0,31.0,100.0,25.0,30.0,53.0,-32.0,31.0,77.0,-37.0,2.54
matirani papir 135 g,300 dot,229,100.0,72.0,100.0,25.0,18.0,13.0,-7.0,18.0,31.0,-11.0,3.36
matirani papir 135 g,300 dot,230,100.0,100.0,100.0,25.0,12.0,59.0,-0.0,14.0,38.0,-1.0,2.24
matirani papir 135 g,300 dot,231,0.0,0.0,0.0,60.0,42.0,13.0,-0.0,41.0,99.0,-1.0,0.72
matirani papir 135 g,300 dot,232,0.0,31.0,0.0,60.0,37.0,84.0,6.0,37.0,96.0,7.0,1.83
matirani papir 135 g,300 dot,233,0.0,72.0,0.0,60.0,27.0,33.0,19.0,26.0,38.0,26.0,3.78
matirani papir 135 g,300 dot,234,0.0,100.0,0.0,60.0,20.0,23.0,28.0,20.0,53.0,34.0,2.21
matirani papir 135 g,300 dot,235,31.0,0.0,0.0,60.0,39.0,28.0,-5.0,43.0,87.0,-7.0,4.72
matirani papir 135 g,300 dot,236,31.0,31.0,0.0,60.0,30.0,73.0,1.0,32.0,30.0,2.0,1.96
matirani papir 135 g,300 dot,237,31.0,72.0,0.0,60.0,20.0,61.0,13.0,21.0,53.0,19.0,4.23
matirani papir 135 g,300 dot,238,31.0,100.0,0.0,60.0,16.0,38.0,22.0,18.0,76.0,28.0,3.33
matirani papir 135 g,300 dot,239,72.0,0.0,0.0,60.0,29.0,93.0,-13.0,33.0,32.0,-19.0,4.51
matirani papir 135 g,300 dot,240,72.0,31.0,0.0,60.0,24.0,88.0,-6.0,25.0,94.0,-7.0,1.56
matirani papir 135 g,300 dot,241,72.0,72.0,0.0,60.0,18.0,45.0,4.0,17.0,5.0,7.0,2.61
matirani papir 135 g,300 dot,242,72.0,100.0,0.0,60.0,15.0,3.0,12.0,13.0,76.0,15.0,2.36
matirani papir 135 g,300 dot,243,100.0,0.0,0.0,60.0,25.0,48.0,-19.0,28.0,22.0,-25.0,3.54
matirani papir 135 g,300 dot,244,100.0,31.0,0.0,60.0,20.0,32.0,-11.0,21.0,73.0,-15.0,3.0
matirani papir 135 g,300 dot,245,100.0,72.0,0.0,60.0,14.0,73.0,-0.0,13.0,94.0,0.0,1.64
matirani papir 135 g,300 dot,246,100.0,100.0,0.0,60.0,11.0,94.0,4.0,11.0,46.0,7.0,2.68
matirani papir 135 g,300 dot,247,0.0,0.0,31.0,60.0,41.0,74.0,-1.0,46.0,97.0,-2.0,5.33
matirani papir 135 g,300 dot,248,0.0,31.0,31.0,60.0,34.0,49.0,6.0,36.0,52.0,7.0,2.08
matirani papir 135 g,300 dot,249,0.0,72.0,31.0,60.0,25.0,25.0,18.0,25.0,31.0,26.0,3.99
matirani papir 135 g,300 dot,250,0.0,100.0,31.0,60.0,19.0,16.0,28.0,20.0,97.0,33.0,2.44
matirani papir 135 g,300 dot,251,31.0,0.0,31.0,60.0,35.0,97.0,-6.0,40.0,13.0,-7.0,4.58
matirani papir 135 g,300 dot,252,31.0,31.0,31.0,60.0,30.0,51.0,0.0,33.0,59.0,-1.0,3.53
matirani papir 135 g,300 dot,253,31.0,72.0,31.0,60.0,22.0,13.0,12.0,22.0,36.0,17.0,3.88
matirani papir 135 g,300 dot,254,31.0,100.0,31.0,60.0,18.0,4.0,19.0,17.0,45.0,24.0,2.82
matirani papir 135 g,300 dot,255,72.0,0.0,31.0,60.0,28.0,47.0,-15.0,30.0,60.0,-19.0,3.08
matirani papir 135 g,300 dot,256,72.0,31.0,31.0,60.0,24.0,31.0,-6.0,25.0,9.0,-10.0,3.78
matirani papir 135 g,300 dot,257,72.0,72.0,31.0,60.0,16.0,82.0,3.0,17.0,4.0,4.0,1.71
matirani papir 135 g,300 dot,258,72.0,100.0,31.0,60.0,12.0,80.0,9.0,11.0,50.0,13.0,3.41
matirani papir 135 g,300 dot,259,100.0,0.0,31.0,60.0,24.0,6.0,-23.0,27.0,61.0,-29.0,4.03
matirani papir 135 g,300 dot,260,100.0,31.0,31.0,60.0,19.0,22.0,-12.0,20.0,63.0,-18.0,4.41
matirani papir 135 g,300 dot,261,100.0,72.0,31.0,60.0,12.0,63.0,-1.0,12.0,70.0,-3.0,3.09
matirani papir 135 g,300 dot,262,100.0,100.0,31.0,60.0,10.0,55.0,3.0,9.0,87.0,5.0,2.19
matirani papir 135 g,300 dot,263,0.0,0.0,72.0,60.0,40.0,57.0,-2.0,45.0,37.0,-3.0,5.44
matirani papir 135 g,300 dot,264,0.0,31.0,72.0,60.0,32.0,36.0,4.0,35.0,2.0,7.0,3.48
matirani papir 135 g,300 dot,265,0.0,72.0,72.0,60.0,24.0,9.0,19.0,26.0,15.0,27.0,4.32
matirani papir 135 g,300 dot,266,0.0,100.0,72.0,60.0,19.0,74.0,27.0,22.0,65.0,34.0,3.41
matirani papir 135 g,300 dot,267,31.0,0.0,72.0,60.0,33.0,69.0,-7.0,37.0,63.0,-8.0,4.64
matirani papir 135 g,300 dot,268,31.0,31.0,72.0,60.0,28.0,16.0,-0.0,31.0,77.0,-1.0,4.26
matirani papir 135 g,300 dot,269,31.0,72.0,72.0,60.0,21.0,20.0,11.0,20.0,44.0,16.0,3.52
matirani papir 135 g,300 dot,270,31.0,100.0,72.0,60.0,16.0,98.0,16.0,17.0,33.0,21.0,3.01
matirani papir 135 g,300 dot,271,72.0,0.0,72.0,60.0,25.0,99.0,-17.0,27.0,60.0,-22.0,3.05
matirani papir 135 g,300 dot,272,72.0,31.0,72.0,60.0,20.0,59.0,-9.0,22.0,29.0,-12.0,3.43
matirani papir 135 g,300 dot,273,72.0,72.0,72.0,60.0,14.0,64.0,0.0,16.0,30.0,1.0,1.84
matirani papir 135 g,300 dot,274,72.0,100.0,72.0,60.0,10.0,77.0,6.0,10.0,14.0,10.0,3.92
matirani papir 135 g,300 dot,275,100.0,0.0,72.0,60.0,20.0,86.0,-26.0,24.0,20.0,-33.0,3.78
matirani papir 135 g,300 dot,276,100.0,31.0,72.0,60.0,16.0,90.0,-14.0,18.0,46.0,-20.0,3.99
matirani papir 135 g,300 dot,277,100.0,72.0,72.0,60.0,11.0,35.0,-3.0,11.0,99.0,-6.0,3.91
matirani papir 135 g,300 dot,278,100.0,100.0,72.0,60.0,9.0,1.0,1.0,9.0,84.0,0.0,1.24
matirani papir 135 g,300 dot,279,0.0,0.0,100.0,60.0,38.0,11.0,-3.0,43.0,86.0,-3.0,5.85
matirani papir 135 g,300 dot,280,0.0,31.0,100.0,60.0,30.0,14.0,4.0,34.0,64.0,6.0,4.54
matirani papir 135 g,300 dot,281,0.0,72.0,100.0,60.0,23.0,81.0,17.0,25.0,53.0,22.0,3.49
matirani papir 135 g,300 dot,282,0.0,100.0,100.0,60.0,20.0,97.0,24.0,22.0,32.0,29.0,2.64
matirani papir 135 g,300 dot,283,31.0,0.0,100.0,60.0,34.0,4.0,-9.0,36.0,3.0,-9.0,2.77
matirani papir 135 g,300 dot,284,31.0,31.0,100.0,60.0,27.0,89.0,-1.0,31.0,74.0,-1.0,3.87
matirani papir 135 g,300 dot,285,31.0,72.0,100.0,60.0,20.0,37.0,9.0,20.0,73.0,14.0,3.93
matirani papir 135 g,300 dot,286,31.0,100.0,100.0,60.0,15.0,98.0,15.0,17.0,50.0,20.0,3.42
matirani papir 135 g,300 dot,287,72.0,0.0,100.0,60.0,24.0,51.0,-21.0,27.0,64.0,-24.0,3.08
matirani papir 135 g,300 dot,288,72.0,31.0,100.0,60.0,18.0,52.0,-11.0,20.0,33.0,-13.0,2.86
matirani papir 135 g,300 dot,289,72.0,72.0,100.0,60.0,12.0,42.0,-0.0,15.0,10.0,1.0,3.5
matirani papir 135 g,300 dot,290,72.0,100.0,100.0,60.0,11.0,51.0,4.0,11.0,19.0,8.0,4.28
matirani papir 135 g,300 dot,291,100.0,0.0,100.0,60.0,20.0,83.0,-29.0,23.0,75.0,-34.0,3.01
matirani papir 135 g,300 dot,292,100.0,31.0,100.0,60.0,16.0,15.0,-18.0,18.0,6.0,-21.0,2.59
matirani papir 135 g,300 dot,293,100.0,72.0,100.0,60.0,10.0,57.0,-4.0,12.0,46.0,-7.0,3.26
matirani papir 135 g,300 dot,294,100.0,100.0,100.0,60.0,8.0,77.0,-0.0,10.0,96.0,-1.0,2.24
matirani papir 135 g,300 dot,295,0.0,0.0,0.0,88.0,17.0,79.0,-0.0,20.0,71.0,-0.0,2.06
matirani papir 135 g,300 dot,296,0.0,52.0,0.0,88.0,14.0,36.0,6.0,15.0,90.0,8.0,2.97
matirani papir 135 g,300 dot,297,0.0,100.0,0.0,88.0,11.0,67.0,11.0,11.0,29.0,14.0,2.73
matirani papir 135 g,300 dot,298,31.0,0.0,0.0,88.0,19.0,7.0,-2.0,19.0,86.0,-4.0,3.1
matirani papir 135 g,300 dot,299,31.0,52.0,0.0,88.0,14.0,5.0,3.0,13.0,59.0,6.0,2.74
matirani papir 135 g,300 dot,300,31.0,100.0,0.0,88.0,9.0,53.0,9.0,9.0,81.0,13.0,3.38
matirani papir 135 g,300 dot,301,72.0,0.0,0.0,88.0,12.0,78.0,-4.0,14.0,7.0,-8.0,4.42
matirani papir 135 g,300 dot,302,72.0,52.0,0.0,88.0,9.0,5.0,1.0,9.0,6.0,1.0,1.66
matirani papir 135 g,300 dot,303,72.0,100.0,0.0,88.0,8.0,35.0,6.0,8.0,8.0,8.0,1.96
matirani papir 135 g,300 dot,304,100.0,0.0,0.0,88.0,10.0,56.0,-4.0,12.0,63.0,-9.0,4.59
matirani papir 135 g,300 dot,305,100.0,52.0,0.0,88.0,8.0,53.0,0.0,9.0,31.0,-1.0,2.8
matirani papir 135 g,300 dot,306,100.0,100.0,0.0,88.0,7.0,74.0,4.0,8.0,0.0,4.0,1.58
matirani papir 135 g,300 dot,307,0.0,0.0,52.0,88.0,17.0,0.0,-1.0,20.0,52.0,-2.0,3.83
matirani papir 135 g,300 dot,308,0.0,52.0,52.0,88.0,12.0,79.0,4.0,13.0,46.0,8.0,3.67
matirani papir 135 g,300 dot,309,0.0,100.0,52.0,88.0,12.0,31.0,8.0,12.0,84.0,12.0,3.37
matirani papir 135 g,300 dot,310,31.0,0.0,52.0,88.0,16.0,77.0,-4.0,19.0,35.0,-5.0,3.25
matirani papir 135 g,300 dot,311,31.0,52.0,52.0,88.0,13.0,28.0,1.0,13.0,89.0,3.0,2.88
matirani papir 135 g,300 dot,312,31.0,100.0,52.0,88.0,10.0,15.0,5.0,10.0,99.0,9.0,3.63
matirani papir 135 g,300 dot,313,72.0,0.0,52.0,88.0,14.0,12.0,-6.0,14.0,34.0,-9.0,2.97
matirani papir 135 g,300 dot,314,72.0,52.0,52.0,88.0,10.0,52.0,-0.0,12.0,10.0,-2.0,2.6
matirani papir 135 g,300 dot,315,72.0,100.0,52.0,88.0,8.0,90.0,3.0,8.0,97.0,4.0,2.15
matirani papir 135 g,300 dot,316,100.0,0.0,52.0,88.0,11.0,9.0,-7.0,12.0,69.0,-11.0,4.21
matirani papir 135 g,300 dot,317,100.0,52.0,52.0,88.0,8.0,38.0,-1.0,10.0,9.0,-4.0,4.63
matirani papir 135 g,300 dot,318,100.0,100.0,52.0,88.0,8.0,91.0,1.0,9.0,68.0,0.0,0.87
matirani papir 135 g,300 dot,319,0.0,0.0,100.0,88.0,18.0,22.0,-4.0,20.0,4.0,-4.0,3.62
matirani papir 135 g,300 dot,320,0.0,52.0,100.0,88.0,13.0,64.0,2.0,14.0,43.0,5.0,3.92
matirani papir 135 g,300 dot,321,0.0,100.0,100.0,88.0,11.0,46.0,7.0,13.0,49.0,10.0,3.75
matirani papir 135 g,300 dot,322,31.0,0.0,100.0,88.0,14.0,3.0,-5.0,17.0,41.0,-5.0,4.62
matirani papir 135 g,300 dot,323,31.0,52.0,100.0,88.0,13.0,13.0,-0.0,15.0,9.0,1.0,4.35
matirani papir 135 g,300 dot,324,31.0,100.0,100.0,88.0,11.0,60.0,3.0,12.0,24.0,7.0,3.8
matirani papir 135 g,300 dot,325,72.0,0.0,100.0,88.0,13.0,33.0,-8.0,14.0,34.0,-10.0,2.97
matirani papir 135 g,300 dot,326,72.0,52.0,100.0,88.0,11.0,84.0,-2.0,13.0,73.0,-3.0,2.48
matirani papir 135 g,300 dot,327,72.0,100.0,100.0,88.0,10.0,76.0,1.0,11.0,55.0,2.0,1.95
matirani papir 135 g,300 dot,328,100.0,0.0,100.0,88.0,12.0,10.0,-10.0,13.0,43.0,-12.0,2.16
matirani papir 135 g,300 dot,329,100.0,52.0,100.0,88.0,9.0,53.0,-3.0,10.0,93.0,-6.0,2.98
matirani papir 135 g,300 dot,330,100.0,100.0,100.0,88.0,10.0,2.0,-0.0,10.0,51.0,-0.0,1.7
matirani papir 135 g,300 dot,331,0.0,0.0,0.0,100.0,12.0,1.0,-0.0,11.0,25.0,-0.0,0.63
matirani papir 135 g,300 dot,332,0.0,52.0,0.0,100.0,9.0,42.0,3.0,8.0,58.0,5.0,2.84
matirani papir 135 g,300 dot,333,0.0,100.0,0.0,100.0,8.0,90.0,5.0,8.0,25.0,8.0,3.52
matirani papir 135 g,300 dot,334,52.0,0.0,0.0,100.0,8.0,71.0,-0.0,9.0,32.0,-3.0,3.93
matirani papir 135 g,300 dot,335,52.0,52.0,0.0,100.0,8.0,38.0,1.0,8.0,22.0,1.0,1.27
matirani papir 135 g,300 dot,336,52.0,100.0,0.0,100.0,7.0,82.0,4.0,8.0,39.0,5.0,1.5
matirani papir 135 g,300 dot,337,100.0,0.0,0.0,100.0,9.0,19.0,0.0,11.0,19.0,-3.0,5.37
matirani papir 135 g,300 dot,338,100.0,52.0,0.0,100.0,8.0,52.0,1.0,10.0,39.0,-0.0,2.92
matirani papir 135 g,300 dot,339,100.0,100.0,0.0,100.0,8.0,77.0,2.0,10.0,1.0,2.0,1.4
matirani papir 135 g,300 dot,340,0.0,0.0,52.0,100.0,10.0,88.0,-1.0,14.0,51.0,-2.0,2.97
matirani papir 135 g,300 dot,341,0.0,52.0,52.0,100.0,9.0,69.0,1.0,11.0,70.0,3.0,2.75
matirani papir 135 g,300 dot,342,0.0,100.0,52.0,100.0,8.0,85.0,3.0,9.0,52.0,7.0,3.76
matirani papir 135 g,300 dot,343,52.0,0.0,52.0,100.0,9.0,78.0,-2.0,10.0,49.0,-4.0,2.72
matirani papir 135 g,300 dot,344,52.0,52.0,52.0,100.0,9.0,89.0,0.0,10.0,65.0,0.0,1.03
matirani papir 135 g,300 dot,345,52.0,100.0,52.0,100.0,8.0,75.0,2.0,8.0,47.0,3.0,1.48
matirani papir 135 g,300 dot,346,100.0,0.0,52.0,100.0,8.0,88.0,-2.0,9.0,53.0,-5.0,3.64
matirani papir 135 g,300 dot,347,100.0,52.0,52.0,100.0,10.0,7.0,-1.0,9.0,23.0,-2.0,1.43
matirani papir 135 g,300 dot,348,100.0,100.0,52.0,100.0,10.0,92.0,0.0,9.0,6.0,0.0,1.21
matirani papir 135 g,300 dot,349,0.0,0.0,100.0,100.0,9.0,96.0,-3.0,12.0,6.0,-3.0,2.83
matirani papir 135 g,300 dot,350,0.0,52.0,100.0,100.0,9.0,70.0,0.0,11.0,10.0,2.0,3.23
matirani papir 135 g,300 dot,351,0.0,100.0,100.0,100.0,9.0,93.0,2.0,11.0,18.0,5.0,3.47
matirani papir 135 g,300 dot,352,52.0,0.0,100.0,100.0,10.0,51.0,-3.0,11.0,97.0,-6.0,2.93
matirani papir 135 g,300 dot,353,52.0,52.0,100.0,100.0,10.0,27.0,-0.0,14.0,29.0,-1.0,2.79
matirani papir 135 g,300 dot,354,52.0,100.0,100.0,100.0,10.0,15.0,1.0,12.0,17.0,1.0,1.54
matirani papir 135 g,300 dot,355,100.0,0.0,100.0,100.0,10.0,7.0,-4.0,11.0,60.0,-7.0,3.61
matirani papir 135 g,300 dot,356,100.0,52.0,100.0,100.0,9.0,77.0,-1.0,10.0,49.0,-3.0,1.94
matirani papir 135 g,300 dot,357,100.0,100.0,100.0,100.0,10.0,38.0,-0.0,11.0,78.0,-0.0,0.93
matirani papir 135 g,300 dot,358,5.0,0.0,0.0,0.0,93.0,98.0,-0.0,94.0,51.0,0.0,1.78
matirani papir 135 g,300 dot,359,28.0,0.0,0.0,0.0,84.0,93.0,-9.0,87.0,38.0,-8.0,2.32
matirani papir 135 g,300 dot,360,95.0,0.0,0.0,0.0,55.0,18.0,-36.0,55.0,70.0,-39.0,0.89
matirani papir 135 g,300 dot,361,0.0,4.0,0.0,0.0,94.0,70.0,0.0,94.0,73.0,0.0,0.17
matirani papir 135 g,300 dot,362,0.0,11.0,0.0,0.0,92.0,54.0,2.0,94.0,26.0,0.0,2.44
matirani papir 135 g,300 dot,363,0.0,93.0,0.0,0.0,49.0,21.0,60.0,46.0,97.0,66.0,2.73
matirani papir 135 g,300 dot,364,0.0,0.0,4.0,0.0,94.0,89.0,0.0,94.0,63.0,0.0,0.53
matirani papir 135 g,300 dot,365,0.0,0.0,11.0,0.0,94.0,37.0,-0.0,94.0,16.0,-0.0,1.72
matirani papir 135 g,300 dot,366,0.0,0.0,93.0,0.0,88.0,12.0,-3.0,88.0,72.0,-4.0,0.79
matirani papir 135 g,300 dot,367,0.0,0.0,0.0,4.0,89.0,95.0,0.0,93.0,79.0,0.0,2.39
matirani papir 135 g,300 dot,368,0.0,0.0,0.0,13.0,82.0,20.0,0.0,90.0,1.0,0.0,5.11
matirani papir 135 g,300 dot,369,0.0,0.0,0.0,95.0,13.0,28.0,-0.0,18.0,24.0,-0.0,3.32
matirani papir 135 g,300 dot,370,9.0,7.0,7.0,0.0,87.0,8.0,-0.0,93.0,20.0,0.0,3.98
matirani papir 135 g,300 dot,371,19.0,15.0,15.0,0.0,75.0,37.0,-0.0,85.0,12.0,-0.0,6.96
matirani papir 135 g,300 dot,372,29.0,23.0,23.0,0.0,66.0,88.0,-0.0,72.0,1.0,-0.0,4.38
matirani papir 135 g,300 dot,373,39.0,31.0,31.0,0.0,57.0,35.0,-0.0,60.0,98.0,-1.0,3.67
matirani papir 135 g,300 dot,374,49.0,39.0,39.0,4.0,45.0,98.0,-0.0,45.0,36.0,-1.0,1.97
matirani papir 135 g,300 dot,375,59.0,47.0,47.0,16.0,36.0,17.0,-1.0,34.0,27.0,-1.0,2.76
matirani papir 135 g,300 dot,376,69.0,55.0,55.0,31.0,26.0,70.0,-2.0,25.0,65.0,-2.0,2.35
matirani papir 135 g,300 dot,377,79.0,63.0,63.0,48.0,18.0,4.0,-2.0,17.0,61.0,-4.0,2.58
matirani papir 135 g,300 dot,378,89.0,71.0,71.0,72.0,11.0,98.0,-1.0,12.0,89.0,-3.0,3.17
matirani papir 135 g,300 dot,379,99.0,79.0,79.0,100.0,13.0,30.0,-0.0,12.0,51.0,-1.0,1.35
matirani papir 135 g,300 dot,380,9.0,7.0,7.0,0.0,88.0,7.0,-0.0,93.0,39.0,0.0,3.57
matirani papir 135 g,300 dot,381,18.0,14.0,14.0,0.0,77.0,99.0,-0.0,87.0,31.0,-0.0,6.53
matirani papir 135 g,300 dot,382,27.0,21.0,21.0,0.0,70.0,0.0,-0.0,74.0,20.0,-0.0,3.53
matirani papir 135 g,300 dot,383,36.0,29.0,29.0,0.0,59.0,44.0,-0.0,64.0,78.0,-0.0,4.76
matirani papir 135 g,300 dot,384,45.0,36.0,36.0,0.0,50.0,92.0,-0.0,53.0,45.0,-1.0,2.76
matirani papir 135 g,300 dot,385,54.0,43.0,43.0,0.0,43.0,52.0,-1.0,45.0,65.0,-1.0,2.47
matirani papir 135 g,300 dot,386,63.0,50.0,50.0,0.0,36.0,94.0,-1.0,39.0,27.0,-1.0,2.76
matirani papir 135 g,300 dot,387,72.0,58.0,58.0,0.0,31.0,43.0,-2.0,32.0,55.0,-2.0,2.36
matirani papir 135 g,300 dot,388,81.0,65.0,65.0,2.0,26.0,93.0,-4.0,27.0,19.0,-4.0,2.02
matirani papir 135 g,300 dot,389,90.0,72.0,72.0,49.0,16.0,21.0,-3.0,14.0,93.0,-5.0,2.84
matirani papir 135 g,300 dot,390,24.0,19.0,19.0,11.0,63.0,64.0,-0.0,67.0,93.0,-1.0,4.06
matirani papir 135 g,300 dot,391,49.0,39.0,39.0,30.0,34.0,1.0,-1.0,35.0,86.0,-1.0,1.98
matirani papir 135 g,300 dot,392,74.0,59.0,59.0,59.0,18.0,39.0,-2.0,18.0,68.0,-2.0,1.97
matirani papir 135 g,300 dot,393,28.0,0.0,0.0,0.0,84.0,86.0,-9.0,86.0,75.0,-8.0,1.77
matirani papir 135 g,300 dot,394,64.0,0.0,0.0,0.0,66.0,52.0,-26.0,66.0,69.0,-30.0,1.65
matirani papir 135 g,300 dot,395,0.0,21.0,0.0,0.0,88.0,61.0,7.0,92.0,58.0,2.0,5.58
matirani papir 135 g,300 dot,396,0.0,52.0,0.0,0.0,72.0,43.0,25.0,71.0,3.0,30.0,2.56
matirani papir 135 g,300 dot,397,0.0,0.0,21.0,0.0,93.0,55.0,-1.0,93.0,77.0,-1.0,0.61
matirani papir 135 g,300 dot,398,0.0,0.0,52.0,0.0,90.0,53.0,-3.0,91.0,80.0,-3.0,0.86
matirani papir 135 g,300 dot,399,0.0,0.0,0.0,25.0,69.0,93.0,-0.0,74.0,22.0,-0.0,3.26
matirani papir 135 g,300 dot,400,0.0,0.0,0.0,60.0,38.0,41.0,-0.0,40.0,50.0,-1.0,1.93
matirani papir 135 g,600 dot,1,0.0,0.0,0.0,0.0,94.0,88.0,0.0,94.0,78.0,0.0,0.62
matirani papir 135 g,600 dot,2,0.0,21.0,0.0,0.0,86.0,34.0,9.0,93.0,4.0,2.0,8.21
matirani papir 135 g,600 dot,3,0.0,52.0,0.0,0.0,70.0,79.0,25.0,60.0,54.0,48.0,12.92
matirani papir 135 g,600 dot,4,0.0,81.0,0.0,0.0,57.0,8.0,45.0,48.0,70.0,64.0,10.32
matirani papir 135 g,600 dot,5,0.0,100.0,0.0,0.0,48.0,51.0,60.0,45.0,29.0,68.0,4.15
matirani papir 135 g,600 dot,6,16.0,0.0,0.0,0.0,89.0,18.0,-3.0,94.0,26.0,0.0,6.49
matirani papir 135 g,600 dot,7,16.0,21.0,0.0,0.0,80.0,77.0,5.0,91.0,56.0,3.0,8.42
matirani papir 135 g,600 dot,8,16.0,52.0,0.0,0.0,65.0,7.0,21.0,58.0,63.0,50.0,12.47
matirani papir 135 g,600 dot,9,16.0,81.0,0.0,0.0,52.0,12.0,38.0,47.0,55.0,66.0,9.56
matirani papir 135 g,600 dot,10,16.0,100.0,0.0,0.0,43.0,94.0,53.0,44.0,27.0,69.0,4.23
matirani papir 135 g,600 dot,11,39.0,0.0,0.0,0.0,79.0,7.0,-12.0,79.0,32.0,-18.0,3.83
matirani papir 135 g,600 dot,12,39.0,21.0,0.0,0.0,70.0,90.0,-3.0,74.0,86.0,-14.0,8.32
matirani papir 135 g,600 dot,13,39.0,52.0,0.0,0.0,57.0,10.0,11.0,49.0,29.0,31.0,12.75
matirani papir 135 g,600 dot,14,39.0,81.0,0.0,0.0,44.0,3.0,28.0,39.0,30.0,48.0,8.47
matirani papir 135 g,600 dot,15,39.0,100.0,0.0,0.0,38.0,68.0,41.0,36.0,8.0,53.0,4.25
matirani papir 135 g,600 dot,16,64.0,0.0,0.0,0.0,69.0,7.0,-21.0,63.0,89.0,-34.0,7.06
matirani papir 135 g,600 dot,17,64.0,21.0,0.0,0.0,62.0,71.0,-13.0,61.0,8.0,-29.0,8.14
matirani papir 135 g,600 dot,18,64.0,52.0,0.0,0.0,50.0,61.0,0.0,41.0,15.0,4.0,9.5
matirani papir 135 g,600 dot,19,64.0,81.0,0.0,0.0,39.0,6.0,16.0,31.0,31.0,24.0,7.91
matirani papir 135 g,600 dot,20,64.0,100.0,0.0,0.0,33.0,42.0,26.0,26.0,5.0,33.0,6.68
matirani papir 135 g,600 dot,21,85.0,0.0,0.0,0.0,61.0,4.0,-30.0,57.0,31.0,-40.0,4.84
matirani papir 135 g,600 dot,22,85.0,21.0,0.0,0.0,54.0,43.0,-23.0,54.0,58.0,-37.0,5.25
matirani papir 135 g,600 dot,23,85.0,52.0,0.0,0.0,43.0,27.0,-9.0,36.0,35.0,-3.0,7.01
matirani papir 135 g,600 dot,24,85.0,81.0,0.0,0.0,33.0,27.0,4.0,25.0,66.0,15.0,7.3
matirani papir 135 g,600 dot,25,85.0,100.0,0.0,0.0,27.0,42.0,14.0,21.0,57.0,21.0,5.17
matirani papir 135 g,600 dot,26,100.0,0.0,0.0,0.0,55.0,24.0,-36.0,53.0,82.0,-40.0,2.06
matirani papir 135 g,600 dot,27,100.0,21.0,0.0,0.0,48.0,25.0,-32.0,52.0,11.0,-40.0,4.74
matirani papir 135 g,600 dot,28,100.0,52.0,0.0,0.0,38.0,20.0,-16.0,34.0,40.0,-8.0,5.31
matirani papir 135 g,600 dot,29,100.0,81.0,0.0,0.0,29.0,66.0,-1.0,24.0,33.0,10.0,7.64
matirani papir 135 g,600 dot,30,100.0,100.0,0.0,0.0,25.0,10.0,7.0,20.0,48.0,16.0,6.02
matirani papir 135 g,600 dot,31,0.0,0.0,21.0,0.0,92.0,43.0,-2.0,94.0,38.0,-0.0,8.47
matirani papir 135 g,600 dot,32,0.0,21.0,21.0,0.0,82.0,87.0,8.0,89.0,93.0,4.0,8.41
matirani papir 135 g,600 dot,33,0.0,52.0,21.0,0.0,68.0,50.0,27.0,57.0,88.0,48.0,12.69
matirani papir 135 g,600 dot,34,0.0,81.0,21.0,0.0,54.0,87.0,46.0,48.0,13.0,61.0,8.28
matirani papir 135 g,600 dot,35,0.0,100.0,21.0,0.0,46.0,23.0,62.0,44.0,17.0,66.0,4.57
matirani papir 135 g,600 dot,36,16.0,0.0,21.0,0.0,86.0,54.0,-6.0,93.0,96.0,-0.0,11.53
matirani papir 135 g,600 dot,37,16.0,21.0,21.0,0.0,72.0,46.0,3.0,83.0,53.0,0.0,10.9
matirani papir 135 g,600 dot,38,16.0,52.0,21.0,0.0,58.0,58.0,19.0,53.0,17.0,41.0,13.21
matirani papir 135 g,600 dot,39,16.0,81.0,21.0,0.0,47.0,21.0,38.0,44.0,11.0,59.0,7.44
matirani papir 135 g,600 dot,40,16.0,100.0,21.0,0.0,41.0,19.0,51.0,42.0,23.0,64.0,3.9
matirani papir 135 g,600 dot,41,39.0,0.0,21.0,0.0,75.0,78.0,-15.0,78.0,79.0,-19.0,10.82
matirani papir 135 g,600 dot,42,39.0,21.0,21.0,0.0,63.0,14.0,-5.0,54.0,44.0,-2.0,8.79
matirani papir 135 g,600 dot,43,39.0,52.0,21.0,0.0,52.0,26.0,11.0,38.0,69.0,23.0,15.14
matirani papir 135 g,600 dot,44,39.0,81.0,21.0,0.0,40.0,51.0,29.0,29.0,63.0,41.0,10.14
matirani papir 135 g,600 dot,45,39.0,100.0,21.0,0.0,35.0,78.0,39.0,31.0,94.0,48.0,4.33
matirani papir 135 g,600 dot,46,64.0,0.0,21.0,0.0,67.0,33.0,-25.0,63.0,14.0,-37.0,9.63
matirani papir 135 g,600 dot,47,64.0,21.0,21.0,0.0,56.0,93.0,-15.0,47.0,28.0,-23.0,10.84
matirani papir 135 g,600 dot,48,64.0,52.0,21.0,0.0,42.0,95.0,0.0,27.0,34.0,3.0,13.31
matirani papir 135 g,600 dot,49,64.0,81.0,21.0,0.0,33.0,12.0,15.0,20.0,12.0,21.0,10.41
matirani papir 135 g,600 dot,50,64.0,100.0,21.0,0.0,28.0,66.0,26.0,20.0,22.0,28.0,7.16
matirani papir 135 g,600 dot,51,85.0,0.0,21.0,0.0,57.0,89.0,-37.0,55.0,68.0,-46.0,4.72
matirani papir 135 g,600 dot,52,85.0,21.0,21.0,0.0,47.0,10.0,-26.0,42.0,15.0,-32.0,5.88
matirani papir 135 g,600 dot,53,85.0,52.0,21.0,0.0,35.0,38.0,-9.0,22.0,56.0,-7.0,9.93
matirani papir 135 g,600 dot,54,85.0,81.0,21.0,0.0,27.0,36.0,3.0,16.0,30.0,9.0,8.49
matirani papir 135 g,600 dot,55,85.0,100.0,21.0,0.0,23.0,61.0,12.0,16.0,51.0,15.0,5.42
matirani papir 135 g,600 dot,56,100.0,0.0,21.0,0.0,51.0,73.0,-44.0,51.0,38.0,-49.0,1.59
matirani papir 135 g,600 dot,57,100.0,21.0,21.0,0.0,45.0,5.0,-34.0,51.0,54.0,-41.0,7.75
matirani papir 135 g,600 dot,58,100.0,52.0,21.0,0.0,33.0,74.0,-16.0,25.0,50.0,-15.0,6.61
matirani papir 135 g,600 dot,59,100.0,81.0,21.0,0.0,26.0,30.0,-2.0,16.0,93.0,4.0,8.47
matirani papir 135 g,600 dot,60,100.0,100.0,21.0,0.0,23.0,26.0,4.0,16.0,38.0,11.0,6.46
matirani papir 135 g,600 dot,61,0.0,0.0,52.0,0.0,89.0,58.0,-2.0,89.0,90.0,-5.0,9.5
matirani papir 135 g,600 dot,62,0.0,21.0,52.0,0.0,80.0,48.0,8.0,81.0,76.0,5.0,9.59
matirani papir 135 g,600 dot,63,0.0,52.0,52.0,0.0,65.0,43.0,28.0,55.0,14.0,46.0,11.49
matirani papir 135 g,600 dot,64,0.0,81.0,52.0,0.0,54.0,79.0,46.0,47.0,45.0,59.0,9.24
matirani papir 135 g,600 dot,65,0.0,100.0,52.0,0.0,45.0,12.0,62.0,43.0,27.0,64.0,7.36
matirani papir 135 g,600 dot,66,16.0,0.0,52.0,0.0,81.0,57.0,-7.0,89.0,14.0,-6.0,12.87
matirani papir 135 g,600 dot,67,16.0,21.0,52.0,0.0,70.0,17.0,2.0,80.0,24.0,-4.0,14.15
matirani papir 135 g,600 dot,68,16.0,52.0,52.0,0.0,58.0,37.0,19.0,50.0,74.0,39.0,11.72
matirani papir 135 g,600 dot,69,16.0,81.0,52.0,0.0,47.0,13.0,37.0,45.0,12.0,55.0,7.52
matirani papir 135 g,600 dot,70,16.0,100.0,52.0,0.0,40.0,22.0,51.0,43.0,3.0,61.0,7.43
matirani papir 135 g,600 dot,71,39.0,0.0,52.0,0.0,72.0,89.0,-16.0,76.0,28.0,-22.0,10.44
matirani papir 135 g,600 dot,72,39.0,21.0,52.0,0.0,61.0,71.0,-5.0,52.0,91.0,-4.0,11.18
matirani papir 135 g,600 dot,73,39.0,52.0,52.0,0.0,49.0,54.0,10.0,33.0,92.0,13.0,14.29
matirani papir 135 g,600 dot,74,39.0,81.0,52.0,0.0,39.0,91.0,26.0,26.0,54.0,28.0,10.92
matirani papir 135 g,600 dot,75,39.0,100.0,52.0,0.0,35.0,16.0,35.0,25.0,40.0,34.0,7.9
matirani papir 135 g,600 dot,76,64.0,0.0,52.0,0.0,62.0,83.0,-29.0,59.0,71.0,-45.0,8.96
matirani papir 135 g,600 dot,77,64.0,21.0,52.0,0.0,52.0,61.0,-18.0,40.0,54.0,-26.0,13.5
matirani papir 135 g,600 dot,78,64.0,52.0,52.0,0.0,37.0,13.0,-1.0,22.0,50.0,-1.0,11.32
matirani papir 135 g,600 dot,79,64.0,81.0,52.0,0.0,28.0,74.0,13.0,15.0,43.0,21.0,10.71
matirani papir 135 g,600 dot,80,64.0,100.0,52.0,0.0,24.0,59.0,21.0,14.0,76.0,25.0,7.1
matirani papir 135 g,600 dot,81,85.0,0.0,52.0,0.0,54.0,61.0,-43.0,51.0,55.0,-57.0,9.83
matirani papir 135 g,600 dot,82,85.0,21.0,52.0,0.0,46.0,3.0,-31.0,37.0,74.0,-40.0,10.92
matirani papir 135 g,600 dot,83,85.0,52.0,52.0,0.0,31.0,23.0,-12.0,20.0,43.0,-14.0,8.21
matirani papir 135 g,600 dot,84,85.0,81.0,52.0,0.0,22.0,66.0,2.0,12.0,62.0,4.0,7.51
matirani papir 135 g,600 dot,85,85.0,100.0,52.0,0.0,20.0,86.0,9.0,11.0,68.0,11.0,6.31
matirani papir 135 g,600 dot,86,100.0,0.0,52.0,0.0,49.0,66.0,-51.0,48.0,21.0,-59.0,10.98
matirani papir 135 g,600 dot,87,100.0,21.0,52.0,0.0,43.0,25.0,-40.0,45.0,1.0,-54.0,10.97
matirani papir 135 g,600 dot,88,100.0,52.0,52.0,0.0,32.0,21.0,-20.0,21.0,72.0,-21.0,8.45
matirani papir 135 g,600 dot,89,100.0,81.0,52.0,0.0,21.0,38.0,-2.0,12.0,55.0,-1.0,6.26
matirani papir 135 g,600 dot,90,100.0,100.0,52.0,0.0,17.0,94.0,3.0,9.0,93.0,7.0,6.64
matirani papir 135 g,600 dot,91,0.0,0.0,81.0,0.0,87.0,35.0,-2.0,88.0,49.0,-4.0,4.69
matirani papir 135 g,600 dot,92,0.0,21.0,81.0,0.0,77.0,99.0,8.0,74.0,68.0,13.0,4.3
matirani papir 135 g,600 dot,93,0.0,52.0,81.0,0.0,63.0,80.0,29.0,54.0,61.0,46.0,11.51
matirani papir 135 g,600 dot,94,0.0,81.0,81.0,0.0,51.0,69.0,47.0,46.0,72.0,58.0,6.13
matirani papir 135 g,600 dot,95,0.0,100.0,81.0,0.0,43.0,70.0,62.0,42.0,65.0,64.0,2.72
matirani papir 135 g,600 dot,96,16.0,0.0,81.0,0.0,80.0,6.0,-8.0,87.0,57.0,-5.0,8.23
matirani papir 135 g,600 dot,97,16.0,21.0,81.0,0.0,68.0,20.0,3.0,78.0,89.0,0.0,10.96
matirani papir 135 g,600 dot,98,16.0,52.0,81.0,0.0,54.0,81.0,22.0,51.0,25.0,41.0,9.7
matirani papir 135 g,600 dot,99,16.0,81.0,81.0,0.0,47.0,15.0,38.0,47.0,10.0,56.0,5.82
matirani papir 135 g,600 dot,100,16.0,100.0,81.0,0.0,40.0,98.0,50.0,43.0,76.0,62.0,5.84
matirani papir 135 g,600 dot,101,39.0,0.0,81.0,0.0,70.0,65.0,-17.0,73.0,85.0,-23.0,5.68
matirani papir 135 g,600 dot,102,39.0,21.0,81.0,0.0,59.0,54.0,-5.0,50.0,4.0,-4.0,10.04
matirani papir 135 g,600 dot,103,39.0,52.0,81.0,0.0,47.0,37.0,10.0,32.0,89.0,15.0,13.3
matirani papir 135 g,600 dot,104,39.0,81.0,81.0,0.0,36.0,82.0,27.0,26.0,2.0,31.0,8.75
matirani papir 135 g,600 dot,105,39.0,100.0,81.0,0.0,32.0,95.0,37.0,24.0,61.0,35.0,6.7
matirani papir 135 g,600 dot,106,64.0,0.0,81.0,0.0,60.0,16.0,-33.0,57.0,12.0,-48.0,5.67
matirani papir 135 g,600 dot,107,64.0,21.0,81.0,0.0,50.0,38.0,-21.0,40.0,51.0,-29.0,10.1
matirani papir 135 g,600 dot,108,64.0,52.0,81.0,0.0,34.0,73.0,-2.0,25.0,78.0,-3.0,8.35
matirani papir 135 g,600 dot,109,64.0,81.0,81.0,0.0,26.0,24.0,13.0,16.0,17.0,14.0,7.14
matirani papir 135 g,600 dot,110,64.0,100.0,81.0,0.0,22.0,97.0,21.0,14.0,88.0,18.0,6.0
matirani papir 135 g,600 dot,111,85.0,0.0,81.0,0.0,52.0,48.0,-48.0,49.0,68.0,-59.0,4.52
matirani papir 135 g,600 dot,112,85.0,21.0,81.0,0.0,43.0,73.0,-36.0,39.0,0.0,-45.0,5.58
matirani papir 135 g,600 dot,113,85.0,52.0,81.0,0.0,32.0,30.0,-14.0,22.0,41.0,-19.0,8.27
matirani papir 135 g,600 dot,114,85.0,81.0,81.0,0.0,23.0,50.0,1.0,15.0,14.0,0.0,5.8
matirani papir 135 g,600 dot,115,85.0,100.0,81.0,0.0,19.0,97.0,8.0,11.0,55.0,12.0,6.59
matirani papir 135 g,600 dot,116,100.0,0.0,81.0,0.0,47.0,27.0,-56.0,46.0,52.0,-62.0,5.25
matirani papir 135 g,600 dot,117,100.0,21.0,81.0,0.0,41.0,30.0,-45.0,44.0,6.0,-56.0,7.24
matirani papir 135 g,600 dot,118,100.0,52.0,81.0,0.0,28.0,89.0,-23.0,20.0,39.0,-24.0,6.89
matirani papir 135 g,600 dot,119,100.0,81.0,81.0,0.0,18.0,30.0,-5.0,12.0,81.0,-6.0,3.65
matirani papir 135 g,600 dot,120,100.0,100.0,81.0,0.0,14.0,84.0,0.0,9.0,24.0,3.0,5.19
matirani papir 135 g,600 dot,121,0.0,0.0,100.0,0.0,86.0,20.0,-2.0,87.0,59.0,-3.0,1.66
matirani papir 135 g,600 dot,122,0.0,21.0,100.0,0.0,76.0,77.0,9.0,74.0,30.0,14.0,3.27
matirani papir 135 g,600 dot,123,0.0,52.0,100.0,0.0,62.0,0.0,31.0,53.0,16.0,47.0,13.27
matirani papir 135 g,600 dot,124,0.0,81.0,100.0,0.0,50.0,20.0,51.0,45.0,79.0,59.0,6.21
matirani papir 135 g,600 dot,125,0.0,100.0,100.0,0.0,42.0,88.0,63.0,42.0,38.0,64.0,0.59
matirani papir 135 g,600 dot,126,16.0,0.0,100.0,0.0,78.0,53.0,-7.0,86.0,79.0,-4.0,6.67
matirani papir 135 g,600 dot,127,16.0,21.0,100.0,0.0,67.0,91.0,2.0,80.0,29.0,0.0,10.34
matirani papir 135 g,600 dot,128,16.0,52.0,100.0,0.0,55.0,88.0,20.0,53.0,94.0,39.0,10.55
matirani papir 135 g,600 dot,129,16.0,81.0,100.0,0.0,46.0,65.0,37.0,46.0,44.0,55.0,6.89
matirani papir 135 g,600 dot,130,16.0,100.0,100.0,0.0,41.0,9.0,50.0,43.0,46.0,62.0,4.4
matirani papir 135 g,600 dot,131,39.0,0.0,100.0,0.0,69.0,89.0,-17.0,73.0,40.0,-22.0,3.78
matirani papir 135 g,600 dot,132,39.0,21.0,100.0,0.0,58.0,26.0,-6.0,50.0,50.0,-4.0,7.72
matirani papir 135 g,600 dot,133,39.0,52.0,100.0,0.0,45.0,70.0,9.0,30.0,18.0,16.0,15.09
matirani papir 135 g,600 dot,134,39.0,81.0,100.0,0.0,36.0,37.0,26.0,25.0,35.0,30.0,9.75
matirani papir 135 g,600 dot,135,39.0,100.0,100.0,0.0,32.0,97.0,36.0,25.0,58.0,36.0,5.7
matirani papir 135 g,600 dot,136,64.0,0.0,100.0,0.0,57.0,67.0,-34.0,55.0,71.0,-47.0,5.49
matirani papir 135 g,600 dot,137,64.0,21.0,100.0,0.0,48.0,52.0,-22.0,38.0,54.0,-29.0,10.02
matirani papir 135 g,600 dot,138,64.0,52.0,100.0,0.0,35.0,18.0,-3.0,26.0,96.0,-3.0,6.73
matirani papir 135 g,600 dot,139,64.0,81.0,100.0,0.0,26.0,24.0,11.0,16.0,44.0,14.0,7.79
matirani papir 135 g,600 dot,140,64.0,100.0,100.0,0.0,22.0,82.0,20.0,15.0,54.0,17.0,5.18
matirani papir 135 g,600 dot,141,85.0,0.0,100.0,0.0,52.0,7.0,-46.0,49.0,93.0,-54.0,3.31
matirani papir 135 g,600 dot,142,85.0,21.0,100.0,0.0,44.0,78.0,-35.0,41.0,20.0,-44.0,4.64
matirani papir 135 g,600 dot,143,85.0,52.0,100.0,0.0,33.0,44.0,-15.0,22.0,45.0,-19.0,8.79
matirani papir 135 g,600 dot,144,85.0,81.0,100.0,0.0,23.0,61.0,0.0,18.0,72.0,-1.0,4.99
matirani papir 135 g,600 dot,145,85.0,100.0,100.0,0.0,19.0,63.0,5.0,12.0,76.0,7.0,4.81
matirani papir 135 g,600 dot,146,100.0,0.0,100.0,0.0,45.0,20.0,-59.0,45.0,83.0,-62.0,1.42
matirani papir 135 g,600 dot,147,100.0,21.0,100.0,0.0,39.0,63.0,-50.0,43.0,18.0,-58.0,4.49
matirani papir 135 g,600 dot,148,100.0,52.0,100.0,0.0,28.0,29.0,-27.0,20.0,37.0,-25.0,5.79
matirani papir 135 g,600 dot,149,100.0,81.0,100.0,0.0,18.0,33.0,-6.0,12.0,88.0,-8.0,4.39
matirani papir 135 g,600 dot,150,100.0,100.0,100.0,0.0,14.0,80.0,-0.0,11.0,77.0,-0.0,2.01
matirani papir 135 g,600 dot,151,0.0,0.0,0.0,25.0,72.0,81.0,-0.0,62.0,2.0,-0.0,8.84
matirani papir 135 g,600 dot,152,0.0,31.0,0.0,25.0,62.0,95.0,11.0,51.0,5.0,20.0,13.01
matirani papir 135 g,600 dot,153,0.0,72.0,0.0,25.0,45.0,65.0,32.0,32.0,72.0,42.0,12.51
matirani papir 135 g,600 dot,154,0.0,100.0,0.0,25.0,35.0,99.0,49.0,31.0,4.0,50.0,4.76
matirani papir 135 g,600 dot,155,21.0,0.0,0.0,25.0,69.0,73.0,-6.0,79.0,63.0,-4.0,7.4
matirani papir 135 g,600 dot,156,21.0,31.0,0.0,25.0,59.0,21.0,6.0,50.0,49.0,16.0,12.01
matirani papir 135 g,600 dot,157,21.0,72.0,0.0,25.0,43.0,9.0,25.0,30.0,93.0,38.0,11.59
matirani papir 135 g,600 dot,158,21.0,100.0,0.0,25.0,34.0,86.0,41.0,31.0,0.0,48.0,4.01
matirani papir 135 g,600 dot,159,52.0,0.0,0.0,25.0,60.0,28.0,-13.0,59.0,43.0,-26.0,7.03
matirani papir 135 g,600 dot,160,52.0,31.0,0.0,25.0,50.0,14.0,-2.0,36.0,52.0,-5.0,12.92
matirani papir 135 g,600 dot,161,52.0,72.0,0.0,25.0,34.0,10.0,14.0,21.0,21.0,19.0,10.41
matirani papir 135 g,600 dot,162,52.0,100.0,0.0,25.0,27.0,14.0,28.0,20.0,2.0,28.0,6.86
matirani papir 135 g,600 dot,163,81.0,0.0,0.0,25.0,47.0,92.0,-25.0,43.0,84.0,-33.0,4.96
matirani papir 135 g,600 dot,164,81.0,31.0,0.0,25.0,39.0,23.0,-13.0,29.0,32.0,-12.0,8.08
matirani papir 135 g,600 dot,165,81.0,72.0,0.0,25.0,27.0,61.0,2.0,17.0,75.0,8.0,7.86
matirani papir 135 g,600 dot,166,81.0,100.0,0.0,25.0,22.0,28.0,14.0,16.0,1.0,17.0,4.66
matirani papir 135 g,600 dot,167,100.0,0.0,0.0,25.0,43.0,11.0,-34.0,49.0,33.0,-39.0,7.03
matirani papir 135 g,600 dot,168,100.0,31.0,0.0,25.0,34.0,22.0,-20.0,27.0,68.0,-19.0,5.3
matirani papir 135 g,600 dot,169,100.0,72.0,0.0,25.0,25.0,26.0,-4.0,17.0,53.0,4.0,8.64
matirani papir 135 g,600 dot,170,100.0,100.0,0.0,25.0,20.0,65.0,5.0,15.0,61.0,12.0,5.53
matirani papir 135 g,600 dot,171,0.0,0.0,31.0,25.0,72.0,50.0,-1.0,77.0,37.0,-3.0,6.64
matirani papir 135 g,600 dot,172,0.0,31.0,31.0,25.0,62.0,48.0,10.0,51.0,8.0,15.0,11.24
matirani papir 135 g,600 dot,173,0.0,72.0,31.0,25.0,45.0,48.0,31.0,34.0,72.0,37.0,9.98
matirani papir 135 g,600 dot,174,0.0,100.0,31.0,25.0,36.0,59.0,47.0,31.0,96.0,48.0,5.91
matirani papir 135 g,600 dot,175,21.0,0.0,31.0,25.0,65.0,31.0,-7.0,57.0,42.0,-4.0,10.17
matirani papir 135 g,600 dot,176,21.0,31.0,31.0,25.0,52.0,82.0,4.0,35.0,94.0,2.0,16.36
matirani papir 135 g,600 dot,177,21.0,72.0,31.0,25.0,38.0,52.0,25.0,24.0,49.0,29.0,11.27
matirani papir 135 g,600 dot,178,21.0,100.0,31.0,25.0,31.0,57.0,37.0,21.0,79.0,34.0,7.48
matirani papir 135 g,600 dot,179,52.0,0.0,31.0,25.0,55.0,12.0,-17.0,43.0,55.0,-24.0,12.34
matirani papir 135 g,600 dot,180,52.0,31.0,31.0,25.0,44.0,98.0,-5.0,28.0,78.0,-5.0,13.7
matirani papir 135 g,600 dot,181,52.0,72.0,31.0,25.0,30.0,8.0,12.0,17.0,10.0,20.0,10.83
matirani papir 135 g,600 dot,182,52.0,100.0,31.0,25.0,24.0,30.0,24.0,14.0,55.0,24.0,6.74
matirani papir 135 g,600 dot,183,81.0,0.0,31.0,25.0,46.0,79.0,-27.0,39.0,52.0,-37.0,9.93
matirani papir 135 g,600 dot,184,81.0,31.0,31.0,25.0,36.0,78.0,-15.0,24.0,77.0,-18.0,9.52
matirani papir 135 g,600 dot,185,81.0,72.0,31.0,25.0,24.0,81.0,1.0,12.0,62.0,5.0,9.18
matirani papir 135 g,600 dot,186,81.0,100.0,31.0,25.0,20.0,61.0,11.0,11.0,14.0,11.0,6.29
matirani papir 135 g,600 dot,187,100.0,0.0,31.0,25.0,42.0,0.0,-39.0,45.0,99.0,-52.0,10.79
matirani papir 135 g,600 dot,188,100.0,31.0,31.0,25.0,32.0,74.0,-23.0,23.0,91.0,-22.0,6.83
matirani papir 135 g,600 dot,189,100.0,72.0,31.0,25.0,20.0,57.0,-4.0,11.0,10.0,1.0,9.73
matirani papir 135 g,600 dot,190,100.0,100.0,31.0,25.0,15.0,96.0,3.0,9.0,71.0,8.0,7.62
matirani papir 135 g,600 dot,191,0.0,0.0,72.0,25.0,67.0,16.0,-2.0,70.0,45.0,-4.0,6.31
matirani papir 135 g,600 dot,192,0.0,31.0,72.0,25.0,56.0,31.0,10.0,43.0,97.0,17.0,13.2
matirani papir 135 g,600 dot,193,0.0,72.0,72.0,25.0,42.0,79.0,31.0,33.0,58.0,38.0,8.72
matirani papir 135 g,600 dot,194,0.0,100.0,72.0,25.0,34.0,59.0,47.0,31.0,68.0,47.0,3.13
matirani papir 135 g,600 dot,195,21.0,0.0,72.0,25.0,59.0,48.0,-7.0,49.0,89.0,-4.0,10.3
matirani papir 135 g,600 dot,196,21.0,31.0,72.0,25.0,48.0,17.0,4.0,33.0,70.0,5.0,12.96
matirani papir 135 g,600 dot,197,21.0,72.0,72.0,25.0,37.0,44.0,23.0,25.0,40.0,27.0,9.7
matirani papir 135 g,600 dot,198,21.0,100.0,72.0,25.0,31.0,7.0,37.0,23.0,30.0,33.0,6.28
matirani papir 135 g,600 dot,199,52.0,0.0,72.0,25.0,52.0,33.0,-19.0,42.0,31.0,-26.0,10.42
matirani papir 135 g,600 dot,200,52.0,31.0,72.0,25.0,40.0,22.0,-6.0,30.0,7.0,-5.0,10.12
matirani papir 135 g,600 dot,201,52.0,72.0,72.0,25.0,28.0,1.0,10.0,17.0,1.0,13.0,8.06
matirani papir 135 g,600 dot,202,52.0,100.0,72.0,25.0,21.0,76.0,21.0,14.0,27.0,18.0,5.76
matirani papir 135 g,600 dot,203,81.0,0.0,72.0,25.0,42.0,64.0,-34.0,36.0,13.0,-39.0,6.39
matirani papir 135 g,600 dot,204,81.0,31.0,72.0,25.0,32.0,65.0,-20.0,21.0,89.0,-22.0,8.32
matirani papir 135 g,600 dot,205,81.0,72.0,72.0,25.0,19.0,89.0,-0.0,13.0,58.0,-0.0,4.24
matirani papir 135 g,600 dot,206,81.0,100.0,72.0,25.0,15.0,55.0,7.0,8.0,90.0,10.0,5.32
matirani papir 135 g,600 dot,207,100.0,0.0,72.0,25.0,37.0,23.0,-49.0,37.0,64.0,-52.0,4.52
matirani papir 135 g,600 dot,208,100.0,31.0,72.0,25.0,28.0,64.0,-30.0,20.0,70.0,-27.0,7.07
matirani papir 135 g,600 dot,209,100.0,72.0,72.0,25.0,16.0,29.0,-6.0,11.0,54.0,-6.0,3.14
matirani papir 135 g,600 dot,210,100.0,100.0,72.0,25.0,12.0,24.0,1.0,8.0,9.0,3.0,4.02
matirani papir 135 g,600 dot,211,0.0,0.0,100.0,25.0,66.0,11.0,-2.0,71.0,43.0,-3.0,4.77
matirani papir 135 g,600 dot,212,0.0,31.0,100.0,25.0,56.0,31.0,11.0,47.0,33.0,19.0,11.24
matirani papir 135 g,600 dot,213,0.0,72.0,100.0,25.0,43.0,48.0,32.0,36.0,44.0,39.0,8.53
matirani papir 135 g,600 dot,214,0.0,100.0,100.0,25.0,36.0,45.0,45.0,34.0,52.0,48.0,1.94
matirani papir 135 g,600 dot,215,21.0,0.0,100.0,25.0,59.0,94.0,-7.0,53.0,83.0,-4.0,6.08
matirani papir 135 g,600 dot,216,21.0,31.0,100.0,25.0,49.0,7.0,3.0,36.0,20.0,6.0,12.37
matirani papir 135 g,600 dot,217,21.0,72.0,100.0,25.0,35.0,78.0,24.0,24.0,77.0,27.0,10.89
matirani papir 135 g,600 dot,218,21.0,100.0,100.0,25.0,29.0,75.0,37.0,23.0,7.0,32.0,5.51
matirani papir 135 g,600 dot,219,52.0,0.0,100.0,25.0,49.0,95.0,-20.0,40.0,18.0,-27.0,10.77
matirani papir 135 g,600 dot,220,52.0,31.0,100.0,25.0,37.0,47.0,-8.0,27.0,64.0,-6.0,7.99
matirani papir 135 g,600 dot,221,52.0,72.0,100.0,25.0,24.0,97.0,11.0,16.0,26.0,12.0,7.52
matirani papir 135 g,600 dot,222,52.0,100.0,100.0,25.0,21.0,51.0,21.0,15.0,15.0,17.0,5.16
matirani papir 135 g,600 dot,223,81.0,0.0,100.0,25.0,40.0,85.0,-39.0,35.0,82.0,-43.0,5.25
matirani papir 135 g,600 dot,224,81.0,31.0,100.0,25.0,31.0,68.0,-23.0,21.0,27.0,-24.0,8.27
matirani papir 135 g,600 dot,225,81.0,72.0,100.0,25.0,19.0,74.0,-1.0,16.0,42.0,-3.0,4.04
matirani papir 135 g,600 dot,226,81.0,100.0,100.0,25.0,15.0,74.0,6.0,11.0,43.0,5.0,2.87
matirani papir 135 g,600 dot,227,100.0,0.0,100.0,25.0,37.0,86.0,-51.0,39.0,89.0,-57.0,2.91
matirani papir 135 g,600 dot,228,100.0,31.0,100.0,25.0,30.0,53.0,-32.0,22.0,7.0,-28.0,6.48
matirani papir 135 g,600 dot,229,100.0,72.0,100.0,25.0,18.0,13.0,-7.0,12.0,85.0,-9.0,3.73
matirani papir 135 g,600 dot,230,100.0,100.0,100.0,25.0,12.0,59.0,-0.0,11.0,8.0,-0.0,1.21
matirani papir 135 g,600 dot,231,0.0,0.0,0.0,60.0,42.0,13.0,-0.0,24.0,99.0,-1.0,13.96
matirani papir 135 g,600 dot,232,0.0,31.0,0.0,60.0,37.0,84.0,6.0,21.0,37.0,10.0,13.43
matirani papir 135 g,600 dot,233,0.0,72.0,0.0,60.0,27.0,33.0,19.0,14.0,67.0,23.0,9.13
matirani papir 135 g,600 dot,234,0.0,100.0,0.0,60.0,20.0,23.0,28.0,13.0,23.0,25.0,5.0
matirani papir 135 g,600 dot,235,31.0,0.0,0.0,60.0,39.0,28.0,-5.0,24.0,48.0,-6.0,11.81
matirani papir 135 g,600 dot,236,31.0,31.0,0.0,60.0,30.0,73.0,1.0,17.0,70.0,5.0,11.08
matirani papir 135 g,600 dot,237,31.0,72.0,0.0,60.0,20.0,61.0,13.0,11.0,51.0,16.0,6.67
matirani papir 135 g,600 dot,238,31.0,100.0,0.0,60.0,16.0,38.0,22.0,11.0,11.0,19.0,3.87
matirani papir 135 g,600 dot,239,72.0,0.0,0.0,60.0,29.0,93.0,-13.0,21.0,21.0,-15.0,6.52
matirani papir 135 g,600 dot,240,72.0,31.0,0.0,60.0,24.0,88.0,-6.0,15.0,93.0,-4.0,6.62
matirani papir 135 g,600 dot,241,72.0,72.0,0.0,60.0,18.0,45.0,4.0,11.0,7.0,7.0,5.51
matirani papir 135 g,600 dot,242,72.0,100.0,0.0,60.0,15.0,3.0,12.0,10.0,18.0,10.0,3.65
matirani papir 135 g,600 dot,243,100.0,0.0,0.0,60.0,25.0,48.0,-19.0,19.0,41.0,-16.0,4.79
matirani papir 135 g,600 dot,244,100.0,31.0,0.0,60.0,20.0,32.0,-11.0,13.0,99.0,-7.0,5.21
matirani papir 135 g,600 dot,245,100.0,72.0,0.0,60.0,14.0,73.0,-0.0,9.0,9.0,5.0,9.86
matirani papir 135 g,600 dot,246,100.0,100.0,0.0,60.0,11.0,94.0,4.0,8.0,29.0,9.0,6.87
matirani papir 135 g,600 dot,247,0.0,0.0,31.0,60.0,41.0,74.0,-1.0,28.0,67.0,-2.0,11.45
matirani papir 135 g,600 dot,248,0.0,31.0,31.0,60.0,34.0,49.0,6.0,21.0,5.0,8.0,10.5
matirani papir 135 g,600 dot,249,0.0,72.0,31.0,60.0,25.0,25.0,18.0,14.0,72.0,18.0,7.54
matirani papir 135 g,600 dot,250,0.0,100.0,31.0,60.0,19.0,16.0,28.0,14.0,10.0,21.0,5.35
matirani papir 135 g,600 dot,251,31.0,0.0,31.0,60.0,35.0,97.0,-6.0,23.0,49.0,-6.0,10.22
matirani papir 135 g,600 dot,252,31.0,31.0,31.0,60.0,30.0,51.0,0.0,19.0,47.0,-1.0,8.32
matirani papir 135 g,600 dot,253,31.0,72.0,31.0,60.0,22.0,13.0,12.0,13.0,90.0,16.0,6.41
matirani papir 135 g,600 dot,254,31.0,100.0,31.0,60.0,18.0,4.0,19.0,12.0,53.0,18.0,3.75
matirani papir 135 g,600 dot,255,72.0,0.0,31.0,60.0,28.0,47.0,-15.0,20.0,43.0,-16.0,6.36
matirani papir 135 g,600 dot,256,72.0,31.0,31.0,60.0,24.0,31.0,-6.0,17.0,20.0,-7.0,5.11
matirani papir 135 g,600 dot,257,72.0,72.0,31.0,60.0,16.0,82.0,3.0,10.0,40.0,5.0,5.18
matirani papir 135 g,600 dot,258,72.0,100.0,31.0,60.0,12.0,80.0,9.0,8.0,64.0,9.0,2.84
matirani papir 135 g,600 dot,259,100.0,0.0,31.0,60.0,24.0,6.0,-23.0,17.0,99.0,-20.0,6.43
matirani papir 135 g,600 dot,260,100.0,31.0,31.0,60.0,19.0,22.0,-12.0,13.0,48.0,-10.0,4.23
matirani papir 135 g,600 dot,261,100.0,72.0,31.0,60.0,12.0,63.0,-1.0,7.0,93.0,2.0,5.78
matirani papir 135 g,600 dot,262,100.0,100.0,31.0,60.0,10.0,55.0,3.0,7.0,51.0,7.0,5.23
matirani papir 135 g,600 dot,263,0.0,0.0,72.0,60.0,40.0,57.0,-2.0,29.0,58.0,-3.0,9.25
matirani papir 135 g,600 dot,264,0.0,31.0,72.0,60.0,32.0,36.0,4.0,20.0,25.0,8.0,10.22
matirani papir 135 g,600 dot,265,0.0,72.0,72.0,60.0,24.0,9.0,19.0,16.0,30.0,17.0,6.04
matirani papir 135 g,600 dot,266,0.0,100.0,72.0,60.0,19.0,74.0,27.0,15.0,49.0,19.0,5.16
matirani papir 135 g,600 dot,267,31.0,0.0,72.0,60.0,33.0,69.0,-7.0,25.0,58.0,-7.0,6.71
matirani papir 135 g,600 dot,268,31.0,31.0,72.0,60.0,28.0,16.0,-0.0,23.0,18.0,-1.0,4.6
matirani papir 135 g,600 dot,269,31.0,72.0,72.0,60.0,21.0,20.0,11.0,14.0,65.0,11.0,4.44
matirani papir 135 g,600 dot,270,31.0,100.0,72.0,60.0,16.0,98.0,16.0,13.0,72.0,13.0,3.46
matirani papir 135 g,600 dot,271,72.0,0.0,72.0,60.0,25.0,99.0,-17.0,18.0,27.0,-18.0,5.48
matirani papir 135 g,600 dot,272,72.0,31.0,72.0,60.0,20.0,59.0,-9.0,14.0,3.0,-10.0,4.66
matirani papir 135 g,600 dot,273,72.0,72.0,72.0,60.0,14.0,64.0,0.0,12.0,88.0,1.0,1.76
matirani papir 135 g,600 dot,274,72.0,100.0,72.0,60.0,10.0,77.0,6.0,8.0,51.0,8.0,2.69
matirani papir 135 g,600 dot,275,100.0,0.0,72.0,60.0,20.0,86.0,-26.0,16.0,48.0,-22.0,4.02
matirani papir 135 g,600 dot,276,100.0,31.0,72.0,60.0,16.0,90.0,-14.0,12.0,89.0,-14.0,3.5
matirani papir 135 g,600 dot,277,100.0,72.0,72.0,60.0,11.0,35.0,-3.0,8.0,83.0,-4.0,2.22
matirani papir 135 g,600 dot,278,100.0,100.0,72.0,60.0,9.0,1.0,1.0,7.0,79.0,3.0,2.97
matirani papir 135 g,600 dot,279,0.0,0.0,100.0,60.0,38.0,11.0,-3.0,29.0,66.0,-3.0,7.37
matirani papir 135 g,600 dot,280,0.0,31.0,100.0,60.0,30.0,14.0,4.0,20.0,83.0,6.0,9.4
matirani papir 135 g,600 dot,281,0.0,72.0,100.0,60.0,23.0,81.0,17.0,17.0,63.0,14.0,6.09
matirani papir 135 g,600 dot,282,0.0,100.0,100.0,60.0,20.0,97.0,24.0,17.0,0.0,17.0,5.06
matirani papir 135 g,600 dot,283,31.0,0.0,100.0,60.0,34.0,4.0,-9.0,25.0,32.0,-10.0,7.77
matirani papir 135 g,600 dot,284,31.0,31.0,100.0,60.0,27.0,89.0,-1.0,22.0,29.0,-2.0,4.7
matirani papir 135 g,600 dot,285,31.0,72.0,100.0,60.0,20.0,37.0,9.0,15.0,26.0,9.0,4.32
matirani papir 135 g,600 dot,286,31.0,100.0,100.0,60.0,15.0,98.0,15.0,13.0,40.0,11.0,3.83
matirani papir 135 g,600 dot,287,72.0,0.0,100.0,60.0,24.0,51.0,-21.0,17.0,95.0,-19.0,5.77
matirani papir 135 g,600 dot,288,72.0,31.0,100.0,60.0,18.0,52.0,-11.0,14.0,12.0,-12.0,3.72
matirani papir 135 g,600 dot,289,72.0,72.0,100.0,60.0,12.0,42.0,-0.0,11.0,93.0,0.0,1.04
matirani papir 135 g,600 dot,290,72.0,100.0,100.0,60.0,11.0,51.0,4.0,10.0,17.0,4.0,1.45
matirani papir 135 g,600 dot,291,100.0,0.0,100.0,60.0,20.0,83.0,-29.0,16.0,56.0,-22.0,4.52
matirani papir 135 g,600 dot,292,100.0,31.0,100.0,60.0,16.0,15.0,-18.0,13.0,55.0,-14.0,2.97
matirani papir 135 g,600 dot,293,100.0,72.0,100.0,60.0,10.0,57.0,-4.0,10.0,6.0,-6.0,2.37
matirani papir 135 g,600 dot,294,100.0,100.0,100.0,60.0,8.0,77.0,-0.0,9.0,71.0,-1.0,1.79
matirani papir 135 g,600 dot,295,0.0,0.0,0.0,88.0,17.0,79.0,-0.0,15.0,50.0,-0.0,1.78
matirani papir 135 g,600 dot,296,0.0,52.0,0.0,88.0,14.0,36.0,6.0,10.0,81.0,8.0,3.6
matirani papir 135 g,600 dot,297,0.0,100.0,0.0,88.0,11.0,67.0,11.0,9.0,12.0,11.0,1.66
matirani papir 135 g,600 dot,298,31.0,0.0,0.0,88.0,19.0,7.0,-2.0,13.0,93.0,-3.0,3.61
matirani papir 135 g,600 dot,299,31.0,52.0,0.0,88.0,14.0,5.0,3.0,9.0,16.0,7.0,4.88
matirani papir 135 g,600 dot,300,31.0,100.0,0.0,88.0,9.0,53.0,9.0,8.0,6.0,11.0,1.99
matirani papir 135 g,600 dot,301,72.0,0.0,0.0,88.0,12.0,78.0,-4.0,9.0,23.0,-2.0,3.12
matirani papir 135 g,600 dot,302,72.0,52.0,0.0,88.0,9.0,5.0,1.0,7.0,94.0,4.0,3.39
matirani papir 135 g,600 dot,303,72.0,100.0,0.0,88.0,8.0,35.0,6.0,7.0,8.0,8.0,2.46
matirani papir 135 g,600 dot,304,100.0,0.0,0.0,88.0,10.0,56.0,-4.0,9.0,7.0,-3.0,1.94
matirani papir 135 g,600 dot,305,100.0,52.0,0.0,88.0,8.0,53.0,0.0,7.0,25.0,3.0,3.36
matirani papir 135 g,600 dot,306,100.0,100.0,0.0,88.0,7.0,74.0,4.0,6.0,96.0,6.0,2.77
matirani papir 135 g,600 dot,307,0.0,0.0,52.0,88.0,17.0,0.0,-1.0,14.0,53.0,-2.0,2.85
matirani papir 135 g,600 dot,308,0.0,52.0,52.0,88.0,12.0,79.0,4.0,10.0,67.0,4.0,1.54
matirani papir 135 g,600 dot,309,0.0,100.0,52.0,88.0,12.0,31.0,8.0,11.0,11.0,7.0,1.93
matirani papir 135 g,600 dot,310,31.0,0.0,52.0,88.0,16.0,77.0,-4.0,13.0,41.0,-5.0,2.93
matirani papir 135 g,600 dot,311,31.0,52.0,52.0,88.0,13.0,28.0,1.0,11.0,3.0,2.0,2.33
matirani papir 135 g,600 dot,312,31.0,100.0,52.0,88.0,10.0,15.0,5.0,10.0,4.0,6.0,1.59
matirani papir 135 g,600 dot,313,72.0,0.0,52.0,88.0,14.0,12.0,-6.0,11.0,31.0,-7.0,2.94
matirani papir 135 g,600 dot,314,72.0,52.0,52.0,88.0,10.0,52.0,-0.0,11.0,4.0,-1.0,1.45
matirani papir 135 g,600 dot,315,72.0,100.0,52.0,88.0,8.0,90.0,3.0,7.0,89.0,5.0,2.73
matirani papir 135 g,600 dot,316,100.0,0.0,52.0,88.0,11.0,9.0,-7.0,11.0,5.0,-7.0,2.38
matirani papir 135 g,600 dot,317,100.0,52.0,52.0,88.0,8.0,38.0,-1.0,9.0,50.0,-3.0,2.83
matirani papir 135 g,600 dot,318,100.0,100.0,52.0,88.0,8.0,91.0,1.0,7.0,76.0,2.0,2.5
matirani papir 135 g,600 dot,319,0.0,0.0,100.0,88.0,18.0,22.0,-4.0,15.0,40.0,-5.0,2.48
matirani papir 135 g,600 dot,320,0.0,52.0,100.0,88.0,13.0,64.0,2.0,12.0,17.0,1.0,1.78
matirani papir 135 g,600 dot,321,0.0,100.0,100.0,88.0,11.0,46.0,7.0,11.0,11.0,5.0,1.76
matirani papir 135 g,600 dot,322,31.0,0.0,100.0,88.0,14.0,3.0,-5.0,14.0,29.0,-5.0,1.04
matirani papir 135 g,600 dot,323,31.0,52.0,100.0,88.0,13.0,13.0,-0.0,12.0,18.0,-0.0,1.38
matirani papir 135 g,600 dot,324,31.0,100.0,100.0,88.0,11.0,60.0,3.0,10.0,70.0,4.0,1.14
matirani papir 135 g,600 dot,325,72.0,0.0,100.0,88.0,13.0,33.0,-8.0,12.0,18.0,-9.0,1.45
matirani papir 135 g,600 dot,326,72.0,52.0,100.0,88.0,11.0,84.0,-2.0,12.0,7.0,-4.0,2.96
matirani papir 135 g,600 dot,327,72.0,100.0,100.0,88.0,10.0,76.0,1.0,10.0,66.0,2.0,1.93
matirani papir 135 g,600 dot,328,100.0,0.0,100.0,88.0,12.0,10.0,-10.0,11.0,90.0,-9.0,0.8
matirani papir 135 g,600 dot,329,100.0,52.0,100.0,88.0,9.0,53.0,-3.0,10.0,50.0,-5.0,2.73
matirani papir 135 g,600 dot,330,100.0,100.0,100.0,88.0,10.0,2.0,-0.0,10.0,22.0,-0.0,1.45
matirani papir 135 g,600 dot,331,0.0,0.0,0.0,100.0,12.0,1.0,-0.0,11.0,98.0,-0.0,0.53
matirani papir 135 g,600 dot,332,0.0,52.0,0.0,100.0,9.0,42.0,3.0,8.0,14.0,5.0,2.49
matirani papir 135 g,600 dot,333,0.0,100.0,0.0,100.0,8.0,90.0,5.0,8.0,44.0,6.0,2.07
matirani papir 135 g,600 dot,334,52.0,0.0,0.0,100.0,8.0,71.0,-0.0,8.0,58.0,-1.0,1.72
matirani papir 135 g,600 dot,335,52.0,52.0,0.0,100.0,8.0,38.0,1.0,7.0,62.0,3.0,3.09
matirani papir 135 g,600 dot,336,52.0,100.0,0.0,100.0,7.0,82.0,4.0,7.0,45.0,6.0,2.06
matirani papir 135 g,600 dot,337,100.0,0.0,0.0,100.0,9.0,19.0,0.0,9.0,44.0,-1.0,1.79
matirani papir 135 g,600 dot,338,100.0,52.0,0.0,100.0,8.0,52.0,1.0,7.0,87.0,2.0,1.89
matirani papir 135 g,600 dot,339,100.0,100.0,0.0,100.0,8.0,77.0,2.0,7.0,72.0,5.0,2.99
matirani papir 135 g,600 dot,340,0.0,0.0,52.0,100.0,10.0,88.0,-1.0,11.0,66.0,-2.0,2.54
matirani papir 135 g,600 dot,341,0.0,52.0,52.0,100.0,9.0,69.0,1.0,10.0,79.0,2.0,2.14
matirani papir 135 g,600 dot,342,0.0,100.0,52.0,100.0,8.0,85.0,3.0,9.0,69.0,4.0,1.75
matirani papir 135 g,600 dot,343,52.0,0.0,52.0,100.0,9.0,78.0,-2.0,9.0,86.0,-4.0,2.7
matirani papir 135 g,600 dot,344,52.0,52.0,52.0,100.0,9.0,89.0,0.0,10.0,11.0,0.0,1.07
matirani papir 135 g,600 dot,345,52.0,100.0,52.0,100.0,8.0,75.0,2.0,8.0,31.0,3.0,2.02
matirani papir 135 g,600 dot,346,100.0,0.0,52.0,100.0,8.0,88.0,-2.0,10.0,92.0,-4.0,3.43
matirani papir 135 g,600 dot,347,100.0,52.0,52.0,100.0,10.0,7.0,-1.0,8.0,79.0,-2.0,1.25
matirani papir 135 g,600 dot,348,100.0,100.0,52.0,100.0,10.0,92.0,0.0,9.0,34.0,1.0,2.04
matirani papir 135 g,600 dot,349,0.0,0.0,100.0,100.0,9.0,96.0,-3.0,11.0,98.0,-3.0,2.05
matirani papir 135 g,600 dot,350,0.0,52.0,100.0,100.0,9.0,70.0,0.0,10.0,40.0,1.0,2.22
matirani papir 135 g,600 dot,351,0.0,100.0,100.0,100.0,9.0,93.0,2.0,9.0,99.0,3.0,2.31
matirani papir 135 g,600 dot,352,52.0,0.0,100.0,100.0,10.0,51.0,-3.0,10.0,43.0,-6.0,3.02
matirani papir 135 g,600 dot,353,52.0,52.0,100.0,100.0,10.0,27.0,-0.0,10.0,80.0,-1.0,1.35
matirani papir 135 g,600 dot,354,52.0,100.0,100.0,100.0,10.0,15.0,1.0,10.0,13.0,2.0,1.82
matirani papir 135 g,600 dot,355,100.0,0.0,100.0,100.0,10.0,7.0,-4.0,10.0,57.0,-6.0,3.38
matirani papir 135 g,600 dot,356,100.0,52.0,100.0,100.0,9.0,77.0,-1.0,9.0,76.0,-3.0,2.51
matirani papir 135 g,600 dot,357,100.0,100.0,100.0,100.0,10.0,38.0,-0.0,9.0,95.0,-0.0,0.57
matirani papir 135 g,600 dot,358,5.0,0.0,0.0,0.0,93.0,98.0,-0.0,94.0,86.0,0.0,1.97
matirani papir 135 g,600 dot,359,28.0,0.0,0.0,0.0,84.0,93.0,-9.0,86.0,37.0,-10.0,1.12
matirani papir 135 g,600 dot,360,95.0,0.0,0.0,0.0,55.0,18.0,-36.0,53.0,92.0,-38.0,1.35
matirani papir 135 g,600 dot,361,0.0,4.0,0.0,0.0,94.0,70.0,0.0,94.0,92.0,0.0,0.49
matirani papir 135 g,600 dot,362,0.0,11.0,0.0,0.0,92.0,54.0,2.0,94.0,50.0,0.0,2.64
matirani papir 135 g,600 dot,363,0.0,93.0,0.0,0.0,49.0,21.0,60.0,45.0,95.0,67.0,3.75
matirani papir 135 g,600 dot,364,0.0,0.0,4.0,0.0,94.0,89.0,0.0,94.0,99.0,0.0,0.15
matirani papir 135 g,600 dot,365,0.0,0.0,11.0,0.0,94.0,37.0,-0.0,94.0,83.0,0.0,4.64
matirani papir 135 g,600 dot,366,0.0,0.0,93.0,0.0,88.0,12.0,-3.0,88.0,15.0,-4.0,1.73
matirani papir 135 g,600 dot,367,0.0,0.0,0.0,4.0,89.0,95.0,0.0,94.0,25.0,0.0,2.66
matirani papir 135 g,600 dot,368,0.0,0.0,0.0,13.0,82.0,20.0,0.0,93.0,50.0,0.0,7.27
matirani papir 135 g,600 dot,369,0.0,0.0,0.0,95.0,13.0,28.0,-0.0,15.0,3.0,-0.0,1.16
matirani papir 135 g,600 dot,370,9.0,7.0,7.0,0.0,87.0,8.0,-0.0,93.0,93.0,0.0,4.36
matirani papir 135 g,600 dot,371,19.0,15.0,15.0,0.0,75.0,37.0,-0.0,86.0,68.0,0.0,7.93
matirani papir 135 g,600 dot,372,29.0,23.0,23.0,0.0,66.0,88.0,-0.0,54.0,83.0,-0.0,10.49
matirani papir 135 g,600 dot,373,39.0,31.0,31.0,0.0,57.0,35.0,-0.0,40.0,59.0,-1.0,16.76
matirani papir 135 g,600 dot,374,49.0,39.0,39.0,4.0,45.0,98.0,-0.0,29.0,38.0,-1.0,14.21
matirani papir 135 g,600 dot,375,59.0,47.0,47.0,16.0,36.0,17.0,-1.0,25.0,20.0,-1.0,8.64
matirani papir 135 g,600 dot,376,69.0,55.0,55.0,31.0,26.0,70.0,-2.0,18.0,66.0,-1.0,5.93
matirani papir 135 g,600 dot,377,79.0,63.0,63.0,48.0,18.0,4.0,-2.0,14.0,0.0,-3.0,2.9
matirani papir 135 g,600 dot,378,89.0,71.0,71.0,72.0,11.0,98.0,-1.0,11.0,59.0,-3.0,2.55
matirani papir 135 g,600 dot,379,99.0,79.0,79.0,100.0,13.0,30.0,-0.0,11.0,11.0,-0.0,1.56
matirani papir 135 g,600 dot,380,9.0,7.0,7.0,0.0,88.0,7.0,-0.0,94.0,11.0,0.0,3.91
matirani papir 135 g,600 dot,381,18.0,14.0,14.0,0.0,77.0,99.0,-0.0,92.0,3.0,0.0,9.43
matirani papir 135 g,600 dot,382,27.0,21.0,21.0,0.0,70.0,0.0,-0.0,58.0,25.0,-0.0,9.82
matirani papir 135 g,600 dot,383,36.0,29.0,29.0,0.0,59.0,44.0,-0.0,43.0,71.0,-1.0,15.71
matirani papir 135 g,600 dot,384,45.0,36.0,36.0,0.0,50.0,92.0,-0.0,34.0,12.0,-1.0,15.4
matirani papir 135 g,600 dot,385,54.0,43.0,43.0,0.0,43.0,52.0,-1.0,29.0,61.0,-1.0,11.75
matirani papir 135 g,600 dot,386,63.0,50.0,50.0,0.0,36.0,94.0,-1.0,25.0,15.0,-1.0,9.34
matirani papir 135 g,600 dot,387,72.0,58.0,58.0,0.0,31.0,43.0,-2.0,21.0,62.0,-1.0,7.67
matirani papir 135 g,600 dot,388,81.0,65.0,65.0,2.0,26.0,93.0,-4.0,20.0,99.0,-3.0,4.35
matirani papir 135 g,600 dot,389,90.0,72.0,72.0,49.0,16.0,21.0,-3.0,12.0,2.0,-3.0,2.76
matirani papir 135 g,600 dot,390,24.0,19.0,19.0,11.0,63.0,64.0,-0.0,49.0,66.0,-0.0,12.98
matirani papir 135 g,600 dot,391,49.0,39.0,39.0,30.0,34.0,1.0,-1.0,22.0,31.0,-1.0,8.91
matirani papir 135 g,600 dot,392,74.0,59.0,59.0,59.0,18.0,39.0,-2.0,15.0,68.0,-2.0,1.82
matirani papir 135 g,600 dot,393,28.0,0.0,0.0,0.0,84.0,86.0,-9.0,86.0,77.0,-9.0,1.61
matirani papir 135 g,600 dot,394,64.0,0.0,0.0,0.0,66.0,52.0,-26.0,60.0,98.0,-36.0,6.23
matirani papir 135 g,600 dot,395,0.0,21.0,0.0,0.0,88.0,61.0,7.0,92.0,57.0,3.0,5.14
matirani papir 135 g,600 dot,396,0.0,52.0,0.0,0.0,72.0,43.0,25.0,60.0,74.0,47.0,12.57
matirani papir 135 g,600 dot,397,0.0,0.0,21.0,0.0,93.0,55.0,-1.0,94.0,45.0,0.0,7.61
matirani papir 135 g,600 dot,398,0.0,0.0,52.0,0.0,90.0,53.0,-3.0,90.0,50.0,-5.0,7.46
matirani papir 135 g,600 dot,399,0.0,0.0,0.0,25.0,69.0,93.0,-0.0,56.0,59.0,-0.0,11.39
matirani papir 135 g,600 dot,400,0.0,0.0,0.0,60.0,38.0,41.0,-0.0,27.0,44.0,-1.0,8.9
matirani papir 135 g,stochastic,1,0.0,0.0,0.0,0.0,94.0,88.0,0.0,94.0,58.0,0.0,0.3
matirani papir 135 g,stochastic,2,0.0,21.0,0.0,0.0,86.0,34.0,9.0,92.0,83.0,1.0,9.84
matirani papir 135 g,stochastic,3,0.0,52.0,0.0,0.0,70.0,79.0,25.0,79.0,20.0,18.0,7.97
matirani papir 135 g,stochastic,4,0.0,81.0,0.0,0.0,57.0,8.0,45.0,56.0,54.0,50.0,3.64
matirani papir 135 g,stochastic,5,0.0,100.0,0.0,0.0,48.0,51.0,60.0,46.0,47.0,65.0,3.11
matirani papir 135 g,stochastic,6,16.0,0.0,0.0,0.0,89.0,18.0,-3.0,92.0,86.0,-0.0,4.67
matirani papir 135 g,stochastic,7,16.0,21.0,0.0,0.0,80.0,77.0,5.0,91.0,82.0,0.0,10.12
matirani papir 135 g,stochastic,8,16.0,52.0,0.0,0.0,65.0,7.0,21.0,78.0,2.0,16.0,10.21
matirani papir 135 g,stochastic,9,16.0,81.0,0.0,0.0,52.0,12.0,38.0,57.0,17.0,45.0,5.72
matirani papir 135 g,stochastic,10,16.0,100.0,0.0,0.0,43.0,94.0,53.0,46.0,46.0,62.0,3.44
matirani papir 135 g,stochastic,11,39.0,0.0,0.0,0.0,79.0,7.0,-12.0,85.0,90.0,-8.0,6.05
matirani papir 135 g,stochastic,12,39.0,21.0,0.0,0.0,70.0,90.0,-3.0,84.0,44.0,-7.0,10.85
matirani papir 135 g,stochastic,13,39.0,52.0,0.0,0.0,57.0,10.0,11.0,72.0,80.0,9.0,13.16
matirani papir 135 g,stochastic,14,39.0,81.0,0.0,0.0,44.0,3.0,28.0,51.0,55.0,39.0,8.6
matirani papir 135 g,stochastic,15,39.0,100.0,0.0,0.0,38.0,68.0,41.0,41.0,3.0,56.0,5.45
matirani papir 135 g,stochastic,16,64.0,0.0,0.0,0.0,69.0,7.0,-21.0,73.0,25.0,-22.0,3.4
matirani papir 135 g,stochastic,17,64.0,21.0,0.0,0.0,62.0,71.0,-13.0,71.0,97.0,-20.0,8.62
matirani papir 135 g,stochastic,18,64.0,52.0,0.0,0.0,50.0,61.0,0.0,60.0,38.0,-5.0,10.4
matirani papir 135 g,stochastic,19,64.0,81.0,0.0,0.0,39.0,6.0,16.0,41.0,61.0,21.0,3.41
matirani papir 135 g,stochastic,20,64.0,100.0,0.0,0.0,33.0,42.0,26.0,32.0,75.0,35.0,3.78
matirani papir 135 g,stochastic,21,85.0,0.0,0.0,0.0,61.0,4.0,-30.0,61.0,67.0,-33.0,1.26
matirani papir 135 g,stochastic,22,85.0,21.0,0.0,0.0,54.0,43.0,-23.0,60.0,11.0,-32.0,6.39
matirani papir 135 g,stochastic,23,85.0,52.0,0.0,0.0,43.0,27.0,-9.0,51.0,32.0,-18.0,9.29
matirani papir 135 g,stochastic,24,85.0,81.0,0.0,0.0,33.0,27.0,4.0,35.0,89.0,5.0,2.73
matirani papir 135 g,stochastic,25,85.0,100.0,0.0,0.0,27.0,42.0,14.0,27.0,62.0,18.0,1.74
matirani papir 135 g,stochastic,26,100.0,0.0,0.0,0.0,55.0,24.0,-36.0,55.0,62.0,-37.0,0.64
matirani papir 135 g,stochastic,27,100.0,21.0,0.0,0.0,48.0,25.0,-32.0,53.0,55.0,-36.0,5.54
matirani papir 135 g,stochastic,28,100.0,52.0,0.0,0.0,38.0,20.0,-16.0,46.0,35.0,-25.0,8.58
matirani papir 135 g,stochastic,29,100.0,81.0,0.0,0.0,29.0,66.0,-1.0,31.0,20.0,-2.0,2.69
matirani papir 135 g,stochastic,30,100.0,100.0,0.0,0.0,25.0,10.0,7.0,23.0,27.0,11.0,1.9
matirani papir 135 g,stochastic,31,0.0,0.0,21.0,0.0,92.0,43.0,-2.0,93.0,4.0,-1.0,5.16
matirani papir 135 g,stochastic,32,0.0,21.0,21.0,0.0,82.0,87.0,8.0,91.0,61.0,-0.0,11.64
matirani papir 135 g,stochastic,33,0.0,52.0,21.0,0.0,68.0,50.0,27.0,75.0,82.0,20.0,7.12
matirani papir 135 g,stochastic,34,0.0,81.0,21.0,0.0,54.0,87.0,46.0,53.0,51.0,52.0,4.27
matirani papir 135 g,stochastic,35,0.0,100.0,21.0,0.0,46.0,23.0,62.0,45.0,27.0,65.0,2.29
matirani papir 135 g,stochastic,36,16.0,0.0,21.0,0.0,86.0,54.0,-6.0,91.0,95.0,-1.0,6.78
matirani papir 135 g,stochastic,37,16.0,21.0,21.0,0.0,72.0,46.0,3.0,85.0,52.0,-0.0,10.84
matirani papir 135 g,stochastic,38,16.0,52.0,21.0,0.0,58.0,58.0,19.0,75.0,7.0,12.0,14.43
matirani papir 135 g,stochastic,39,16.0,81.0,21.0,0.0,47.0,21.0,38.0,53.0,32.0,45.0,7.21
matirani papir 135 g,stochastic,40,16.0,100.0,21.0,0.0,41.0,19.0,51.0,44.0,63.0,59.0,4.35
matirani papir 135 g,stochastic,41,39.0,0.0,21.0,0.0,75.0,78.0,-15.0,86.0,26.0,-8.0,9.43
matirani papir 135 g,stochastic,42,39.0,21.0,21.0,0.0,63.0,14.0,-5.0,77.0,41.0,-1.0,11.68
matirani papir 135 g,stochastic,43,39.0,52.0,21.0,0.0,52.0,26.0,11.0,66.0,1.0,6.0,12.95
matirani papir 135 g,stochastic,44,39.0,81.0,21.0,0.0,40.0,51.0,29.0,46.0,84.0,36.0,6.67
matirani papir 135 g,stochastic,45,39.0,100.0,21.0,0.0,35.0,78.0,39.0,40.0,8.0,53.0,5.68
matirani papir 135 g,stochastic,46,64.0,0.0,21.0,0.0,67.0,33.0,-25.0,71.0,41.0,-25.0,4.12
matirani papir 135 g,stochastic,47,64.0,21.0,21.0,0.0,56.0,93.0,-15.0,66.0,8.0,-17.0,7.99
matirani papir 135 g,stochastic,48,64.0,52.0,21.0,0.0,42.0,95.0,0.0,55.0,2.0,-5.0,13.53
matirani papir 135 g,stochastic,49,64.0,81.0,21.0,0.0,33.0,12.0,15.0,39.0,30.0,22.0,6.26
matirani papir 135 g,stochastic,50,64.0,100.0,21.0,0.0,28.0,66.0,26.0,32.0,97.0,36.0,5.34
matirani papir 135 g,stochastic,51,85.0,0.0,21.0,0.0,57.0,89.0,-37.0,59.0,86.0,-38.0,3.51
matirani papir 135 g,stochastic,52,85.0,21.0,21.0,0.0,47.0,10.0,-26.0,55.0,95.0,-31.0,9.35
matirani papir 135 g,stochastic,53,85.0,52.0,21.0,0.0,35.0,38.0,-9.0,46.0,69.0,-19.0,11.48
matirani papir 135 g,stochastic,54,85.0,81.0,21.0,0.0,27.0,36.0,3.0,33.0,28.0,4.0,5.27
matirani papir 135 g,stochastic,55,85.0,100.0,21.0,0.0,23.0,61.0,12.0,27.0,73.0,17.0,3.99
matirani papir 135 g,stochastic,56,100.0,0.0,21.0,0.0,51.0,73.0,-44.0,53.0,10.0,-43.0,3.48
matirani papir 135 g,stochastic,57,100.0,21.0,21.0,0.0,45.0,5.0,-34.0,50.0,66.0,-40.0,6.27
matirani papir 135 g,stochastic,58,100.0,52.0,21.0,0.0,33.0,74.0,-16.0,41.0,54.0,-26.0,8.29
matirani papir 135 g,stochastic,59,100.0,81.0,21.0,0.0,26.0,30.0,-2.0,29.0,37.0,-5.0,4.74
matirani papir 135 g,stochastic,60,100.0,100.0,21.0,0.0,23.0,26.0,4.0,23.0,72.0,7.0,2.42
matirani papir 135 g,stochastic,61,0.0,0.0,52.0,0.0,89.0,58.0,-2.0,91.0,11.0,-4.0,1.8
matirani papir 135 g,stochastic,62,0.0,21.0,52.0,0.0,80.0,48.0,8.0,88.0,82.0,-1.0,9.71
matirani papir 135 g,stochastic,63,0.0,52.0,52.0,0.0,65.0,43.0,28.0,70.0,30.0,23.0,4.66
matirani papir 135 g,stochastic,64,0.0,81.0,52.0,0.0,54.0,79.0,46.0,52.0,38.0,51.0,4.84
matirani papir 135 g,stochastic,65,0.0,100.0,52.0,0.0,45.0,12.0,62.0,44.0,54.0,63.0,1.49
matirani papir 135 g,stochastic,66,16.0,0.0,52.0,0.0,81.0,57.0,-7.0,89.0,27.0,-4.0,5.62
matirani papir 135 g,stochastic,67,16.0,21.0,52.0,0.0,70.0,17.0,2.0,83.0,98.0,-3.0,11.11
matirani papir 135 g,stochastic,68,16.0,52.0,52.0,0.0,58.0,37.0,19.0,70.0,42.0,15.0,10.28
matirani papir 135 g,stochastic,69,16.0,81.0,52.0,0.0,47.0,13.0,37.0,50.0,66.0,46.0,5.93
matirani papir 135 g,stochastic,70,16.0,100.0,52.0,0.0,40.0,22.0,51.0,43.0,89.0,59.0,4.79
matirani papir 135 g,stochastic,71,39.0,0.0,52.0,0.0,72.0,89.0,-16.0,83.0,77.0,-10.0,9.54
matirani papir 135 g,stochastic,72,39.0,21.0,52.0,0.0,61.0,71.0,-5.0,71.0,90.0,-4.0,8.61
matirani papir 135 g,stochastic,73,39.0,52.0,52.0,0.0,49.0,54.0,10.0,59.0,26.0,4.0,11.59
matirani papir 135 g,stochastic,74,39.0,81.0,52.0,0.0,39.0,91.0,26.0,42.0,57.0,31.0,4.2
matirani papir 135 g,stochastic,75,39.0,100.0,52.0,0.0,35.0,16.0,35.0,36.0,88.0,44.0,4.22
matirani papir 135 g,stochastic,76,64.0,0.0,52.0,0.0,62.0,83.0,-29.0,69.0,18.0,-29.0,5.39
matirani papir 135 g,stochastic,77,64.0,21.0,52.0,0.0,52.0,61.0,-18.0,64.0,10.0,-17.0,10.57
matirani papir 135 g,stochastic,78,64.0,52.0,52.0,0.0,37.0,13.0,-1.0,44.0,17.0,-1.0,6.27
matirani papir 135 g,stochastic,79,64.0,81.0,52.0,0.0,28.0,74.0,13.0,36.0,84.0,12.0,6.6
matirani papir 135 g,stochastic,80,64.0,100.0,52.0,0.0,24.0,59.0,21.0,30.0,4.0,27.0,5.05
matirani papir 135 g,stochastic,81,85.0,0.0,52.0,0.0,54.0,61.0,-43.0,57.0,18.0,-43.0,3.49
matirani papir 135 g,stochastic,82,85.0,21.0,52.0,0.0,46.0,3.0,-31.0,54.0,21.0,-35.0,8.4
matirani papir 135 g,stochastic,83,85.0,52.0,52.0,0.0,31.0,23.0,-12.0,40.0,14.0,-12.0,7.4
matirani papir 135 g,stochastic,84,85.0,81.0,52.0,0.0,22.0,66.0,2.0,30.0,71.0,0.0,6.44
matirani papir 135 g,stochastic,85,85.0,100.0,52.0,0.0,20.0,86.0,9.0,24.0,59.0,15.0,4.87
matirani papir 135 g,stochastic,86,100.0,0.0,52.0,0.0,49.0,66.0,-51.0,50.0,42.0,-53.0,1.13
matirani papir 135 g,stochastic,87,100.0,21.0,52.0,0.0,43.0,25.0,-40.0,49.0,6.0,-47.0,6.12
matirani papir 135 g,stochastic,88,100.0,52.0,52.0,0.0,32.0,21.0,-20.0,36.0,81.0,-25.0,4.67
matirani papir 135 g,stochastic,89,100.0,81.0,52.0,0.0,21.0,38.0,-2.0,26.0,31.0,-9.0,6.95
matirani papir 135 g,stochastic,90,100.0,100.0,52.0,0.0,17.0,94.0,3.0,22.0,9.0,2.0,3.85
matirani papir 135 g,stochastic,91,0.0,0.0,81.0,0.0,87.0,35.0,-2.0,88.0,85.0,-5.0,1.73
matirani papir 135 g,stochastic,92,0.0,21.0,81.0,0.0,77.0,99.0,8.0,85.0,59.0,-0.0,8.16
matirani papir 135 g,stochastic,93,0.0,52.0,81.0,0.0,63.0,80.0,29.0,67.0,24.0,25.0,3.68
matirani papir 135 g,stochastic,94,0.0,81.0,81.0,0.0,51.0,69.0,47.0,51.0,43.0,50.0,3.27
matirani papir 135 g,stochastic,95,0.0,100.0,81.0,0.0,43.0,70.0,62.0,44.0,15.0,62.0,2.03
matirani papir 135 g,stochastic,96,16.0,0.0,81.0,0.0,80.0,6.0,-8.0,87.0,12.0,-5.0,5.02
matirani papir 135 g,stochastic,97,16.0,21.0,81.0,0.0,68.0,20.0,3.0,82.0,79.0,-3.0,11.93
matirani papir 135 g,stochastic,98,16.0,52.0,81.0,0.0,54.0,81.0,22.0,66.0,30.0,18.0,10.78
matirani papir 135 g,stochastic,99,16.0,81.0,81.0,0.0,47.0,15.0,38.0,49.0,71.0,47.0,4.12
matirani papir 135 g,stochastic,100,16.0,100.0,81.0,0.0,40.0,98.0,50.0,43.0,11.0,58.0,2.96
matirani papir 135 g,stochastic,101,39.0,0.0,81.0,0.0,70.0,65.0,-17.0,81.0,36.0,-11.0,10.28
matirani papir 135 g,stochastic,102,39.0,21.0,81.0,0.0,59.0,54.0,-5.0,68.0,45.0,-5.0,8.61
matirani papir 135 g,stochastic,103,39.0,52.0,81.0,0.0,47.0,37.0,10.0,56.0,69.0,5.0,11.17
matirani papir 135 g,stochastic,104,39.0,81.0,81.0,0.0,36.0,82.0,27.0,41.0,63.0,32.0,4.71
matirani papir 135 g,stochastic,105,39.0,100.0,81.0,0.0,32.0,95.0,37.0,36.0,97.0,45.0,4.34
matirani papir 135 g,stochastic,106,64.0,0.0,81.0,0.0,60.0,16.0,-33.0,67.0,70.0,-29.0,7.47
matirani papir 135 g,stochastic,107,64.0,21.0,81.0,0.0,50.0,38.0,-21.0,63.0,21.0,-18.0,13.28
matirani papir 135 g,stochastic,108,64.0,52.0,81.0,0.0,34.0,73.0,-2.0,41.0,60.0,-3.0,6.2
matirani papir 135 g,stochastic,109,64.0,81.0,81.0,0.0,26.0,24.0,13.0,34.0,0.0,10.0,6.48
matirani papir 135 g,stochastic,110,64.0,100.0,81.0,0.0,22.0,97.0,21.0,26.0,93.0,24.0,3.77
matirani papir 135 g,stochastic,111,85.0,0.0,81.0,0.0,52.0,48.0,-48.0,56.0,49.0,-45.0,3.99
matirani papir 135 g,stochastic,112,85.0,21.0,81.0,0.0,43.0,73.0,-36.0,53.0,80.0,-38.0,10.21
matirani papir 135 g,stochastic,113,85.0,52.0,81.0,0.0,32.0,30.0,-14.0,36.0,63.0,-14.0,4.7
matirani papir 135 g,stochastic,114,85.0,81.0,81.0,0.0,23.0,50.0,1.0,24.0,26.0,-1.0,3.46
matirani papir 135 g,stochastic,115,85.0,100.0,81.0,0.0,19.0,97.0,8.0,21.0,46.0,6.0,2.1
matirani papir 135 g,stochastic,116,100.0,0.0,81.0,0.0,47.0,27.0,-56.0,48.0,54.0,-58.0,1.67
matirani papir 135 g,stochastic,117,100.0,21.0,81.0,0.0,41.0,30.0,-45.0,46.0,99.0,-52.0,5.86
matirani papir 135 g,stochastic,118,100.0,52.0,81.0,0.0,28.0,89.0,-23.0,33.0,46.0,-27.0,4.15
matirani papir 135 g,stochastic,119,100.0,81.0,81.0,0.0,18.0,30.0,-5.0,21.0,88.0,-5.0,2.82
matirani papir 135 g,stochastic,120,100.0,100.0,81.0,0.0,14.0,84.0,0.0,20.0,37.0,-1.0,4.99
matirani papir 135 g,stochastic,121,0.0,0.0,100.0,0.0,86.0,20.0,-2.0,87.0,87.0,-4.0,1.5
matirani papir 135 g,stochastic,122,0.0,21.0,100.0,0.0,76.0,77.0,9.0,84.0,52.0,-0.0,7.91
matirani papir 135 g,stochastic,123,0.0,52.0,100.0,0.0,62.0,0.0,31.0,66.0,95.0,24.0,6.13
matirani papir 135 g,stochastic,124,0.0,81.0,100.0,0.0,50.0,20.0,51.0,50.0,9.0,51.0,1.61
matirani papir 135 g,stochastic,125,0.0,100.0,100.0,0.0,42.0,88.0,63.0,43.0,48.0,62.0,1.27
matirani papir 135 g,stochastic,126,16.0,0.0,100.0,0.0,78.0,53.0,-7.0,85.0,48.0,-4.0,5.06
matirani papir 135 g,stochastic,127,16.0,21.0,100.0,0.0,67.0,91.0,2.0,80.0,47.0,-2.0,10.59
matirani papir 135 g,stochastic,128,16.0,52.0,100.0,0.0,55.0,88.0,20.0,65.0,10.0,18.0,9.32
matirani papir 135 g,stochastic,129,16.0,81.0,100.0,0.0,46.0,65.0,37.0,48.0,93.0,46.0,4.03
matirani papir 135 g,stochastic,130,16.0,100.0,100.0,0.0,41.0,9.0,50.0,43.0,19.0,58.0,3.11
matirani papir 135 g,stochastic,131,39.0,0.0,100.0,0.0,69.0,89.0,-17.0,79.0,32.0,-12.0,8.54
matirani papir 135 g,stochastic,132,39.0,21.0,100.0,0.0,58.0,26.0,-6.0,69.0,30.0,-6.0,10.0
matirani papir 135 g,stochastic,133,39.0,52.0,100.0,0.0,45.0,70.0,9.0,56.0,35.0,5.0,12.14
matirani papir 135 g,stochastic,134,39.0,81.0,100.0,0.0,36.0,37.0,26.0,41.0,95.0,31.0,5.43
matirani papir 135 g,stochastic,135,39.0,100.0,100.0,0.0,32.0,97.0,36.0,37.0,24.0,45.0,4.75
matirani papir 135 g,stochastic,136,64.0,0.0,100.0,0.0,57.0,67.0,-34.0,65.0,58.0,-30.0,7.79
matirani papir 135 g,stochastic,137,64.0,21.0,100.0,0.0,48.0,52.0,-22.0,61.0,81.0,-19.0,13.69
matirani papir 135 g,stochastic,138,64.0,52.0,100.0,0.0,35.0,18.0,-3.0,44.0,44.0,-4.0,8.72
matirani papir 135 g,stochastic,139,64.0,81.0,100.0,0.0,26.0,24.0,11.0,32.0,66.0,12.0,5.36
matirani papir 135 g,stochastic,140,64.0,100.0,100.0,0.0,22.0,82.0,20.0,27.0,9.0,24.0,3.93
matirani papir 135 g,stochastic,141,85.0,0.0,100.0,0.0,52.0,7.0,-46.0,54.0,82.0,-47.0,3.3
matirani papir 135 g,stochastic,142,85.0,21.0,100.0,0.0,44.0,78.0,-35.0,52.0,98.0,-39.0,8.98
matirani papir 135 g,stochastic,143,85.0,52.0,100.0,0.0,33.0,44.0,-15.0,38.0,58.0,-15.0,6.23
matirani papir 135 g,stochastic,144,85.0,81.0,100.0,0.0,23.0,61.0,0.0,25.0,67.0,-1.0,4.41
matirani papir 135 g,stochastic,145,85.0,100.0,100.0,0.0,19.0,63.0,5.0,22.0,31.0,4.0,3.28
matirani papir 135 g,stochastic,146,100.0,0.0,100.0,0.0,45.0,20.0,-59.0,47.0,38.0,-59.0,2.31
matirani papir 135 g,stochastic,147,100.0,21.0,100.0,0.0,39.0,63.0,-50.0,46.0,64.0,-54.0,6.67
matirani papir 135 g,stochastic,148,100.0,52.0,100.0,0.0,28.0,29.0,-27.0,35.0,89.0,-28.0,6.36
matirani papir 135 g,stochastic,149,100.0,81.0,100.0,0.0,18.0,33.0,-6.0,24.0,58.0,-6.0,4.95
matirani papir 135 g,stochastic,150,100.0,100.0,100.0,0.0,14.0,80.0,-0.0,19.0,78.0,-1.0,3.68
matirani papir 135 g,stochastic,151,0.0,0.0,0.0,25.0,72.0,81.0,-0.0,83.0,89.0,0.0,7.85
matirani papir 135 g,stochastic,152,0.0,31.0,0.0,25.0,62.0,95.0,11.0,79.0,72.0,4.0,14.34
matirani papir 135 g,stochastic,153,0.0,72.0,0.0,25.0,45.0,65.0,32.0,53.0,43.0,37.0,8.23
matirani papir 135 g,stochastic,154,0.0,100.0,0.0,25.0,35.0,99.0,49.0,41.0,7.0,58.0,5.3
matirani papir 135 g,stochastic,155,21.0,0.0,0.0,25.0,69.0,73.0,-6.0,82.0,41.0,-3.0,10.02
matirani papir 135 g,stochastic,156,21.0,31.0,0.0,25.0,59.0,21.0,6.0,73.0,62.0,3.0,12.44
matirani papir 135 g,stochastic,157,21.0,72.0,0.0,25.0,43.0,9.0,25.0,48.0,27.0,35.0,6.36
matirani papir 135 g,stochastic,158,21.0,100.0,0.0,25.0,34.0,86.0,41.0,38.0,44.0,55.0,5.78
matirani papir 135 g,stochastic,159,52.0,0.0,0.0,25.0,60.0,28.0,-13.0,72.0,99.0,-14.0,10.38
matirani papir 135 g,stochastic,160,52.0,31.0,0.0,25.0,50.0,14.0,-2.0,64.0,90.0,-6.0,14.11
matirani papir 135 g,stochastic,161,52.0,72.0,0.0,25.0,34.0,10.0,14.0,41.0,73.0,23.0,8.7
matirani papir 135 g,stochastic,162,52.0,100.0,0.0,25.0,27.0,14.0,28.0,32.0,88.0,41.0,7.24
matirani papir 135 g,stochastic,163,81.0,0.0,0.0,25.0,47.0,92.0,-25.0,58.0,89.0,-28.0,10.71
matirani papir 135 g,stochastic,164,81.0,31.0,0.0,25.0,39.0,23.0,-13.0,52.0,13.0,-21.0,13.03
matirani papir 135 g,stochastic,165,81.0,72.0,0.0,25.0,27.0,61.0,2.0,34.0,98.0,6.0,6.29
matirani papir 135 g,stochastic,166,81.0,100.0,0.0,25.0,22.0,28.0,14.0,26.0,43.0,23.0,5.8
matirani papir 135 g,stochastic,167,100.0,0.0,0.0,25.0,43.0,11.0,-34.0,51.0,29.0,-39.0,8.25
matirani papir 135 g,stochastic,168,100.0,31.0,0.0,25.0,34.0,22.0,-20.0,44.0,74.0,-30.0,10.23
matirani papir 135 g,stochastic,169,100.0,72.0,0.0,25.0,25.0,26.0,-4.0,29.0,66.0,-6.0,4.38
matirani papir 135 g,stochastic,170,100.0,100.0,0.0,25.0,20.0,65.0,5.0,21.0,20.0,11.0,2.07
matirani papir 135 g,stochastic,171,0.0,0.0,31.0,25.0,72.0,50.0,-1.0,82.0,52.0,-3.0,7.35
matirani papir 135 g,stochastic,172,0.0,31.0,31.0,25.0,62.0,48.0,10.0,73.0,96.0,3.0,12.99
matirani papir 135 g,stochastic,173,0.0,72.0,31.0,25.0,45.0,48.0,31.0,50.0,53.0,37.0,5.61
matirani papir 135 g,stochastic,174,0.0,100.0,31.0,25.0,36.0,59.0,47.0,40.0,27.0,56.0,4.11
matirani papir 135 g,stochastic,175,21.0,0.0,31.0,25.0,65.0,31.0,-7.0,77.0,20.0,-4.0,10.52
matirani papir 135 g,stochastic,176,21.0,31.0,31.0,25.0,52.0,82.0,4.0,62.0,48.0,-0.0,11.36
matirani papir 135 g,stochastic,177,21.0,72.0,31.0,25.0,38.0,52.0,25.0,45.0,5.0,27.0,6.13
matirani papir 135 g,stochastic,178,21.0,100.0,31.0,25.0,31.0,57.0,37.0,35.0,63.0,45.0,4.58
matirani papir 135 g,stochastic,179,52.0,0.0,31.0,25.0,55.0,12.0,-17.0,68.0,47.0,-15.0,11.92
matirani papir 135 g,stochastic,180,52.0,31.0,31.0,25.0,44.0,98.0,-5.0,53.0,71.0,-3.0,9.42
matirani papir 135 g,stochastic,181,52.0,72.0,31.0,25.0,30.0,8.0,12.0,37.0,29.0,14.0,6.07
matirani papir 135 g,stochastic,182,52.0,100.0,31.0,25.0,24.0,30.0,24.0,27.0,90.0,34.0,5.56
matirani papir 135 g,stochastic,183,81.0,0.0,31.0,25.0,46.0,79.0,-27.0,55.0,47.0,-32.0,9.15
matirani papir 135 g,stochastic,184,81.0,31.0,31.0,25.0,36.0,78.0,-15.0,43.0,18.0,-17.0,6.14
matirani papir 135 g,stochastic,185,81.0,72.0,31.0,25.0,24.0,81.0,1.0,30.0,43.0,1.0,4.25
matirani papir 135 g,stochastic,186,81.0,100.0,31.0,25.0,20.0,61.0,11.0,22.0,37.0,18.0,5.41
matirani papir 135 g,stochastic,187,100.0,0.0,31.0,25.0,42.0,0.0,-39.0,49.0,23.0,-46.0,7.46
matirani papir 135 g,stochastic,188,100.0,31.0,31.0,25.0,32.0,74.0,-23.0,38.0,77.0,-29.0,5.93
matirani papir 135 g,stochastic,189,100.0,72.0,31.0,25.0,20.0,57.0,-4.0,26.0,82.0,-9.0,6.0
matirani papir 135 g,stochastic,190,100.0,100.0,31.0,25.0,15.0,96.0,3.0,20.0,48.0,5.0,3.52
matirani papir 135 g,stochastic,191,0.0,0.0,72.0,25.0,67.0,16.0,-2.0,80.0,74.0,-4.0,10.58
matirani papir 135 g,stochastic,192,0.0,31.0,72.0,25.0,56.0,31.0,10.0,70.0,68.0,4.0,13.58
matirani papir 135 g,stochastic,193,0.0,72.0,72.0,25.0,42.0,79.0,31.0,50.0,15.0,37.0,7.57
matirani papir 135 g,stochastic,194,0.0,100.0,72.0,25.0,34.0,59.0,47.0,41.0,22.0,54.0,6.08
matirani papir 135 g,stochastic,195,21.0,0.0,72.0,25.0,59.0,48.0,-7.0,73.0,20.0,-6.0,11.88
matirani papir 135 g,stochastic,196,21.0,31.0,72.0,25.0,48.0,17.0,4.0,62.0,4.0,-0.0,14.32
matirani papir 135 g,stochastic,197,21.0,72.0,72.0,25.0,37.0,44.0,23.0,42.0,10.0,28.0,4.92
matirani papir 135 g,stochastic,198,21.0,100.0,72.0,25.0,31.0,7.0,37.0,34.0,1.0,45.0,3.85
matirani papir 135 g,stochastic,199,52.0,0.0,72.0,25.0,52.0,33.0,-19.0,63.0,72.0,-17.0,12.45
matirani papir 135 g,stochastic,200,52.0,31.0,72.0,25.0,40.0,22.0,-6.0,45.0,68.0,-5.0,7.07
matirani papir 135 g,stochastic,201,52.0,72.0,72.0,25.0,28.0,1.0,10.0,31.0,67.0,8.0,4.56
matirani papir 135 g,stochastic,202,52.0,100.0,72.0,25.0,21.0,76.0,21.0,24.0,73.0,25.0,3.23
matirani papir 135 g,stochastic,203,81.0,0.0,72.0,25.0,42.0,64.0,-34.0,52.0,59.0,-36.0,10.54
matirani papir 135 g,stochastic,204,81.0,31.0,72.0,25.0,32.0,65.0,-20.0,41.0,41.0,-20.0,8.5
matirani papir 135 g,stochastic,205,81.0,72.0,72.0,25.0,19.0,89.0,-0.0,25.0,25.0,-1.0,4.21
matirani papir 135 g,stochastic,206,81.0,100.0,72.0,25.0,15.0,55.0,7.0,19.0,51.0,8.0,2.96
matirani papir 135 g,stochastic,207,100.0,0.0,72.0,25.0,37.0,23.0,-49.0,46.0,29.0,-51.0,8.27
matirani papir 135 g,stochastic,208,100.0,31.0,72.0,25.0,28.0,64.0,-30.0,36.0,65.0,-33.0,6.66
matirani papir 135 g,stochastic,209,100.0,72.0,72.0,25.0,16.0,29.0,-6.0,22.0,32.0,-8.0,4.66
matirani papir 135 g,stochastic,210,100.0,100.0,72.0,25.0,12.0,24.0,1.0,17.0,20.0,-0.0,4.09
matirani papir 135 g,stochastic,211,0.0,0.0,100.0,25.0,66.0,11.0,-2.0,76.0,61.0,-3.0,8.65
matirani papir 135 g,stochastic,212,0.0,31.0,100.0,25.0,56.0,31.0,11.0,67.0,36.0,5.0,11.26
matirani papir 135 g,stochastic,213,0.0,72.0,100.0,25.0,43.0,48.0,32.0,48.0,16.0,37.0,5.61
matirani papir 135 g,stochastic,214,0.0,100.0,100.0,25.0,36.0,45.0,45.0,39.0,67.0,53.0,4.28
matirani papir 135 g,stochastic,215,21.0,0.0,100.0,25.0,59.0,94.0,-7.0,69.0,62.0,-5.0,9.36
matirani papir 135 g,stochastic,216,21.0,31.0,100.0,25.0,49.0,7.0,3.0,59.0,21.0,-0.0,11.09
matirani papir 135 g,stochastic,217,21.0,72.0,100.0,25.0,35.0,78.0,24.0,42.0,10.0,28.0,6.24
matirani papir 135 g,stochastic,218,21.0,100.0,100.0,25.0,29.0,75.0,37.0,34.0,70.0,43.0,4.51
matirani papir 135 g,stochastic,219,52.0,0.0,100.0,25.0,49.0,95.0,-20.0,63.0,46.0,-16.0,14.15
matirani papir 135 g,stochastic,220,52.0,31.0,100.0,25.0,37.0,47.0,-8.0,46.0,77.0,-5.0,9.97
matirani papir 135 g,stochastic,221,52.0,72.0,100.0,25.0,24.0,97.0,11.0,33.0,25.0,10.0,7.21
matirani papir 135 g,stochastic,222,52.0,100.0,100.0,25.0,21.0,51.0,21.0,25.0,54.0,26.0,3.8
matirani papir 135 g,stochastic,223,81.0,0.0,100.0,25.0,40.0,85.0,-39.0,51.0,78.0,-36.0,11.42
matirani papir 135 g,stochastic,224,81.0,31.0,100.0,25.0,31.0,68.0,-23.0,40.0,85.0,-21.0,8.74
matirani papir 135 g,stochastic,225,81.0,72.0,100.0,25.0,19.0,74.0,-1.0,24.0,9.0,-2.0,5.07
matirani papir 135 g,stochastic,226,81.0,100.0,100.0,25.0,15.0,74.0,6.0,17.0,88.0,6.0,2.81
matirani papir 135 g,stochastic,227,100.0,0.0,100.0,25.0,37.0,86.0,-51.0,44.0,69.0,-55.0,7.19
matirani papir 135 g,stochastic,228,100.0,31.0,100.0,25.0,30.0,53.0,-32.0,35.0,40.0,-35.0,5.63
matirani papir 135 g,stochastic,229,100.0,72.0,100.0,25.0,18.0,13.0,-7.0,20.0,51.0,-9.0,4.11
matirani papir 135 g,stochastic,230,100.0,100.0,100.0,25.0,12.0,59.0,-0.0,16.0,83.0,-1.0,3.74
matirani papir 135 g,stochastic,231,0.0,0.0,0.0,60.0,42.0,13.0,-0.0,48.0,11.0,-0.0,5.69
matirani papir 135 g,stochastic,232,0.0,31.0,0.0,60.0,37.0,84.0,6.0,46.0,62.0,2.0,9.57
matirani papir 135 g,stochastic,233,0.0,72.0,0.0,60.0,27.0,33.0,19.0,32.0,60.0,22.0,4.28
matirani papir 135 g,stochastic,234,0.0,100.0,0.0,60.0,20.0,23.0,28.0,25.0,57.0,33.0,4.39
matirani papir 135 g,stochastic,235,31.0,0.0,0.0,60.0,39.0,28.0,-5.0,50.0,72.0,-4.0,11.34
matirani papir 135 g,stochastic,236,31.0,31.0,0.0,60.0,30.0,73.0,1.0,43.0,27.0,-0.0,11.27
matirani papir 135 g,stochastic,237,31.0,72.0,0.0,60.0,20.0,61.0,13.0,27.0,46.0,17.0,5.98
matirani papir 135 g,stochastic,238,31.0,100.0,0.0,60.0,16.0,38.0,22.0,22.0,8.0,30.0,5.55
matirani papir 135 g,stochastic,239,72.0,0.0,0.0,60.0,29.0,93.0,-13.0,36.0,92.0,-16.0,6.46
matirani papir 135 g,stochastic,240,72.0,31.0,0.0,60.0,24.0,88.0,-6.0,32.0,27.0,-9.0,6.66
matirani papir 135 g,stochastic,241,72.0,72.0,0.0,60.0,18.0,45.0,4.0,22.0,34.0,6.0,3.51
matirani papir 135 g,stochastic,242,72.0,100.0,0.0,60.0,15.0,3.0,12.0,16.0,41.0,19.0,5.5
matirani papir 135 g,stochastic,243,100.0,0.0,0.0,60.0,25.0,48.0,-19.0,29.0,88.0,-25.0,4.57
matirani papir 135 g,stochastic,244,100.0,31.0,0.0,60.0,20.0,32.0,-11.0,25.0,57.0,-18.0,5.86
matirani papir 135 g,stochastic,245,100.0,72.0,0.0,60.0,14.0,73.0,-0.0,18.0,47.0,-4.0,4.96
matirani papir 135 g,stochastic,246,100.0,100.0,0.0,60.0,11.0,94.0,4.0,14.0,94.0,5.0,2.36
matirani papir 135 g,stochastic,247,0.0,0.0,31.0,60.0,41.0,74.0,-1.0,51.0,2.0,-2.0,9.36
matirani papir 135 g,stochastic,248,0.0,31.0,31.0,60.0,34.0,49.0,6.0,44.0,93.0,1.0,11.46
matirani papir 135 g,stochastic,249,0.0,72.0,31.0,60.0,25.0,25.0,18.0,31.0,45.0,21.0,5.01
matirani papir 135 g,stochastic,250,0.0,100.0,31.0,60.0,19.0,16.0,28.0,24.0,18.0,33.0,4.12
matirani papir 135 g,stochastic,251,31.0,0.0,31.0,60.0,35.0,97.0,-6.0,43.0,97.0,-4.0,9.64
matirani papir 135 g,stochastic,252,31.0,31.0,31.0,60.0,30.0,51.0,0.0,35.0,70.0,-1.0,4.88
matirani papir 135 g,stochastic,253,31.0,72.0,31.0,60.0,22.0,13.0,12.0,23.0,87.0,11.0,1.78
matirani papir 135 g,stochastic,254,31.0,100.0,31.0,60.0,18.0,4.0,19.0,18.0,26.0,24.0,2.72
matirani papir 135 g,stochastic,255,72.0,0.0,31.0,60.0,28.0,47.0,-15.0,33.0,97.0,-17.0,5.96
matirani papir 135 g,stochastic,256,72.0,31.0,31.0,60.0,24.0,31.0,-6.0,25.0,91.0,-8.0,4.0
matirani papir 135 g,stochastic,257,72.0,72.0,31.0,60.0,16.0,82.0,3.0,19.0,2.0,3.0,2.26
matirani papir 135 g,stochastic,258,72.0,100.0,31.0,60.0,12.0,80.0,9.0,14.0,36.0,13.0,4.02
matirani papir 135 g,stochastic,259,100.0,0.0,31.0,60.0,24.0,6.0,-23.0,29.0,12.0,-30.0,5.46
matirani papir 135 g,stochastic,260,100.0,31.0,31.0,60.0,19.0,22.0,-12.0,23.0,61.0,-17.0,4.95
matirani papir 135 g,stochastic,261,100.0,72.0,31.0,60.0,12.0,63.0,-1.0,18.0,60.0,-5.0,6.03
matirani papir 135 g,stochastic,262,100.0,100.0,31.0,60.0,10.0,55.0,3.0,14.0,63.0,3.0,3.12
matirani papir 135 g,stochastic,263,0.0,0.0,72.0,60.0,40.0,57.0,-2.0,49.0,86.0,-3.0,9.86
matirani papir 135 g,stochastic,264,0.0,31.0,72.0,60.0,32.0,36.0,4.0,42.0,49.0,1.0,10.81
matirani papir 135 g,stochastic,265,0.0,72.0,72.0,60.0,24.0,9.0,19.0,30.0,42.0,22.0,5.53
matirani papir 135 g,stochastic,266,0.0,100.0,72.0,60.0,19.0,74.0,27.0,23.0,96.0,33.0,3.83
matirani papir 135 g,stochastic,267,31.0,0.0,72.0,60.0,33.0,69.0,-7.0,40.0,81.0,-6.0,8.95
matirani papir 135 g,stochastic,268,31.0,31.0,72.0,60.0,28.0,16.0,-0.0,32.0,45.0,-2.0,5.49
matirani papir 135 g,stochastic,269,31.0,72.0,72.0,60.0,21.0,20.0,11.0,22.0,41.0,13.0,3.87
matirani papir 135 g,stochastic,270,31.0,100.0,72.0,60.0,16.0,98.0,16.0,17.0,45.0,22.0,3.56
matirani papir 135 g,stochastic,271,72.0,0.0,72.0,60.0,25.0,99.0,-17.0,30.0,93.0,-19.0,6.43
matirani papir 135 g,stochastic,272,72.0,31.0,72.0,60.0,20.0,59.0,-9.0,25.0,25.0,-9.0,5.95
matirani papir 135 g,stochastic,273,72.0,72.0,72.0,60.0,14.0,64.0,0.0,18.0,2.0,-0.0,4.35
matirani papir 135 g,stochastic,274,72.0,100.0,72.0,60.0,10.0,77.0,6.0,13.0,89.0,7.0,2.73
matirani papir 135 g,stochastic,275,100.0,0.0,72.0,60.0,20.0,86.0,-26.0,27.0,81.0,-32.0,5.79
matirani papir 135 g,stochastic,276,100.0,31.0,72.0,60.0,16.0,90.0,-14.0,21.0,81.0,-19.0,5.0
matirani papir 135 g,stochastic,277,100.0,72.0,72.0,60.0,11.0,35.0,-3.0,15.0,71.0,-5.0,4.43
matirani papir 135 g,stochastic,278,100.0,100.0,72.0,60.0,9.0,1.0,1.0,13.0,66.0,-0.0,4.04
matirani papir 135 g,stochastic,279,0.0,0.0,100.0,60.0,38.0,11.0,-3.0,47.0,60.0,-3.0,9.63
matirani papir 135 g,stochastic,280,0.0,31.0,100.0,60.0,30.0,14.0,4.0,40.0,73.0,1.0,10.26
matirani papir 135 g,stochastic,281,0.0,72.0,100.0,60.0,23.0,81.0,17.0,27.0,96.0,21.0,5.14
matirani papir 135 g,stochastic,282,0.0,100.0,100.0,60.0,20.0,97.0,24.0,23.0,22.0,31.0,4.13
matirani papir 135 g,stochastic,283,31.0,0.0,100.0,60.0,34.0,4.0,-9.0,39.0,95.0,-6.0,8.0
matirani papir 135 g,stochastic,284,31.0,31.0,100.0,60.0,27.0,89.0,-1.0,32.0,82.0,-2.0,5.5
matirani papir 135 g,stochastic,285,31.0,72.0,100.0,60.0,20.0,37.0,9.0,23.0,9.0,12.0,4.28
matirani papir 135 g,stochastic,286,31.0,100.0,100.0,60.0,15.0,98.0,15.0,18.0,38.0,20.0,3.81
matirani papir 135 g,stochastic,287,72.0,0.0,100.0,60.0,24.0,51.0,-21.0,33.0,43.0,-20.0,8.95
matirani papir 135 g,stochastic,288,72.0,31.0,100.0,60.0,18.0,52.0,-11.0,25.0,43.0,-9.0,7.6
matirani papir 135 g,stochastic,289,72.0,72.0,100.0,60.0,12.0,42.0,-0.0,17.0,81.0,-0.0,5.24
matirani papir 135 g,stochastic,290,72.0,100.0,100.0,60.0,11.0,51.0,4.0,14.0,60.0,6.0,3.18
matirani papir 135 g,stochastic,291,100.0,0.0,100.0,60.0,20.0,83.0,-29.0,27.0,18.0,-34.0,5.54
matirani papir 135 g,stochastic,292,100.0,31.0,100.0,60.0,16.0,15.0,-18.0,22.0,11.0,-21.0,5.07
matirani papir 135 g,stochastic,293,100.0,72.0,100.0,60.0,10.0,57.0,-4.0,15.0,29.0,-5.0,4.47
matirani papir 135 g,stochastic,294,100.0,100.0,100.0,60.0,8.0,77.0,-0.0,14.0,37.0,-1.0,4.86
matirani papir 135 g,stochastic,295,0.0,0.0,0.0,88.0,17.0,79.0,-0.0,18.0,99.0,-1.0,1.18
matirani papir 135 g,stochastic,296,0.0,52.0,0.0,88.0,14.0,36.0,6.0,15.0,74.0,6.0,1.79
matirani papir 135 g,stochastic,297,0.0,100.0,0.0,88.0,11.0,67.0,11.0,10.0,62.0,15.0,3.1
matirani papir 135 g,stochastic,298,31.0,0.0,0.0,88.0,19.0,7.0,-2.0,19.0,95.0,-3.0,4.19
matirani papir 135 g,stochastic,299,31.0,52.0,0.0,88.0,14.0,5.0,3.0,14.0,38.0,4.0,1.74
matirani papir 135 g,stochastic,300,31.0,100.0,0.0,88.0,9.0,53.0,9.0,11.0,33.0,12.0,2.59
matirani papir 135 g,stochastic,301,72.0,0.0,0.0,88.0,12.0,78.0,-4.0,16.0,55.0,-9.0,5.86
matirani papir 135 g,stochastic,302,72.0,52.0,0.0,88.0,9.0,5.0,1.0,12.0,18.0,-1.0,4.76
matirani papir 135 g,stochastic,303,72.0,100.0,0.0,88.0,8.0,35.0,6.0,10.0,46.0,6.0,1.57
matirani papir 135 g,stochastic,304,100.0,0.0,0.0,88.0,10.0,56.0,-4.0,14.0,16.0,-10.0,5.74
matirani papir 135 g,stochastic,305,100.0,52.0,0.0,88.0,8.0,53.0,0.0,12.0,24.0,-3.0,5.72
matirani papir 135 g,stochastic,306,100.0,100.0,0.0,88.0,7.0,74.0,4.0,10.0,29.0,2.0,3.63
matirani papir 135 g,stochastic,307,0.0,0.0,52.0,88.0,17.0,0.0,-1.0,22.0,32.0,-2.0,5.17
matirani papir 135 g,stochastic,308,0.0,52.0,52.0,88.0,12.0,79.0,4.0,16.0,10.0,5.0,3.58
matirani papir 135 g,stochastic,309,0.0,100.0,52.0,88.0,12.0,31.0,8.0,11.0,61.0,12.0,3.66
matirani papir 135 g,stochastic,310,31.0,0.0,52.0,88.0,16.0,77.0,-4.0,18.0,26.0,-3.0,4.89
matirani papir 135 g,stochastic,311,31.0,52.0,52.0,88.0,13.0,28.0,1.0,13.0,82.0,1.0,3.39
matirani papir 135 g,stochastic,312,31.0,100.0,52.0,88.0,10.0,15.0,5.0,10.0,20.0,9.0,3.61
matirani papir 135 g,stochastic,313,72.0,0.0,52.0,88.0,14.0,12.0,-6.0,14.0,34.0,-8.0,3.76
matirani papir 135 g,stochastic,314,72.0,52.0,52.0,88.0,10.0,52.0,-0.0,13.0,75.0,-2.0,4.11
matirani papir 135 g,stochastic,315,72.0,100.0,52.0,88.0,8.0,90.0,3.0,11.0,40.0,3.0,1.82
matirani papir 135 g,stochastic,316,100.0,0.0,52.0,88.0,11.0,9.0,-7.0,14.0,3.0,-11.0,4.52
matirani papir 135 g,stochastic,317,100.0,52.0,52.0,88.0,8.0,38.0,-1.0,12.0,65.0,-4.0,5.32
matirani papir 135 g,stochastic,318,100.0,100.0,52.0,88.0,8.0,91.0,1.0,12.0,7.0,-0.0,3.44
matirani papir 135 g,stochastic,319,0.0,0.0,100.0,88.0,18.0,22.0,-4.0,21.0,60.0,-3.0,4.71
matirani papir 135 g,stochastic,320,0.0,52.0,100.0,88.0,13.0,64.0,2.0,16.0,75.0,3.0,3.55
matirani papir 135 g,stochastic,321,0.0,100.0,100.0,88.0,11.0,46.0,7.0,13.0,61.0,10.0,3.3
matirani papir 135 g,stochastic,322,31.0,0.0,100.0,88.0,14.0,3.0,-5.0,17.0,32.0,-4.0,4.61
matirani papir 135 g,stochastic,323,31.0,52.0,100.0,88.0,13.0,13.0,-0.0,13.0,82.0,-0.0,3.98
matirani papir 135 g,stochastic,324,31.0,100.0,100.0,88.0,11.0,60.0,3.0,11.0,28.0,6.0,3.31
matirani papir 135 g,stochastic,325,72.0,0.0,100.0,88.0,13.0,33.0,-8.0,14.0,78.0,-9.0,3.67
matirani papir 135 g,stochastic,326,72.0,52.0,100.0,88.0,11.0,84.0,-2.0,13.0,84.0,-3.0,4.1
matirani papir 135 g,stochastic,327,72.0,100.0,100.0,88.0,10.0,76.0,1.0,11.0,37.0,0.0,2.06
matirani papir 135 g,stochastic,328,100.0,0.0,100.0,88.0,12.0,10.0,-10.0,14.0,20.0,-11.0,2.27
matirani papir 135 g,stochastic,329,100.0,52.0,100.0,88.0,9.0,53.0,-3.0,12.0,53.0,-6.0,4.26
matirani papir 135 g,stochastic,330,100.0,100.0,100.0,88.0,10.0,2.0,-0.0,12.0,26.0,-1.0,3.25
matirani papir 135 g,stochastic,331,0.0,0.0,0.0,100.0,12.0,1.0,-0.0,12.0,36.0,-0.0,0.26
matirani papir 135 g,stochastic,332,0.0,52.0,0.0,100.0,9.0,42.0,3.0,12.0,5.0,3.0,2.02
matirani papir 135 g,stochastic,333,0.0,100.0,0.0,100.0,8.0,90.0,5.0,10.0,43.0,7.0,2.66
matirani papir 135 g,stochastic,334,52.0,0.0,0.0,100.0,8.0,71.0,-0.0,11.0,93.0,-4.0,5.41
matirani papir 135 g,stochastic,335,52.0,52.0,0.0,100.0,8.0,38.0,1.0,11.0,33.0,-0.0,3.47
matirani papir 135 g,stochastic,336,52.0,100.0,0.0,100.0,7.0,82.0,4.0,10.0,97.0,4.0,2.02
matirani papir 135 g,stochastic,337,100.0,0.0,0.0,100.0,9.0,19.0,0.0,9.0,26.0,-4.0,6.17
matirani papir 135 g,stochastic,338,100.0,52.0,0.0,100.0,8.0,52.0,1.0,9.0,31.0,-2.0,5.09
matirani papir 135 g,stochastic,339,100.0,100.0,0.0,100.0,8.0,77.0,2.0,9.0,13.0,0.0,2.9
matirani papir 135 g,stochastic,340,0.0,0.0,52.0,100.0,10.0,88.0,-1.0,13.0,28.0,-2.0,4.65
matirani papir 135 g,stochastic,341,0.0,52.0,52.0,100.0,9.0,69.0,1.0,11.0,26.0,1.0,2.7
matirani papir 135 g,stochastic,342,0.0,100.0,52.0,100.0,8.0,85.0,3.0,10.0,40.0,5.0,2.41
matirani papir 135 g,stochastic,343,52.0,0.0,52.0,100.0,9.0,78.0,-2.0,12.0,26.0,-5.0,4.3
matirani papir 135 g,stochastic,344,52.0,52.0,52.0,100.0,9.0,89.0,0.0,12.0,44.0,-0.0,3.05
matirani papir 135 g,stochastic,345,52.0,100.0,52.0,100.0,8.0,75.0,2.0,11.0,76.0,1.0,2.19
matirani papir 135 g,stochastic,346,100.0,0.0,52.0,100.0,8.0,88.0,-2.0,11.0,23.0,-6.0,4.65
matirani papir 135 g,stochastic,347,100.0,52.0,52.0,100.0,10.0,7.0,-1.0,11.0,30.0,-2.0,2.91
matirani papir 135 g,stochastic,348,100.0,100.0,52.0,100.0,10.0,92.0,0.0,11.0,13.0,-0.0,2.29
matirani papir 135 g,stochastic,349,0.0,0.0,100.0,100.0,9.0,96.0,-3.0,14.0,1.0,-3.0,3.95
matirani papir 135 g,stochastic,350,0.0,52.0,100.0,100.0,9.0,70.0,0.0,12.0,24.0,0.0,2.91
matirani papir 135 g,stochastic,351,0.0,100.0,100.0,100.0,9.0,93.0,2.0,10.0,79.0,4.0,3.07
matirani papir 135 g,stochastic,352,52.0,0.0,100.0,100.0,10.0,51.0,-3.0,12.0,73.0,-5.0,4.6
matirani papir 135 g,stochastic,353,52.0,52.0,100.0,100.0,10.0,27.0,-0.0,11.0,34.0,-1.0,3.84
matirani papir 135 g,stochastic,354,52.0,100.0,100.0,100.0,10.0,15.0,1.0,11.0,17.0,0.0,3.23
matirani papir 135 g,stochastic,355,100.0,0.0,100.0,100.0,10.0,7.0,-4.0,11.0,24.0,-7.0,4.05
matirani papir 135 g,stochastic,356,100.0,52.0,100.0,100.0,9.0,77.0,-1.0,12.0,4.0,-3.0,3.49
matirani papir 135 g,stochastic,357,100.0,100.0,100.0,100.0,10.0,38.0,-0.0,11.0,87.0,-1.0,2.65
matirani papir 135 g,stochastic,358,5.0,0.0,0.0,0.0,93.0,98.0,-0.0,94.0,61.0,0.0,1.78
matirani papir 135 g,stochastic,359,28.0,0.0,0.0,0.0,84.0,93.0,-9.0,91.0,47.0,-3.0,8.54
matirani papir 135 g,stochastic,360,95.0,0.0,0.0,0.0,55.0,18.0,-36.0,60.0,29.0,-34.0,4.98
matirani papir 135 g,stochastic,361,0.0,4.0,0.0,0.0,94.0,70.0,0.0,94.0,56.0,0.0,0.25
matirani papir 135 g,stochastic,362,0.0,11.0,0.0,0.0,92.0,54.0,2.0,93.0,47.0,0.0,2.18
matirani papir 135 g,stochastic,363,0.0,93.0,0.0,0.0,49.0,21.0,60.0,48.0,61.0,61.0,1.38
matirani papir 135 g,stochastic,364,0.0,0.0,4.0,0.0,94.0,89.0,0.0,94.0,67.0,0.0,0.93
matirani papir 135 g,stochastic,365,0.0,0.0,11.0,0.0,94.0,37.0,-0.0,92.0,90.0,-1.0,5.59
matirani papir 135 g,stochastic,366,0.0,0.0,93.0,0.0,88.0,12.0,-3.0,88.0,19.0,-4.0,0.31
matirani papir 135 g,stochastic,367,0.0,0.0,0.0,4.0,89.0,95.0,0.0,92.0,80.0,0.0,1.8
matirani papir 135 g,stochastic,368,0.0,0.0,0.0,13.0,82.0,20.0,0.0,89.0,40.0,0.0,4.72
matirani papir 135 g,stochastic,369,0.0,0.0,0.0,95.0,13.0,28.0,-0.0,14.0,21.0,-0.0,0.66
matirani papir 135 g,stochastic,370,9.0,7.0,7.0,0.0,87.0,8.0,-0.0,91.0,53.0,0.0,3.19
matirani papir 135 g,stochastic,371,19.0,15.0,15.0,0.0,75.0,37.0,-0.0,85.0,78.0,-1.0,9.05
matirani papir 135 g,stochastic,372,29.0,23.0,23.0,0.0,66.0,88.0,-0.0,77.0,17.0,-1.0,9.7
matirani papir 135 g,stochastic,373,39.0,31.0,31.0,0.0,57.0,35.0,-0.0,66.0,38.0,-1.0,9.09
matirani papir 135 g,stochastic,374,49.0,39.0,39.0,4.0,45.0,98.0,-0.0,52.0,48.0,-1.0,7.23
matirani papir 135 g,stochastic,375,59.0,47.0,47.0,16.0,36.0,17.0,-1.0,41.0,11.0,-1.0,5.6
matirani papir 135 g,stochastic,376,69.0,55.0,55.0,31.0,26.0,70.0,-2.0,31.0,36.0,-2.0,5.37
matirani papir 135 g,stochastic,377,79.0,63.0,63.0,48.0,18.0,4.0,-2.0,21.0,61.0,-2.0,4.73
matirani papir 135 g,stochastic,378,89.0,71.0,71.0,72.0,11.0,98.0,-1.0,13.0,99.0,-3.0,4.11
matirani papir 135 g,stochastic,379,99.0,79.0,79.0,100.0,13.0,30.0,-0.0,10.0,60.0,-1.0,4.04
matirani papir 135 g,stochastic,380,9.0,7.0,7.0,0.0,88.0,7.0,-0.0,91.0,90.0,0.0,3.12
matirani papir 135 g,stochastic,381,18.0,14.0,14.0,0.0,77.0,99.0,-0.0,87.0,20.0,-0.0,8.65
matirani papir 135 g,stochastic,382,27.0,21.0,21.0,0.0,70.0,0.0,-0.0,79.0,21.0,-1.0,8.72
matirani papir 135 g,stochastic,383,36.0,29.0,29.0,0.0,59.0,44.0,-0.0,70.0,34.0,-1.0,10.09
matirani papir 135 g,stochastic,384,45.0,36.0,36.0,0.0,50.0,92.0,-0.0,60.0,31.0,-1.0,9.58
matirani papir 135 g,stochastic,385,54.0,43.0,43.0,0.0,43.0,52.0,-1.0,52.0,8.0,-1.0,9.11
matirani papir 135 g,stochastic,386,63.0,50.0,50.0,0.0,36.0,94.0,-1.0,44.0,80.0,-1.0,7.88
matirani papir 135 g,stochastic,387,72.0,58.0,58.0,0.0,31.0,43.0,-2.0,38.0,85.0,-2.0,7.56
matirani papir 135 g,stochastic,388,81.0,65.0,65.0,2.0,26.0,93.0,-4.0,32.0,54.0,-3.0,7.1
matirani papir 135 g,stochastic,389,90.0,72.0,72.0,49.0,16.0,21.0,-3.0,18.0,88.0,-4.0,4.97
matirani papir 135 g,stochastic,390,24.0,19.0,19.0,11.0,63.0,64.0,-0.0,75.0,17.0,-1.0,10.35
matirani papir 135 g,stochastic,391,49.0,39.0,39.0,30.0,34.0,1.0,-1.0,40.0,63.0,-1.0,6.1
matirani papir 135 g,stochastic,392,74.0,59.0,59.0,59.0,18.0,39.0,-2.0,20.0,26.0,-2.0,4.73
matirani papir 135 g,stochastic,393,28.0,0.0,0.0,0.0,84.0,86.0,-9.0,91.0,46.0,-2.0,8.86
matirani papir 135 g,stochastic,394,64.0,0.0,0.0,0.0,66.0,52.0,-26.0,76.0,84.0,-18.0,9.31
matirani papir 135 g,stochastic,395,0.0,21.0,0.0,0.0,88.0,61.0,7.0,92.0,15.0,2.0,6.4
matirani papir 135 g,stochastic,396,0.0,52.0,0.0,0.0,72.0,43.0,25.0,77.0,24.0,18.0,6.76
matirani papir 135 g,stochastic,397,0.0,0.0,21.0,0.0,93.0,55.0,-1.0,92.0,23.0,-2.0,5.2
matirani papir 135 g,stochastic,398,0.0,0.0,52.0,0.0,90.0,53.0,-3.0,90.0,10.0,-4.0,1.71
matirani papir 135 g,stochastic,399,0.0,0.0,0.0,25.0,69.0,93.0,-0.0,80.0,67.0,-0.0,7.85
matirani papir 135 g,stochastic,400,0.0,0.0,0.0,60.0,38.0,41.0,-0.0,46.0,67.0,-0.0,7.54
ofsetni papir 170 g,150 dot,1,0.0,0.0,0.0,0.0,94.0,8.0,0.0,94.0,14.0,0.0,0.17
ofsetni papir 170 g,150 dot,2,0.0,21.0,0.0,0.0,84.0,58.0,8.0,81.0,25.0,8.0,2.25
ofsetni papir 170 g,150 dot,3,0.0,52.0,0.0,0.0,70.0,61.0,23.0,69.0,21.0,22.0,1.7
ofsetni papir 170 g,150 dot,4,0.0,81.0,0.0,0.0,57.0,24.0,42.0,57.0,38.0,39.0,1.75
ofsetni papir 170 g,150 dot,5,0.0,100.0,0.0,0.0,47.0,84.0,59.0,48.0,84.0,54.0,1.66
ofsetni papir 170 g,150 dot,6,16.0,0.0,0.0,0.0,87.0,11.0,-4.0,85.0,75.0,-3.0,1.16
ofsetni papir 170 g,150 dot,7,16.0,21.0,0.0,0.0,78.0,83.0,3.0,76.0,9.0,2.0,2.44
ofsetni papir 170 g,150 dot,8,16.0,52.0,0.0,0.0,65.0,51.0,19.0,63.0,93.0,17.0,1.87
ofsetni papir 170 g,150 dot,9,16.0,81.0,0.0,0.0,51.0,80.0,36.0,52.0,19.0,32.0,1.58
ofsetni papir 170 g,150 dot,10,16.0,100.0,0.0,0.0,43.0,51.0,53.0,43.0,37.0,47.0,1.63
ofsetni papir 170 g,150 dot,11,39.0,0.0,0.0,0.0,77.0,96.0,-10.0,74.0,83.0,-9.0,2.33
ofsetni papir 170 g,150 dot,12,39.0,21.0,0.0,0.0,71.0,70.0,-3.0,68.0,86.0,-2.0,2.35
ofsetni papir 170 g,150 dot,13,39.0,52.0,0.0,0.0,58.0,93.0,10.0,56.0,71.0,10.0,2.11
ofsetni papir 170 g,150 dot,14,39.0,81.0,0.0,0.0,46.0,30.0,26.0,45.0,85.0,24.0,1.23
ofsetni papir 170 g,150 dot,15,39.0,100.0,0.0,0.0,40.0,21.0,41.0,38.0,65.0,38.0,1.78
ofsetni papir 170 g,150 dot,16,64.0,0.0,0.0,0.0,68.0,7.0,-20.0,65.0,44.0,-18.0,2.25
ofsetni papir 170 g,150 dot,17,64.0,21.0,0.0,0.0,61.0,50.0,-13.0,59.0,24.0,-11.0,2.49
ofsetni papir 170 g,150 dot,18,64.0,52.0,0.0,0.0,50.0,57.0,-1.0,50.0,6.0,0.0,1.71
ofsetni papir 170 g,150 dot,19,64.0,81.0,0.0,0.0,40.0,57.0,13.0,41.0,21.0,13.0,1.04
ofsetni papir 170 g,150 dot,20,64.0,100.0,0.0,0.0,34.0,20.0,25.0,35.0,38.0,22.0,1.89
ofsetni papir 170 g,150 dot,21,85.0,0.0,0.0,0.0,58.0,40.0,-29.0,57.0,14.0,-27.0,1.49
ofsetni papir 170 g,150 dot,22,85.0,21.0,0.0,0.0,53.0,46.0,-23.0,51.0,75.0,-20.0,2.07
ofsetni papir 170 g,150 dot,23,85.0,52.0,0.0,0.0,44.0,17.0,-10.0,43.0,39.0,-9.0,0.93
ofsetni papir 170 g,150 dot,24,85.0,81.0,0.0,0.0,35.0,47.0,3.0,35.0,85.0,3.0,0.45
ofsetni papir 170 g,150 dot,25,85.0,100.0,0.0,0.0,29.0,68.0,12.0,31.0,19.0,11.0,1.54
ofsetni papir 170 g,150 dot,26,100.0,0.0,0.0,0.0,52.0,56.0,-34.0,51.0,63.0,-34.0,0.96
ofsetni papir 170 g,150 dot,27,100.0,21.0,0.0,0.0,47.0,2.0,-29.0,45.0,29.0,-27.0,1.75
ofsetni papir 170 g,150 dot,28,100.0,52.0,0.0,0.0,40.0,18.0,-17.0,38.0,30.0,-15.0,1.87
ofsetni papir 170 g,150 dot,29,100.0,81.0,0.0,0.0,32.0,18.0,-2.0,31.0,63.0,-2.0,0.44
ofsetni papir 170 g,150 dot,30,100.0,100.0,0.0,0.0,27.0,72.0,6.0,28.0,19.0,5.0,0.6
ofsetni papir 170 g,150 dot,31,0.0,0.0,21.0,0.0,91.0,59.0,-1.0,89.0,47.0,-1.0,1.8
ofsetni papir 170 g,150 dot,32,0.0,21.0,21.0,0.0,82.0,76.0,6.0,79.0,84.0,7.0,2.71
ofsetni papir 170 g,150 dot,33,0.0,52.0,21.0,0.0,68.0,84.0,24.0,68.0,18.0,22.0,2.29
ofsetni papir 170 g,150 dot,34,0.0,81.0,21.0,0.0,57.0,5.0,42.0,56.0,14.0,39.0,2.01
ofsetni papir 170 g,150 dot,35,0.0,100.0,21.0,0.0,47.0,25.0,59.0,47.0,16.0,55.0,1.33
ofsetni papir 170 g,150 dot,36,16.0,0.0,21.0,0.0,85.0,29.0,-5.0,81.0,34.0,-5.0,2.76
ofsetni papir 170 g,150 dot,37,16.0,21.0,21.0,0.0,73.0,63.0,2.0,72.0,64.0,3.0,1.08
ofsetni papir 170 g,150 dot,38,16.0,52.0,21.0,0.0,60.0,71.0,18.0,60.0,62.0,17.0,1.89
ofsetni papir 170 g,150 dot,39,16.0,81.0,21.0,0.0,49.0,93.0,35.0,50.0,21.0,34.0,2.31
ofsetni papir 170 g,150 dot,40,16.0,100.0,21.0,0.0,42.0,92.0,50.0,43.0,50.0,48.0,1.61
ofsetni papir 170 g,150 dot,41,39.0,0.0,21.0,0.0,75.0,99.0,-13.0,72.0,76.0,-12.0,2.62
ofsetni papir 170 g,150 dot,42,39.0,21.0,21.0,0.0,64.0,96.0,-4.0,63.0,79.0,-4.0,1.17
ofsetni papir 170 g,150 dot,43,39.0,52.0,21.0,0.0,53.0,39.0,11.0,52.0,94.0,11.0,0.79
ofsetni papir 170 g,150 dot,44,39.0,81.0,21.0,0.0,43.0,40.0,26.0,44.0,49.0,25.0,1.17
ofsetni papir 170 g,150 dot,45,39.0,100.0,21.0,0.0,37.0,19.0,39.0,38.0,60.0,36.0,1.66
ofsetni papir 170 g,150 dot,46,64.0,0.0,21.0,0.0,64.0,61.0,-25.0,63.0,36.0,-22.0,2.43
ofsetni papir 170 g,150 dot,47,64.0,21.0,21.0,0.0,54.0,94.0,-15.0,54.0,81.0,-13.0,0.94
ofsetni papir 170 g,150 dot,48,64.0,52.0,21.0,0.0,45.0,10.0,0.0,46.0,71.0,1.0,1.84
ofsetni papir 170 g,150 dot,49,64.0,81.0,21.0,0.0,35.0,62.0,14.0,38.0,44.0,13.0,2.49
ofsetni papir 170 g,150 dot,50,64.0,100.0,21.0,0.0,31.0,75.0,24.0,33.0,30.0,23.0,1.65
ofsetni papir 170 g,150 dot,51,85.0,0.0,21.0,0.0,56.0,42.0,-34.0,54.0,71.0,-32.0,1.99
ofsetni papir 170 g,150 dot,52,85.0,21.0,21.0,0.0,47.0,76.0,-24.0,47.0,34.0,-23.0,0.78
ofsetni papir 170 g,150 dot,53,85.0,52.0,21.0,0.0,38.0,82.0,-10.0,40.0,53.0,-9.0,1.62
ofsetni papir 170 g,150 dot,54,85.0,81.0,21.0,0.0,30.0,91.0,2.0,32.0,41.0,2.0,1.41
ofsetni papir 170 g,150 dot,55,85.0,100.0,21.0,0.0,27.0,36.0,10.0,27.0,66.0,10.0,0.52
ofsetni papir 170 g,150 dot,56,100.0,0.0,21.0,0.0,50.0,11.0,-41.0,48.0,45.0,-40.0,1.94
ofsetni papir 170 g,150 dot,57,100.0,21.0,21.0,0.0,44.0,37.0,-32.0,43.0,6.0,-30.0,1.38
ofsetni papir 170 g,150 dot,58,100.0,52.0,21.0,0.0,36.0,19.0,-16.0,36.0,95.0,-15.0,0.96
ofsetni papir 170 g,150 dot,59,100.0,81.0,21.0,0.0,29.0,26.0,-3.0,30.0,31.0,-3.0,0.99
ofsetni papir 170 g,150 dot,60,100.0,100.0,21.0,0.0,25.0,51.0,2.0,27.0,8.0,3.0,1.69
ofsetni papir 170 g,150 dot,61,0.0,0.0,52.0,0.0,88.0,78.0,-2.0,86.0,71.0,-1.0,1.96
ofsetni papir 170 g,150 dot,62,0.0,21.0,52.0,0.0,80.0,42.0,6.0,77.0,56.0,7.0,2.83
ofsetni papir 170 g,150 dot,63,0.0,52.0,52.0,0.0,67.0,70.0,23.0,66.0,94.0,21.0,1.39
ofsetni papir 170 g,150 dot,64,0.0,81.0,52.0,0.0,55.0,40.0,42.0,55.0,38.0,39.0,1.27
ofsetni papir 170 g,150 dot,65,0.0,100.0,52.0,0.0,46.0,67.0,57.0,46.0,58.0,53.0,0.98
ofsetni papir 170 g,150 dot,66,16.0,0.0,52.0,0.0,81.0,59.0,-6.0,78.0,76.0,-7.0,2.89
ofsetni papir 170 g,150 dot,67,16.0,21.0,52.0,0.0,71.0,37.0,2.0,70.0,53.0,3.0,1.24
ofsetni papir 170 g,150 dot,68,16.0,52.0,52.0,0.0,59.0,58.0,18.0,59.0,51.0,17.0,0.37
ofsetni papir 170 g,150 dot,69,16.0,81.0,52.0,0.0,50.0,3.0,34.0,49.0,61.0,34.0,0.55
ofsetni papir 170 g,150 dot,70,16.0,100.0,52.0,0.0,42.0,44.0,49.0,42.0,14.0,48.0,0.65
ofsetni papir 170 g,150 dot,71,39.0,0.0,52.0,0.0,73.0,3.0,-15.0,70.0,31.0,-14.0,2.59
ofsetni papir 170 g,150 dot,72,39.0,21.0,52.0,0.0,60.0,42.0,-5.0,62.0,70.0,-5.0,2.02
ofsetni papir 170 g,150 dot,73,39.0,52.0,52.0,0.0,50.0,71.0,9.0,54.0,0.0,11.0,3.69
ofsetni papir 170 g,150 dot,74,39.0,81.0,52.0,0.0,42.0,60.0,24.0,45.0,36.0,25.0,3.16
ofsetni papir 170 g,150 dot,75,39.0,100.0,52.0,0.0,37.0,22.0,36.0,39.0,94.0,36.0,2.93
ofsetni papir 170 g,150 dot,76,64.0,0.0,52.0,0.0,61.0,49.0,-28.0,59.0,83.0,-25.0,2.36
ofsetni papir 170 g,150 dot,77,64.0,21.0,52.0,0.0,53.0,30.0,-17.0,54.0,22.0,-16.0,1.27
ofsetni papir 170 g,150 dot,78,64.0,52.0,52.0,0.0,38.0,56.0,-1.0,44.0,94.0,-0.0,5.91
ofsetni papir 170 g,150 dot,79,64.0,81.0,52.0,0.0,32.0,64.0,12.0,38.0,39.0,13.0,4.78
ofsetni papir 170 g,150 dot,80,64.0,100.0,52.0,0.0,29.0,71.0,21.0,33.0,40.0,21.0,2.96
ofsetni papir 170 g,150 dot,81,85.0,0.0,52.0,0.0,53.0,67.0,-39.0,52.0,64.0,-36.0,2.02
ofsetni papir 170 g,150 dot,82,85.0,21.0,52.0,0.0,45.0,89.0,-29.0,45.0,59.0,-27.0,0.75
ofsetni papir 170 g,150 dot,83,85.0,52.0,52.0,0.0,34.0,63.0,-12.0,39.0,25.0,-13.0,3.94
ofsetni papir 170 g,150 dot,84,85.0,81.0,52.0,0.0,27.0,71.0,2.0,31.0,18.0,2.0,3.2
ofsetni papir 170 g,150 dot,85,85.0,100.0,52.0,0.0,25.0,9.0,8.0,28.0,34.0,9.0,2.47
ofsetni papir 170 g,150 dot,86,100.0,0.0,52.0,0.0,48.0,35.0,-47.0,46.0,75.0,-43.0,2.85
ofsetni papir 170 g,150 dot,87,100.0,21.0,52.0,0.0,42.0,64.0,-36.0,42.0,56.0,-34.0,0.61
ofsetni papir 170 g,150 dot,88,100.0,52.0,52.0,0.0,32.0,77.0,-19.0,36.0,8.0,-20.0,2.78
ofsetni papir 170 g,150 dot,89,100.0,81.0,52.0,0.0,24.0,78.0,-4.0,28.0,17.0,-4.0,2.86
ofsetni papir 170 g,150 dot,90,100.0,100.0,52.0,0.0,22.0,15.0,1.0,25.0,39.0,1.0,2.56
ofsetni papir 170 g,150 dot,91,0.0,0.0,81.0,0.0,86.0,17.0,-2.0,85.0,8.0,-1.0,3.03
ofsetni papir 170 g,150 dot,92,0.0,21.0,81.0,0.0,78.0,97.0,6.0,77.0,5.0,7.0,4.05
ofsetni papir 170 g,150 dot,93,0.0,52.0,81.0,0.0,65.0,44.0,25.0,65.0,27.0,22.0,2.17
ofsetni papir 170 g,150 dot,94,0.0,81.0,81.0,0.0,53.0,73.0,43.0,53.0,34.0,40.0,1.89
ofsetni papir 170 g,150 dot,95,0.0,100.0,81.0,0.0,45.0,88.0,58.0,45.0,91.0,56.0,1.56
ofsetni papir 170 g,150 dot,96,16.0,0.0,81.0,0.0,79.0,31.0,-7.0,77.0,32.0,-7.0,4.13
ofsetni papir 170 g,150 dot,97,16.0,21.0,81.0,0.0,69.0,97.0,2.0,69.0,27.0,3.0,2.77
ofsetni papir 170 g,150 dot,98,16.0,52.0,81.0,0.0,58.0,9.0,17.0,57.0,69.0,18.0,2.79
ofsetni papir 170 g,150 dot,99,16.0,81.0,81.0,0.0,49.0,7.0,35.0,49.0,68.0,33.0,2.03
ofsetni papir 170 g,150 dot,100,16.0,100.0,81.0,0.0,41.0,82.0,49.0,42.0,76.0,47.0,1.28
ofsetni papir 170 g,150 dot,101,39.0,0.0,81.0,0.0,70.0,84.0,-16.0,69.0,58.0,-14.0,3.68
ofsetni papir 170 g,150 dot,102,39.0,21.0,81.0,0.0,60.0,13.0,-5.0,62.0,27.0,-5.0,2.76
ofsetni papir 170 g,150 dot,103,39.0,52.0,81.0,0.0,49.0,40.0,9.0,52.0,43.0,10.0,3.27
ofsetni papir 170 g,150 dot,104,39.0,81.0,81.0,0.0,40.0,97.0,24.0,43.0,93.0,24.0,2.81
ofsetni papir 170 g,150 dot,105,39.0,100.0,81.0,0.0,36.0,62.0,35.0,39.0,2.0,35.0,2.05
ofsetni papir 170 g,150 dot,106,64.0,0.0,81.0,0.0,59.0,81.0,-29.0,59.0,4.0,-26.0,3.72
ofsetni papir 170 g,150 dot,107,64.0,21.0,81.0,0.0,51.0,87.0,-19.0,52.0,78.0,-17.0,3.05
ofsetni papir 170 g,150 dot,108,64.0,52.0,81.0,0.0,39.0,81.0,-2.0,44.0,24.0,-2.0,4.05
ofsetni papir 170 g,150 dot,109,64.0,81.0,81.0,0.0,31.0,99.0,11.0,37.0,49.0,12.0,4.75
ofsetni papir 170 g,150 dot,110,64.0,100.0,81.0,0.0,28.0,77.0,19.0,33.0,37.0,22.0,4.0
ofsetni papir 170 g,150 dot,111,85.0,0.0,81.0,0.0,51.0,97.0,-42.0,51.0,6.0,-38.0,4.15
ofsetni papir 170 g,150 dot,112,85.0,21.0,81.0,0.0,45.0,40.0,-32.0,45.0,42.0,-30.0,2.84
ofsetni papir 170 g,150 dot,113,85.0,52.0,81.0,0.0,34.0,48.0,-14.0,38.0,48.0,-14.0,3.49
ofsetni papir 170 g,150 dot,114,85.0,81.0,81.0,0.0,25.0,51.0,1.0,30.0,74.0,1.0,3.97
ofsetni papir 170 g,150 dot,115,85.0,100.0,81.0,0.0,23.0,98.0,8.0,28.0,73.0,9.0,3.63
ofsetni papir 170 g,150 dot,116,100.0,0.0,81.0,0.0,46.0,75.0,-51.0,46.0,76.0,-46.0,3.96
ofsetni papir 170 g,150 dot,117,100.0,21.0,81.0,0.0,41.0,11.0,-40.0,42.0,22.0,-36.0,2.86
ofsetni papir 170 g,150 dot,118,100.0,52.0,81.0,0.0,31.0,53.0,-22.0,34.0,97.0,-22.0,2.86
ofsetni papir 170 g,150 dot,119,100.0,81.0,81.0,0.0,23.0,56.0,-5.0,27.0,95.0,-6.0,3.35
ofsetni papir 170 g,150 dot,120,100.0,100.0,81.0,0.0,20.0,82.0,0.0,24.0,98.0,0.0,3.33
ofsetni papir 170 g,150 dot,121,0.0,0.0,100.0,0.0,85.0,49.0,-2.0,84.0,98.0,-2.0,2.41
ofsetni papir 170 g,150 dot,122,0.0,21.0,100.0,0.0,77.0,45.0,7.0,75.0,60.0,7.0,2.7
ofsetni papir 170 g,150 dot,123,0.0,52.0,100.0,0.0,64.0,2.0,26.0,63.0,92.0,22.0,1.82
ofsetni papir 170 g,150 dot,124,0.0,81.0,100.0,0.0,53.0,9.0,45.0,53.0,27.0,41.0,1.87
ofsetni papir 170 g,150 dot,125,0.0,100.0,100.0,0.0,45.0,49.0,57.0,45.0,43.0,55.0,1.72
ofsetni papir 170 g,150 dot,126,16.0,0.0,100.0,0.0,78.0,80.0,-7.0,76.0,36.0,-8.0,3.78
ofsetni papir 170 g,150 dot,127,16.0,21.0,100.0,0.0,69.0,77.0,1.0,69.0,16.0,2.0,2.58
ofsetni papir 170 g,150 dot,128,16.0,52.0,100.0,0.0,58.0,45.0,17.0,58.0,19.0,17.0,2.27
ofsetni papir 170 g,150 dot,129,16.0,81.0,100.0,0.0,48.0,47.0,34.0,49.0,69.0,33.0,1.91
ofsetni papir 170 g,150 dot,130,16.0,100.0,100.0,0.0,41.0,96.0,47.0,43.0,9.0,45.0,1.45
ofsetni papir 170 g,150 dot,131,39.0,0.0,100.0,0.0,70.0,36.0,-16.0,68.0,98.0,-15.0,3.38
ofsetni papir 170 g,150 dot,132,39.0,21.0,100.0,0.0,59.0,91.0,-6.0,61.0,9.0,-6.0,2.61
ofsetni papir 170 g,150 dot,133,39.0,52.0,100.0,0.0,48.0,37.0,8.0,52.0,17.0,10.0,4.04
ofsetni papir 170 g,150 dot,134,39.0,81.0,100.0,0.0,40.0,87.0,22.0,43.0,97.0,23.0,2.87
ofsetni papir 170 g,150 dot,135,39.0,100.0,100.0,0.0,36.0,52.0,34.0,39.0,83.0,34.0,2.86
ofsetni papir 170 g,150 dot,136,64.0,0.0,100.0,0.0,58.0,74.0,-30.0,58.0,51.0,-27.0,4.06
ofsetni papir 170 g,150 dot,137,64.0,21.0,100.0,0.0,51.0,9.0,-19.0,52.0,97.0,-18.0,3.5
ofsetni papir 170 g,150 dot,138,64.0,52.0,100.0,0.0,39.0,19.0,-3.0,44.0,34.0,-3.0,4.66
ofsetni papir 170 g,150 dot,139,64.0,81.0,100.0,0.0,31.0,75.0,9.0,36.0,55.0,11.0,4.26
ofsetni papir 170 g,150 dot,140,64.0,100.0,100.0,0.0,28.0,94.0,17.0,33.0,30.0,19.0,3.66
ofsetni papir 170 g,150 dot,141,85.0,0.0,100.0,0.0,51.0,23.0,-43.0,50.0,59.0,-39.0,3.69
ofsetni papir 170 g,150 dot,142,85.0,21.0,100.0,0.0,43.0,84.0,-33.0,44.0,97.0,-30.0,2.37
ofsetni papir 170 g,150 dot,143,85.0,52.0,100.0,0.0,35.0,17.0,-14.0,39.0,79.0,-14.0,3.95
ofsetni papir 170 g,150 dot,144,85.0,81.0,100.0,0.0,30.0,10.0,-0.0,31.0,93.0,0.0,1.93
ofsetni papir 170 g,150 dot,145,85.0,100.0,100.0,0.0,26.0,29.0,6.0,28.0,25.0,7.0,2.2
ofsetni papir 170 g,150 dot,146,100.0,0.0,100.0,0.0,46.0,82.0,-52.0,45.0,82.0,-48.0,4.08
ofsetni papir 170 g,150 dot,147,100.0,21.0,100.0,0.0,41.0,81.0,-42.0,41.0,12.0,-39.0,3.56
ofsetni papir 170 g,150 dot,148,100.0,52.0,100.0,0.0,32.0,33.0,-24.0,35.0,56.0,-23.0,3.06
ofsetni papir 170 g,150 dot,149,100.0,81.0,100.0,0.0,24.0,72.0,-6.0,28.0,5.0,-7.0,2.67
ofsetni papir 170 g,150 dot,150,100.0,100.0,100.0,0.0,20.0,36.0,-0.0,23.0,64.0,-0.0,2.33
ofsetni papir 170 g,150 dot,151,0.0,0.0,0.0,25.0,72.0,62.0,0.0,73.0,40.0,0.0,0.68
ofsetni papir 170 g,150 dot,152,0.0,31.0,0.0,25.0,63.0,11.0,10.0,62.0,34.0,10.0,0.7
ofsetni papir 170 g,150 dot,153,0.0,72.0,0.0,25.0,47.0,78.0,31.0,49.0,3.0,29.0,1.93
ofsetni papir 170 g,150 dot,154,0.0,100.0,0.0,25.0,38.0,5.0,49.0,38.0,71.0,46.0,1.2
ofsetni papir 170 g,150 dot,155,21.0,0.0,0.0,25.0,67.0,91.0,-5.0,66.0,30.0,-5.0,1.37
ofsetni papir 170 g,150 dot,156,21.0,31.0,0.0,25.0,58.0,1.0,5.0,57.0,8.0,5.0,1.08
ofsetni papir 170 g,150 dot,157,21.0,72.0,0.0,25.0,44.0,28.0,24.0,45.0,93.0,23.0,1.8
ofsetni papir 170 g,150 dot,158,21.0,100.0,0.0,25.0,35.0,3.0,40.0,35.0,48.0,38.0,0.85
ofsetni papir 170 g,150 dot,159,52.0,0.0,0.0,25.0,58.0,52.0,-13.0,57.0,45.0,-11.0,1.42
ofsetni papir 170 g,150 dot,160,52.0,31.0,0.0,25.0,51.0,44.0,-3.0,50.0,57.0,-2.0,1.62
ofsetni papir 170 g,150 dot,161,52.0,72.0,0.0,25.0,38.0,69.0,13.0,39.0,6.0,12.0,0.6
ofsetni papir 170 g,150 dot,162,52.0,100.0,0.0,25.0,30.0,67.0,27.0,31.0,28.0,26.0,1.37
ofsetni papir 170 g,150 dot,163,81.0,0.0,0.0,25.0,48.0,68.0,-24.0,47.0,58.0,-22.0,1.53
ofsetni papir 170 g,150 dot,164,81.0,31.0,0.0,25.0,42.0,22.0,-14.0,41.0,57.0,-12.0,1.04
ofsetni papir 170 g,150 dot,165,81.0,72.0,0.0,25.0,31.0,13.0,0.0,32.0,59.0,0.0,1.22
ofsetni papir 170 g,150 dot,166,81.0,100.0,0.0,25.0,25.0,55.0,11.0,26.0,82.0,10.0,1.11
ofsetni papir 170 g,150 dot,167,100.0,0.0,0.0,25.0,43.0,15.0,-31.0,42.0,15.0,-30.0,0.98
ofsetni papir 170 g,150 dot,168,100.0,31.0,0.0,25.0,37.0,26.0,-20.0,36.0,10.0,-20.0,1.08
ofsetni papir 170 g,150 dot,169,100.0,72.0,0.0,25.0,28.0,53.0,-5.0,29.0,79.0,-5.0,1.1
ofsetni papir 170 g,150 dot,170,100.0,100.0,0.0,25.0,23.0,99.0,4.0,24.0,68.0,4.0,0.54
ofsetni papir 170 g,150 dot,171,0.0,0.0,31.0,25.0,71.0,37.0,-1.0,70.0,32.0,-1.0,1.38
ofsetni papir 170 g,150 dot,172,0.0,31.0,31.0,25.0,62.0,39.0,9.0,62.0,14.0,10.0,1.64
ofsetni papir 170 g,150 dot,173,0.0,72.0,31.0,25.0,47.0,64.0,29.0,49.0,20.0,27.0,2.37
ofsetni papir 170 g,150 dot,174,0.0,100.0,31.0,25.0,38.0,14.0,46.0,38.0,63.0,45.0,1.16
ofsetni papir 170 g,150 dot,175,21.0,0.0,31.0,25.0,65.0,42.0,-6.0,64.0,45.0,-7.0,1.35
ofsetni papir 170 g,150 dot,176,21.0,31.0,31.0,25.0,54.0,25.0,4.0,57.0,22.0,5.0,3.35
ofsetni papir 170 g,150 dot,177,21.0,72.0,31.0,25.0,41.0,42.0,24.0,45.0,60.0,23.0,4.45
ofsetni papir 170 g,150 dot,178,21.0,100.0,31.0,25.0,34.0,80.0,38.0,37.0,64.0,38.0,2.98
ofsetni papir 170 g,150 dot,179,52.0,0.0,31.0,25.0,56.0,1.0,-15.0,56.0,0.0,-14.0,1.0
ofsetni papir 170 g,150 dot,180,52.0,31.0,31.0,25.0,44.0,73.0,-5.0,49.0,19.0,-5.0,4.45
ofsetni papir 170 g,150 dot,181,52.0,72.0,31.0,25.0,34.0,39.0,12.0,38.0,8.0,13.0,3.19
ofsetni papir 170 g,150 dot,182,52.0,100.0,31.0,25.0,27.0,86.0,24.0,30.0,36.0,24.0,1.95
ofsetni papir 170 g,150 dot,183,81.0,0.0,31.0,25.0,45.0,83.0,-27.0,45.0,97.0,-26.0,0.91
ofsetni papir 170 g,150 dot,184,81.0,31.0,31.0,25.0,37.0,9.0,-15.0,40.0,2.0,-16.0,2.58
ofsetni papir 170 g,150 dot,185,81.0,72.0,31.0,25.0,27.0,31.0,1.0,31.0,23.0,1.0,3.27
ofsetni papir 170 g,150 dot,186,81.0,100.0,31.0,25.0,23.0,50.0,8.0,26.0,18.0,10.0,2.69
ofsetni papir 170 g,150 dot,187,100.0,0.0,31.0,25.0,40.0,17.0,-35.0,39.0,83.0,-33.0,0.74
ofsetni papir 170 g,150 dot,188,100.0,31.0,31.0,25.0,33.0,83.0,-23.0,36.0,27.0,-23.0,2.04
ofsetni papir 170 g,150 dot,189,100.0,72.0,31.0,25.0,23.0,93.0,-5.0,27.0,72.0,-5.0,3.18
ofsetni papir 170 g,150 dot,190,100.0,100.0,31.0,25.0,21.0,25.0,1.0,24.0,81.0,2.0,2.66
ofsetni papir 170 g,150 dot,191,0.0,0.0,72.0,25.0,68.0,51.0,-2.0,67.0,73.0,-1.0,2.81
ofsetni papir 170 g,150 dot,192,0.0,31.0,72.0,25.0,58.0,93.0,8.0,59.0,7.0,9.0,2.45
ofsetni papir 170 g,150 dot,193,0.0,72.0,72.0,25.0,45.0,96.0,28.0,46.0,72.0,28.0,1.82
ofsetni papir 170 g,150 dot,194,0.0,100.0,72.0,25.0,37.0,5.0,43.0,37.0,37.0,44.0,1.03
ofsetni papir 170 g,150 dot,195,21.0,0.0,72.0,25.0,61.0,38.0,-7.0,62.0,42.0,-7.0,3.4
ofsetni papir 170 g,150 dot,196,21.0,31.0,72.0,25.0,52.0,34.0,3.0,55.0,21.0,4.0,3.26
ofsetni papir 170 g,150 dot,197,21.0,72.0,72.0,25.0,42.0,60.0,21.0,43.0,94.0,22.0,1.98
ofsetni papir 170 g,150 dot,198,21.0,100.0,72.0,25.0,34.0,36.0,34.0,36.0,22.0,36.0,1.7
ofsetni papir 170 g,150 dot,199,52.0,0.0,72.0,25.0,53.0,65.0,-18.0,54.0,60.0,-16.0,2.88
ofsetni papir 170 g,150 dot,200,52.0,31.0,72.0,25.0,43.0,49.0,-6.0,48.0,66.0,-7.0,5.03
ofsetni papir 170 g,150 dot,201,52.0,72.0,72.0,25.0,32.0,55.0,10.0,38.0,79.0,11.0,5.42
ofsetni papir 170 g,150 dot,202,52.0,100.0,72.0,25.0,26.0,75.0,20.0,31.0,40.0,23.0,4.21
ofsetni papir 170 g,150 dot,203,81.0,0.0,72.0,25.0,43.0,76.0,-31.0,44.0,49.0,-29.0,3.16
ofsetni papir 170 g,150 dot,204,81.0,31.0,72.0,25.0,35.0,69.0,-18.0,39.0,76.0,-19.0,3.66
ofsetni papir 170 g,150 dot,205,81.0,72.0,72.0,25.0,23.0,74.0,-0.0,29.0,47.0,-0.0,4.29
ofsetni papir 170 g,150 dot,206,81.0,100.0,72.0,25.0,20.0,59.0,7.0,24.0,32.0,8.0,2.86
ofsetni papir 170 g,150 dot,207,100.0,0.0,72.0,25.0,39.0,41.0,-40.0,39.0,57.0,-38.0,3.17
ofsetni papir 170 g,150 dot,208,100.0,31.0,72.0,25.0,32.0,24.0,-27.0,35.0,20.0,-26.0,3.19
ofsetni papir 170 g,150 dot,209,100.0,72.0,72.0,25.0,22.0,79.0,-7.0,26.0,31.0,-9.0,3.17
ofsetni papir 170 g,150 dot,210,100.0,100.0,72.0,25.0,18.0,42.0,0.0,22.0,28.0,0.0,3.1
ofsetni papir 170 g,150 dot,211,0.0,0.0,100.0,25.0,68.0,44.0,-2.0,66.0,82.0,-2.0,1.86
ofsetni papir 170 g,150 dot,212,0.0,31.0,100.0,25.0,60.0,31.0,8.0,58.0,47.0,9.0,2.34
ofsetni papir 170 g,150 dot,213,0.0,72.0,100.0,25.0,46.0,12.0,28.0,46.0,54.0,27.0,2.29
ofsetni papir 170 g,150 dot,214,0.0,100.0,100.0,25.0,37.0,78.0,43.0,37.0,55.0,43.0,1.55
ofsetni papir 170 g,150 dot,215,21.0,0.0,100.0,25.0,62.0,38.0,-7.0,62.0,24.0,-8.0,1.84
ofsetni papir 170 g,150 dot,216,21.0,31.0,100.0,25.0,53.0,9.0,2.0,55.0,93.0,3.0,2.97
ofsetni papir 170 g,150 dot,217,21.0,72.0,100.0,25.0,40.0,58.0,21.0,43.0,59.0,22.0,2.83
ofsetni papir 170 g,150 dot,218,21.0,100.0,100.0,25.0,33.0,28.0,34.0,35.0,23.0,36.0,1.78
ofsetni papir 170 g,150 dot,219,52.0,0.0,100.0,25.0,51.0,99.0,-19.0,53.0,18.0,-17.0,2.58
ofsetni papir 170 g,150 dot,220,52.0,31.0,100.0,25.0,42.0,4.0,-7.0,46.0,18.0,-8.0,3.92
ofsetni papir 170 g,150 dot,221,52.0,72.0,100.0,25.0,31.0,8.0,9.0,36.0,14.0,11.0,4.25
ofsetni papir 170 g,150 dot,222,52.0,100.0,100.0,25.0,26.0,79.0,19.0,30.0,13.0,22.0,3.1
ofsetni papir 170 g,150 dot,223,81.0,0.0,100.0,25.0,42.0,49.0,-33.0,43.0,32.0,-31.0,2.59
ofsetni papir 170 g,150 dot,224,81.0,31.0,100.0,25.0,35.0,41.0,-20.0,38.0,85.0,-20.0,3.21
ofsetni papir 170 g,150 dot,225,81.0,72.0,100.0,25.0,27.0,68.0,-2.0,29.0,68.0,-2.0,1.55
ofsetni papir 170 g,150 dot,226,81.0,100.0,100.0,25.0,22.0,39.0,6.0,24.0,89.0,7.0,2.63
ofsetni papir 170 g,150 dot,227,100.0,0.0,100.0,25.0,38.0,56.0,-43.0,39.0,10.0,-41.0,3.14
ofsetni papir 170 g,150 dot,228,100.0,31.0,100.0,25.0,31.0,76.0,-28.0,34.0,69.0,-28.0,2.54
ofsetni papir 170 g,150 dot,229,100.0,72.0,100.0,25.0,24.0,17.0,-8.0,27.0,4.0,-9.0,2.33
ofsetni papir 170 g,150 dot,230,100.0,100.0,100.0,25.0,19.0,31.0,-0.0,20.0,26.0,-1.0,0.93
ofsetni papir 170 g,150 dot,231,0.0,0.0,0.0,60.0,42.0,36.0,-0.0,49.0,56.0,-0.0,6.99
ofsetni papir 170 g,150 dot,232,0.0,31.0,0.0,60.0,40.0,9.0,6.0,45.0,22.0,7.0,4.83
ofsetni papir 170 g,150 dot,233,0.0,72.0,0.0,60.0,29.0,99.0,20.0,36.0,9.0,21.0,5.17
ofsetni papir 170 g,150 dot,234,0.0,100.0,0.0,60.0,26.0,7.0,28.0,29.0,7.0,31.0,3.06
ofsetni papir 170 g,150 dot,235,31.0,0.0,0.0,60.0,40.0,99.0,-5.0,45.0,11.0,-5.0,4.03
ofsetni papir 170 g,150 dot,236,31.0,31.0,0.0,60.0,34.0,61.0,1.0,39.0,31.0,1.0,4.35
ofsetni papir 170 g,150 dot,237,31.0,72.0,0.0,60.0,26.0,34.0,12.0,30.0,40.0,13.0,3.21
ofsetni papir 170 g,150 dot,238,31.0,100.0,0.0,60.0,22.0,16.0,21.0,25.0,33.0,23.0,2.6
ofsetni papir 170 g,150 dot,239,72.0,0.0,0.0,60.0,32.0,65.0,-14.0,35.0,42.0,-14.0,2.55
ofsetni papir 170 g,150 dot,240,72.0,31.0,0.0,60.0,28.0,5.0,-7.0,31.0,43.0,-7.0,2.98
ofsetni papir 170 g,150 dot,241,72.0,72.0,0.0,60.0,21.0,74.0,3.0,25.0,56.0,3.0,2.9
ofsetni papir 170 g,150 dot,242,72.0,100.0,0.0,60.0,18.0,80.0,9.0,20.0,97.0,11.0,2.2
ofsetni papir 170 g,150 dot,243,100.0,0.0,0.0,60.0,28.0,51.0,-18.0,30.0,6.0,-20.0,1.83
ofsetni papir 170 g,150 dot,244,100.0,31.0,0.0,60.0,24.0,15.0,-11.0,26.0,76.0,-13.0,2.62
ofsetni papir 170 g,150 dot,245,100.0,72.0,0.0,60.0,20.0,28.0,-1.0,22.0,37.0,-2.0,2.49
ofsetni papir 170 g,150 dot,246,100.0,100.0,0.0,60.0,17.0,87.0,2.0,20.0,13.0,2.0,2.12
ofsetni papir 170 g,150 dot,247,0.0,0.0,31.0,60.0,45.0,18.0,-1.0,50.0,13.0,-1.0,4.95
ofsetni papir 170 g,150 dot,248,0.0,31.0,31.0,60.0,37.0,96.0,5.0,43.0,15.0,6.0,4.98
ofsetni papir 170 g,150 dot,249,0.0,72.0,31.0,60.0,29.0,99.0,19.0,35.0,35.0,21.0,4.6
ofsetni papir 170 g,150 dot,250,0.0,100.0,31.0,60.0,25.0,8.0,26.0,28.0,94.0,30.0,3.81
ofsetni papir 170 g,150 dot,251,31.0,0.0,31.0,60.0,38.0,5.0,-6.0,42.0,97.0,-7.0,4.56
ofsetni papir 170 g,150 dot,252,31.0,31.0,31.0,60.0,32.0,0.0,0.0,39.0,1.0,0.0,5.8
ofsetni papir 170 g,150 dot,253,31.0,72.0,31.0,60.0,26.0,8.0,12.0,31.0,74.0,14.0,4.65
ofsetni papir 170 g,150 dot,254,31.0,100.0,31.0,60.0,21.0,62.0,19.0,26.0,36.0,23.0,4.19
ofsetni papir 170 g,150 dot,255,72.0,0.0,31.0,60.0,31.0,12.0,-15.0,35.0,80.0,-17.0,4.01
ofsetni papir 170 g,150 dot,256,72.0,31.0,31.0,60.0,25.0,41.0,-7.0,31.0,41.0,-8.0,4.61
ofsetni papir 170 g,150 dot,257,72.0,72.0,31.0,60.0,20.0,92.0,2.0,24.0,26.0,3.0,2.63
ofsetni papir 170 g,150 dot,258,72.0,100.0,31.0,60.0,17.0,99.0,7.0,20.0,49.0,9.0,2.25
ofsetni papir 170 g,150 dot,259,100.0,0.0,31.0,60.0,27.0,34.0,-20.0,29.0,30.0,-24.0,2.29
ofsetni papir 170 g,150 dot,260,100.0,31.0,31.0,60.0,23.0,1.0,-12.0,26.0,98.0,-16.0,3.83
ofsetni papir 170 g,150 dot,261,100.0,72.0,31.0,60.0,18.0,39.0,-2.0,20.0,16.0,-3.0,2.46
ofsetni papir 170 g,150 dot,262,100.0,100.0,31.0,60.0,15.0,94.0,1.0,18.0,39.0,1.0,2.74
ofsetni papir 170 g,150 dot,263,0.0,0.0,72.0,60.0,43.0,53.0,-2.0,48.0,98.0,-2.0,5.37
ofsetni papir 170 g,150 dot,264,0.0,31.0,72.0,60.0,37.0,90.0,4.0,42.0,90.0,5.0,4.58
ofsetni papir 170 g,150 dot,265,0.0,72.0,72.0,60.0,29.0,38.0,16.0,33.0,63.0,19.0,3.67
ofsetni papir 170 g,150 dot,266,0.0,100.0,72.0,60.0,24.0,20.0,24.0,28.0,19.0,27.0,3.28
ofsetni papir 170 g,150 dot,267,31.0,0.0,72.0,60.0,37.0,55.0,-7.0,42.0,55.0,-7.0,4.43
ofsetni papir 170 g,150 dot,268,31.0,31.0,72.0,60.0,31.0,18.0,-0.0,37.0,17.0,-0.0,4.91
ofsetni papir 170 g,150 dot,269,31.0,72.0,72.0,60.0,25.0,65.0,10.0,30.0,53.0,13.0,4.27
ofsetni papir 170 g,150 dot,270,31.0,100.0,72.0,60.0,21.0,46.0,16.0,26.0,15.0,21.0,4.29
ofsetni papir 170 g,150 dot,271,72.0,0.0,72.0,60.0,28.0,97.0,-17.0,33.0,45.0,-18.0,3.59
ofsetni papir 170 g,150 dot,272,72.0,31.0,72.0,60.0,25.0,72.0,-9.0,30.0,25.0,-10.0,3.58
ofsetni papir 170 g,150 dot,273,72.0,72.0,72.0,60.0,19.0,55.0,0.0,22.0,1.0,1.0,2.18
ofsetni papir 170 g,150 dot,274,72.0,100.0,72.0,60.0,17.0,17.0,5.0,19.0,71.0,7.0,2.36
ofsetni papir 170 g,150 dot,275,100.0,0.0,72.0,60.0,25.0,66.0,-23.0,28.0,64.0,-26.0,2.92
ofsetni papir 170 g,150 dot,276,100.0,31.0,72.0,60.0,21.0,98.0,-14.0,25.0,43.0,-17.0,3.53
ofsetni papir 170 g,150 dot,277,100.0,72.0,72.0,60.0,17.0,21.0,-3.0,19.0,47.0,-5.0,2.69
ofsetni papir 170 g,150 dot,278,100.0,100.0,72.0,60.0,14.0,29.0,0.0,16.0,13.0,0.0,1.64
ofsetni papir 170 g,150 dot,279,0.0,0.0,100.0,60.0,42.0,64.0,-3.0,47.0,26.0,-3.0,4.47
ofsetni papir 170 g,150 dot,280,0.0,31.0,100.0,60.0,36.0,29.0,3.0,41.0,90.0,4.0,5.3
ofsetni papir 170 g,150 dot,281,0.0,72.0,100.0,60.0,29.0,9.0,15.0,33.0,83.0,16.0,3.9
ofsetni papir 170 g,150 dot,282,0.0,100.0,100.0,60.0,24.0,63.0,22.0,27.0,77.0,26.0,2.93
ofsetni papir 170 g,150 dot,283,31.0,0.0,100.0,60.0,37.0,68.0,-9.0,43.0,58.0,-9.0,5.29
ofsetni papir 170 g,150 dot,284,31.0,31.0,100.0,60.0,32.0,66.0,-1.0,38.0,80.0,-1.0,5.4
ofsetni papir 170 g,150 dot,285,31.0,72.0,100.0,60.0,25.0,95.0,8.0,30.0,63.0,11.0,4.21
ofsetni papir 170 g,150 dot,286,31.0,100.0,100.0,60.0,21.0,52.0,15.0,25.0,53.0,20.0,4.0
ofsetni papir 170 g,150 dot,287,72.0,0.0,100.0,60.0,28.0,78.0,-19.0,33.0,14.0,-20.0,3.51
ofsetni papir 170 g,150 dot,288,72.0,31.0,100.0,60.0,25.0,14.0,-10.0,30.0,16.0,-10.0,3.98
ofsetni papir 170 g,150 dot,289,72.0,72.0,100.0,60.0,19.0,68.0,-0.0,23.0,7.0,0.0,2.78
ofsetni papir 170 g,150 dot,290,72.0,100.0,100.0,60.0,17.0,69.0,4.0,18.0,85.0,6.0,2.6
ofsetni papir 170 g,150 dot,291,100.0,0.0,100.0,60.0,24.0,37.0,-24.0,28.0,18.0,-28.0,3.51
ofsetni papir 170 g,150 dot,292,100.0,31.0,100.0,60.0,22.0,9.0,-16.0,25.0,50.0,-19.0,3.31
ofsetni papir 170 g,150 dot,293,100.0,72.0,100.0,60.0,16.0,55.0,-5.0,19.0,51.0,-6.0,2.27
ofsetni papir 170 g,150 dot,294,100.0,100.0,100.0,60.0,14.0,5.0,-0.0,14.0,67.0,-0.0,0.69
ofsetni papir 170 g,150 dot,295,0.0,0.0,0.0,88.0,22.0,43.0,-0.0,27.0,19.0,-0.0,3.53
ofsetni papir 170 g,150 dot,296,0.0,52.0,0.0,88.0,19.0,84.0,6.0,22.0,99.0,7.0,2.47
ofsetni papir 170 g,150 dot,297,0.0,100.0,0.0,88.0,16.0,86.0,12.0,19.0,46.0,16.0,3.34
ofsetni papir 170 g,150 dot,298,31.0,0.0,0.0,88.0,21.0,48.0,-2.0,25.0,62.0,-2.0,2.99
ofsetni papir 170 g,150 dot,299,31.0,52.0,0.0,88.0,17.0,82.0,3.0,21.0,39.0,4.0,2.81
ofsetni papir 170 g,150 dot,300,31.0,100.0,0.0,88.0,15.0,17.0,8.0,17.0,86.0,11.0,2.78
ofsetni papir 170 g,150 dot,301,72.0,0.0,0.0,88.0,19.0,18.0,-5.0,21.0,80.0,-8.0,3.3
ofsetni papir 170 g,150 dot,302,72.0,52.0,0.0,88.0,15.0,66.0,0.0,17.0,84.0,-0.0,2.57
ofsetni papir 170 g,150 dot,303,72.0,100.0,0.0,88.0,13.0,95.0,4.0,15.0,58.0,4.0,1.7
ofsetni papir 170 g,150 dot,304,100.0,0.0,0.0,88.0,17.0,54.0,-6.0,19.0,22.0,-8.0,2.91
ofsetni papir 170 g,150 dot,305,100.0,52.0,0.0,88.0,14.0,97.0,-1.0,17.0,28.0,-2.0,3.03
ofsetni papir 170 g,150 dot,306,100.0,100.0,0.0,88.0,14.0,10.0,2.0,15.0,52.0,1.0,2.49
ofsetni papir 170 g,150 dot,307,0.0,0.0,52.0,88.0,24.0,20.0,-1.0,27.0,48.0,-1.0,2.74
ofsetni papir 170 g,150 dot,308,0.0,52.0,52.0,88.0,19.0,17.0,4.0,22.0,78.0,5.0,2.96
ofsetni papir 170 g,150 dot,309,0.0,100.0,52.0,88.0,17.0,41.0,10.0,19.0,51.0,12.0,2.83
ofsetni papir 170 g,150 dot,310,31.0,0.0,52.0,88.0,22.0,22.0,-4.0,26.0,29.0,-4.0,3.14
ofsetni papir 170 g,150 dot,311,31.0,52.0,52.0,88.0,17.0,55.0,1.0,20.0,60.0,2.0,2.52
ofsetni papir 170 g,150 dot,312,31.0,100.0,52.0,88.0,16.0,18.0,6.0,17.0,86.0,7.0,2.24
ofsetni papir 170 g,150 dot,313,72.0,0.0,52.0,88.0,18.0,0.0,-7.0,20.0,54.0,-9.0,2.92
ofsetni papir 170 g,150 dot,314,72.0,52.0,52.0,88.0,14.0,24.0,-0.0,16.0,63.0,-1.0,1.77
ofsetni papir 170 g,150 dot,315,72.0,100.0,52.0,88.0,13.0,43.0,2.0,15.0,4.0,2.0,1.06
ofsetni papir 170 g,150 dot,316,100.0,0.0,52.0,88.0,17.0,33.0,-7.0,20.0,80.0,-11.0,4.23
ofsetni papir 170 g,150 dot,317,100.0,52.0,52.0,88.0,13.0,34.0,-1.0,15.0,82.0,-3.0,3.47
ofsetni papir 170 g,150 dot,318,100.0,100.0,52.0,88.0,13.0,18.0,0.0,12.0,95.0,0.0,0.38
ofsetni papir 170 g,150 dot,319,0.0,0.0,100.0,88.0,24.0,78.0,-3.0,28.0,87.0,-2.0,3.75
ofsetni papir 170 g,150 dot,320,0.0,52.0,100.0,88.0,20.0,25.0,2.0,23.0,54.0,4.0,4.08
ofsetni papir 170 g,150 dot,321,0.0,100.0,100.0,88.0,18.0,11.0,7.0,20.0,9.0,11.0,4.03
ofsetni papir 170 g,150 dot,322,31.0,0.0,100.0,88.0,21.0,43.0,-4.0,25.0,85.0,-5.0,3.95
ofsetni papir 170 g,150 dot,323,31.0,52.0,100.0,88.0,17.0,93.0,0.0,21.0,27.0,1.0,3.29
ofsetni papir 170 g,150 dot,324,31.0,100.0,100.0,88.0,16.0,20.0,4.0,19.0,25.0,6.0,3.16
ofsetni papir 170 g,150 dot,325,72.0,0.0,100.0,88.0,18.0,77.0,-8.0,22.0,16.0,-10.0,2.96
ofsetni papir 170 g,150 dot,326,72.0,52.0,100.0,88.0,15.0,82.0,-2.0,16.0,70.0,-2.0,0.82
ofsetni papir 170 g,150 dot,327,72.0,100.0,100.0,88.0,15.0,51.0,0.0,14.0,33.0,1.0,0.78
ofsetni papir 170 g,150 dot,328,100.0,0.0,100.0,88.0,17.0,75.0,-9.0,19.0,86.0,-12.0,2.76
ofsetni papir 170 g,150 dot,329,100.0,52.0,100.0,88.0,14.0,29.0,-2.0,15.0,55.0,-4.0,1.91
ofsetni papir 170 g,150 dot,330,100.0,100.0,100.0,88.0,14.0,36.0,-0.0,14.0,93.0,-0.0,0.56
ofsetni papir 170 g,150 dot,331,0.0,0.0,0.0,100.0,15.0,77.0,-0.0,15.0,54.0,-0.0,0.36
ofsetni papir 170 g,150 dot,332,0.0,52.0,0.0,100.0,14.0,2.0,2.0,14.0,74.0,2.0,0.57
ofsetni papir 170 g,150 dot,333,0.0,100.0,0.0,100.0,14.0,48.0,3.0,14.0,39.0,5.0,2.08
ofsetni papir 170 g,150 dot,334,52.0,0.0,0.0,100.0,13.0,60.0,-0.0,15.0,49.0,-2.0,2.83
ofsetni papir 170 g,150 dot,335,52.0,52.0,0.0,100.0,13.0,20.0,1.0,13.0,34.0,0.0,0.28
ofsetni papir 170 g,150 dot,336,52.0,100.0,0.0,100.0,11.0,92.0,3.0,14.0,51.0,2.0,1.82
ofsetni papir 170 g,150 dot,337,100.0,0.0,0.0,100.0,14.0,80.0,-2.0,16.0,26.0,-4.0,2.91
ofsetni papir 170 g,150 dot,338,100.0,52.0,0.0,100.0,13.0,0.0,0.0,14.0,75.0,-0.0,1.8
ofsetni papir 170 g,150 dot,339,100.0,100.0,0.0,100.0,13.0,39.0,1.0,14.0,20.0,1.0,0.86
ofsetni papir 170 g,150 dot,340,0.0,0.0,52.0,100.0,15.0,16.0,-1.0,16.0,56.0,-0.0,1.13
ofsetni papir 170 g,150 dot,341,0.0,52.0,52.0,100.0,15.0,88.0,1.0,15.0,31.0,1.0,0.44
ofsetni papir 170 g,150 dot,342,0.0,100.0,52.0,100.0,14.0,4.0,3.0,15.0,60.0,3.0,1.06
ofsetni papir 170 g,150 dot,343,52.0,0.0,52.0,100.0,14.0,70.0,-2.0,14.0,26.0,-2.0,0.81
ofsetni papir 170 g,150 dot,344,52.0,52.0,52.0,100.0,13.0,89.0,-0.0,13.0,87.0,0.0,0.63
ofsetni papir 170 g,150 dot,345,52.0,100.0,52.0,100.0,14.0,5.0,1.0,13.0,42.0,1.0,0.63
ofsetni papir 170 g,150 dot,346,100.0,0.0,52.0,100.0,13.0,91.0,-2.0,14.0,29.0,-5.0,3.48
ofsetni papir 170 g,150 dot,347,100.0,52.0,52.0,100.0,14.0,4.0,-1.0,13.0,37.0,-1.0,0.51
ofsetni papir 170 g,150 dot,348,100.0,100.0,52.0,100.0,14.0,87.0,1.0,13.0,31.0,0.0,4.35
ofsetni papir 170 g,150 dot,349,0.0,0.0,100.0,100.0,14.0,87.0,-2.0,17.0,35.0,-2.0,2.26
ofsetni papir 170 g,150 dot,350,0.0,52.0,100.0,100.0,14.0,28.0,0.0,15.0,17.0,0.0,0.97
ofsetni papir 170 g,150 dot,351,0.0,100.0,100.0,100.0,14.0,97.0,2.0,15.0,89.0,2.0,1.01
ofsetni papir 170 g,150 dot,352,52.0,0.0,100.0,100.0,15.0,51.0,-3.0,16.0,75.0,-3.0,1.02
ofsetni papir 170 g,150 dot,353,52.0,52.0,100.0,100.0,15.0,8.0,-0.0,15.0,25.0,-0.0,0.41
ofsetni papir 170 g,150 dot,354,52.0,100.0,100.0,100.0,14.0,43.0,0.0,15.0,0.0,1.0,3.85
ofsetni papir 170 g,150 dot,355,100.0,0.0,100.0,100.0,15.0,59.0,-4.0,16.0,13.0,-5.0,1.23
ofsetni papir 170 g,150 dot,356,100.0,52.0,100.0,100.0,14.0,41.0,-2.0,13.0,95.0,-2.0,0.45
ofsetni papir 170 g,150 dot,357,100.0,100.0,100.0,100.0,15.0,6.0,-0.0,14.0,34.0,-0.0,0.64
ofsetni papir 170 g,150 dot,358,5.0,0.0,0.0,0.0,92.0,42.0,-0.0,91.0,20.0,-1.0,1.34
ofsetni papir 170 g,150 dot,359,28.0,0.0,0.0,0.0,83.0,37.0,-8.0,82.0,3.0,-8.0,1.15
ofsetni papir 170 g,150 dot,360,95.0,0.0,0.0,0.0,53.0,76.0,-33.0,52.0,98.0,-33.0,0.87
ofsetni papir 170 g,150 dot,361,0.0,4.0,0.0,0.0,93.0,40.0,1.0,91.0,62.0,1.0,1.15
ofsetni papir 170 g,150 dot,362,0.0,11.0,0.0,0.0,90.0,58.0,2.0,86.0,74.0,3.0,2.81
ofsetni papir 170 g,150 dot,363,0.0,93.0,0.0,0.0,49.0,91.0,56.0,48.0,66.0,54.0,1.96
ofsetni papir 170 g,150 dot,364,0.0,0.0,4.0,0.0,93.0,97.0,0.0,93.0,83.0,0.0,0.56
ofsetni papir 170 g,150 dot,365,0.0,0.0,11.0,0.0,93.0,21.0,-0.0,91.0,32.0,-0.0,3.99
ofsetni papir 170 g,150 dot,366,0.0,0.0,93.0,0.0,86.0,76.0,-3.0,86.0,67.0,-3.0,3.69
ofsetni papir 170 g,150 dot,367,0.0,0.0,0.0,4.0,89.0,0.0,0.0,86.0,98.0,0.0,1.32
ofsetni papir 170 g,150 dot,368,0.0,0.0,0.0,13.0,80.0,56.0,0.0,81.0,29.0,0.0,0.53
ofsetni papir 170 g,150 dot,369,0.0,0.0,0.0,95.0,17.0,81.0,-0.0,19.0,84.0,-0.0,1.43
ofsetni papir 170 g,150 dot,370,9.0,7.0,7.0,0.0,85.0,42.0,0.0,83.0,18.0,-0.0,1.56
ofsetni papir 170 g,150 dot,371,19.0,15.0,15.0,0.0,74.0,89.0,-0.0,73.0,39.0,-0.0,1.15
ofsetni papir 170 g,150 dot,372,29.0,23.0,23.0,0.0,67.0,15.0,-0.0,67.0,3.0,-0.0,0.27
ofsetni papir 170 g,150 dot,373,39.0,31.0,31.0,0.0,57.0,62.0,-0.0,60.0,63.0,-0.0,2.82
ofsetni papir 170 g,150 dot,374,49.0,39.0,39.0,4.0,45.0,30.0,-0.0,50.0,88.0,-0.0,5.72
ofsetni papir 170 g,150 dot,375,59.0,47.0,47.0,16.0,36.0,6.0,-1.0,41.0,37.0,-1.0,4.99
ofsetni papir 170 g,150 dot,376,69.0,55.0,55.0,31.0,28.0,19.0,-1.0,33.0,17.0,-2.0,3.95
ofsetni papir 170 g,150 dot,377,79.0,63.0,63.0,48.0,22.0,42.0,-2.0,25.0,77.0,-3.0,2.47
ofsetni papir 170 g,150 dot,378,89.0,71.0,71.0,72.0,15.0,81.0,-1.0,18.0,1.0,-2.0,1.73
ofsetni papir 170 g,150 dot,379,99.0,79.0,79.0,100.0,15.0,79.0,-0.0,16.0,3.0,-0.0,0.78
ofsetni papir 170 g,150 dot,380,9.0,7.0,7.0,0.0,85.0,47.0,0.0,83.0,35.0,-0.0,1.53
ofsetni papir 170 g,150 dot,381,18.0,14.0,14.0,0.0,76.0,90.0,-0.0,75.0,36.0,-0.0,1.13
ofsetni papir 170 g,150 dot,382,27.0,21.0,21.0,0.0,68.0,47.0,-0.0,68.0,70.0,-0.0,0.23
ofsetni papir 170 g,150 dot,383,36.0,29.0,29.0,0.0,59.0,64.0,-0.0,63.0,50.0,-0.0,3.45
ofsetni papir 170 g,150 dot,384,45.0,36.0,36.0,0.0,51.0,87.0,-0.0,56.0,26.0,0.0,4.41
ofsetni papir 170 g,150 dot,385,54.0,43.0,43.0,0.0,44.0,71.0,-0.0,50.0,26.0,-0.0,5.64
ofsetni papir 170 g,150 dot,386,63.0,50.0,50.0,0.0,37.0,95.0,-1.0,44.0,45.0,-1.0,5.96
ofsetni papir 170 g,150 dot,387,72.0,58.0,58.0,0.0,33.0,96.0,-2.0,39.0,1.0,-3.0,4.54
ofsetni papir 170 g,150 dot,388,81.0,65.0,65.0,2.0,29.0,34.0,-4.0,34.0,5.0,-4.0,3.87
ofsetni papir 170 g,150 dot,389,90.0,72.0,72.0,49.0,20.0,21.0,-3.0,22.0,77.0,-5.0,2.25
ofsetni papir 170 g,150 dot,390,24.0,19.0,19.0,11.0,64.0,20.0,-0.0,65.0,35.0,-0.0,1.31
ofsetni papir 170 g,150 dot,391,49.0,39.0,39.0,30.0,35.0,62.0,-0.0,42.0,38.0,-0.0,6.04
ofsetni papir 170 g,150 dot,392,74.0,59.0,59.0,59.0,21.0,76.0,-1.0,24.0,88.0,-2.0,2.35
ofsetni papir 170 g,150 dot,393,28.0,0.0,0.0,0.0,83.0,77.0,-8.0,82.0,39.0,-8.0,1.02
ofsetni papir 170 g,150 dot,394,64.0,0.0,0.0,0.0,64.0,53.0,-25.0,63.0,44.0,-22.0,1.6
ofsetni papir 170 g,150 dot,395,0.0,21.0,0.0,0.0,86.0,93.0,6.0,83.0,7.0,7.0,2.75
ofsetni papir 170 g,150 dot,396,0.0,52.0,0.0,0.0,72.0,12.0,23.0,69.0,75.0,22.0,2.54
ofsetni papir 170 g,150 dot,397,0.0,0.0,21.0,0.0,92.0,45.0,-0.0,90.0,59.0,-1.0,5.15
ofsetni papir 170 g,150 dot,398,0.0,0.0,52.0,0.0,90.0,2.0,-3.0,87.0,75.0,-2.0,1.74
ofsetni papir 170 g,150 dot,399,0.0,0.0,0.0,25.0,70.0,38.0,0.0,72.0,16.0,0.0,1.4
ofsetni papir 170 g,150 dot,400,0.0,0.0,0.0,60.0,40.0,44.0,-0.0,48.0,93.0,-0.0,8.06
ofsetni papir 170 g,200 dot,1,0.0,0.0,0.0,0.0,94.0,8.0,0.0,93.0,86.0,0.0,0.17
ofsetni papir 170 g,200 dot,2,0.0,21.0,0.0,0.0,84.0,58.0,8.0,84.0,64.0,8.0,0.17
ofsetni papir 170 g,200 dot,3,0.0,52.0,0.0,0.0,70.0,61.0,23.0,70.0,31.0,24.0,0.68
ofsetni papir 170 g,200 dot,4,0.0,81.0,0.0,0.0,57.0,24.0,42.0,56.0,33.0,43.0,0.91
ofsetni papir 170 g,200 dot,5,0.0,100.0,0.0,0.0,47.0,84.0,59.0,47.0,49.0,59.0,0.46
ofsetni papir 170 g,200 dot,6,16.0,0.0,0.0,0.0,87.0,11.0,-4.0,86.0,76.0,-3.0,0.54
ofsetni papir 170 g,200 dot,7,16.0,21.0,0.0,0.0,78.0,83.0,3.0,79.0,20.0,3.0,0.58
ofsetni papir 170 g,200 dot,8,16.0,52.0,0.0,0.0,65.0,51.0,19.0,65.0,28.0,20.0,0.73
ofsetni papir 170 g,200 dot,9,16.0,81.0,0.0,0.0,51.0,80.0,36.0,51.0,84.0,36.0,0.4
ofsetni papir 170 g,200 dot,10,16.0,100.0,0.0,0.0,43.0,51.0,53.0,43.0,50.0,52.0,0.29
ofsetni papir 170 g,200 dot,11,39.0,0.0,0.0,0.0,77.0,96.0,-10.0,78.0,14.0,-10.0,0.22
ofsetni papir 170 g,200 dot,12,39.0,21.0,0.0,0.0,71.0,70.0,-3.0,71.0,41.0,-2.0,0.47
ofsetni papir 170 g,200 dot,13,39.0,52.0,0.0,0.0,58.0,93.0,10.0,57.0,58.0,11.0,1.27
ofsetni papir 170 g,200 dot,14,39.0,81.0,0.0,0.0,46.0,30.0,26.0,45.0,83.0,26.0,0.48
ofsetni papir 170 g,200 dot,15,39.0,100.0,0.0,0.0,40.0,21.0,41.0,39.0,2.0,41.0,1.06
ofsetni papir 170 g,200 dot,16,64.0,0.0,0.0,0.0,68.0,7.0,-20.0,66.0,93.0,-21.0,1.03
ofsetni papir 170 g,200 dot,17,64.0,21.0,0.0,0.0,61.0,50.0,-13.0,60.0,60.0,-13.0,0.79
ofsetni papir 170 g,200 dot,18,64.0,52.0,0.0,0.0,50.0,57.0,-1.0,49.0,44.0,-0.0,1.21
ofsetni papir 170 g,200 dot,19,64.0,81.0,0.0,0.0,40.0,57.0,13.0,39.0,68.0,13.0,0.95
ofsetni papir 170 g,200 dot,20,64.0,100.0,0.0,0.0,34.0,20.0,25.0,33.0,28.0,25.0,0.89
ofsetni papir 170 g,200 dot,21,85.0,0.0,0.0,0.0,58.0,40.0,-29.0,58.0,27.0,-29.0,0.2
ofsetni papir 170 g,200 dot,22,85.0,21.0,0.0,0.0,53.0,46.0,-23.0,53.0,13.0,-22.0,0.38
ofsetni papir 170 g,200 dot,23,85.0,52.0,0.0,0.0,44.0,17.0,-10.0,43.0,50.0,-10.0,0.66
ofsetni papir 170 g,200 dot,24,85.0,81.0,0.0,0.0,35.0,47.0,3.0,34.0,89.0,3.0,0.5
ofsetni papir 170 g,200 dot,25,85.0,100.0,0.0,0.0,29.0,68.0,12.0,29.0,69.0,12.0,0.37
ofsetni papir 170 g,200 dot,26,100.0,0.0,0.0,0.0,52.0,56.0,-34.0,52.0,15.0,-35.0,0.45
ofsetni papir 170 g,200 dot,27,100.0,21.0,0.0,0.0,47.0,2.0,-29.0,46.0,24.0,-28.0,0.84
ofsetni papir 170 g,200 dot,28,100.0,52.0,0.0,0.0,40.0,18.0,-17.0,38.0,98.0,-16.0,1.13
ofsetni papir 170 g,200 dot,29,100.0,81.0,0.0,0.0,32.0,18.0,-2.0,32.0,5.0,-2.0,0.14
ofsetni papir 170 g,200 dot,30,100.0,100.0,0.0,0.0,27.0,72.0,6.0,27.0,78.0,5.0,0.37
ofsetni papir 170 g,200 dot,31,0.0,0.0,21.0,0.0,91.0,59.0,-1.0,91.0,1.0,-1.0,0.77
ofsetni papir 170 g,200 dot,32,0.0,21.0,21.0,0.0,82.0,76.0,6.0,81.0,85.0,7.0,0.96
ofsetni papir 170 g,200 dot,33,0.0,52.0,21.0,0.0,68.0,84.0,24.0,68.0,60.0,24.0,0.42
ofsetni papir 170 g,200 dot,34,0.0,81.0,21.0,0.0,57.0,5.0,42.0,55.0,66.0,44.0,1.45
ofsetni papir 170 g,200 dot,35,0.0,100.0,21.0,0.0,47.0,25.0,59.0,46.0,61.0,60.0,0.7
ofsetni papir 170 g,200 dot,36,16.0,0.0,21.0,0.0,85.0,29.0,-5.0,85.0,4.0,-5.0,1.24
ofsetni papir 170 g,200 dot,37,16.0,21.0,21.0,0.0,73.0,63.0,2.0,72.0,95.0,3.0,0.71
ofsetni papir 170 g,200 dot,38,16.0,52.0,21.0,0.0,60.0,71.0,18.0,60.0,60.0,18.0,0.37
ofsetni papir 170 g,200 dot,39,16.0,81.0,21.0,0.0,49.0,93.0,35.0,49.0,76.0,37.0,0.47
ofsetni papir 170 g,200 dot,40,16.0,100.0,21.0,0.0,42.0,92.0,50.0,42.0,32.0,51.0,0.71
ofsetni papir 170 g,200 dot,41,39.0,0.0,21.0,0.0,75.0,99.0,-13.0,75.0,65.0,-13.0,0.34
ofsetni papir 170 g,200 dot,42,39.0,21.0,21.0,0.0,64.0,96.0,-4.0,64.0,32.0,-4.0,0.58
ofsetni papir 170 g,200 dot,43,39.0,52.0,21.0,0.0,53.0,39.0,11.0,52.0,40.0,11.0,1.08
ofsetni papir 170 g,200 dot,44,39.0,81.0,21.0,0.0,43.0,40.0,26.0,43.0,27.0,27.0,0.34
ofsetni papir 170 g,200 dot,45,39.0,100.0,21.0,0.0,37.0,19.0,39.0,37.0,17.0,39.0,0.4
ofsetni papir 170 g,200 dot,46,64.0,0.0,21.0,0.0,64.0,61.0,-25.0,64.0,11.0,-25.0,0.48
ofsetni papir 170 g,200 dot,47,64.0,21.0,21.0,0.0,54.0,94.0,-15.0,54.0,40.0,-15.0,0.59
ofsetni papir 170 g,200 dot,48,64.0,52.0,21.0,0.0,45.0,10.0,0.0,44.0,35.0,0.0,0.85
ofsetni papir 170 g,200 dot,49,64.0,81.0,21.0,0.0,35.0,62.0,14.0,36.0,8.0,15.0,0.75
ofsetni papir 170 g,200 dot,50,64.0,100.0,21.0,0.0,31.0,75.0,24.0,31.0,71.0,25.0,0.68
ofsetni papir 170 g,200 dot,51,85.0,0.0,21.0,0.0,56.0,42.0,-34.0,56.0,19.0,-34.0,0.21
ofsetni papir 170 g,200 dot,52,85.0,21.0,21.0,0.0,47.0,76.0,-24.0,47.0,34.0,-25.0,0.48
ofsetni papir 170 g,200 dot,53,85.0,52.0,21.0,0.0,38.0,82.0,-10.0,39.0,50.0,-10.0,0.62
ofsetni papir 170 g,200 dot,54,85.0,81.0,21.0,0.0,30.0,91.0,2.0,30.0,91.0,3.0,0.15
ofsetni papir 170 g,200 dot,55,85.0,100.0,21.0,0.0,27.0,36.0,10.0,27.0,53.0,10.0,0.3
ofsetni papir 170 g,200 dot,56,100.0,0.0,21.0,0.0,50.0,11.0,-41.0,49.0,79.0,-40.0,0.46
ofsetni papir 170 g,200 dot,57,100.0,21.0,21.0,0.0,44.0,37.0,-32.0,43.0,93.0,-31.0,0.5
ofsetni papir 170 g,200 dot,58,100.0,52.0,21.0,0.0,36.0,19.0,-16.0,35.0,89.0,-17.0,0.57
ofsetni papir 170 g,200 dot,59,100.0,81.0,21.0,0.0,29.0,26.0,-3.0,29.0,9.0,-3.0,0.31
ofsetni papir 170 g,200 dot,60,100.0,100.0,21.0,0.0,25.0,51.0,2.0,25.0,39.0,3.0,0.55
ofsetni papir 170 g,200 dot,61,0.0,0.0,52.0,0.0,88.0,78.0,-2.0,88.0,19.0,-2.0,1.16
ofsetni papir 170 g,200 dot,62,0.0,21.0,52.0,0.0,80.0,42.0,6.0,79.0,69.0,7.0,0.76
ofsetni papir 170 g,200 dot,63,0.0,52.0,52.0,0.0,67.0,70.0,23.0,66.0,64.0,24.0,1.32
ofsetni papir 170 g,200 dot,64,0.0,81.0,52.0,0.0,55.0,40.0,42.0,54.0,95.0,43.0,0.52
ofsetni papir 170 g,200 dot,65,0.0,100.0,52.0,0.0,46.0,67.0,57.0,46.0,4.0,57.0,0.82
ofsetni papir 170 g,200 dot,66,16.0,0.0,52.0,0.0,81.0,59.0,-6.0,81.0,23.0,-6.0,0.65
ofsetni papir 170 g,200 dot,67,16.0,21.0,52.0,0.0,71.0,37.0,2.0,71.0,31.0,2.0,0.78
ofsetni papir 170 g,200 dot,68,16.0,52.0,52.0,0.0,59.0,58.0,18.0,59.0,83.0,18.0,0.52
ofsetni papir 170 g,200 dot,69,16.0,81.0,52.0,0.0,50.0,3.0,34.0,49.0,27.0,35.0,0.81
ofsetni papir 170 g,200 dot,70,16.0,100.0,52.0,0.0,42.0,44.0,49.0,41.0,35.0,49.0,1.0
ofsetni papir 170 g,200 dot,71,39.0,0.0,52.0,0.0,73.0,3.0,-15.0,72.0,25.0,-15.0,0.79
ofsetni papir 170 g,200 dot,72,39.0,21.0,52.0,0.0,60.0,42.0,-5.0,61.0,51.0,-5.0,0.96
ofsetni papir 170 g,200 dot,73,39.0,52.0,52.0,0.0,50.0,71.0,9.0,50.0,0.0,10.0,0.88
ofsetni papir 170 g,200 dot,74,39.0,81.0,52.0,0.0,42.0,60.0,24.0,41.0,62.0,25.0,1.03
ofsetni papir 170 g,200 dot,75,39.0,100.0,52.0,0.0,37.0,22.0,36.0,36.0,75.0,36.0,0.53
ofsetni papir 170 g,200 dot,76,64.0,0.0,52.0,0.0,61.0,49.0,-28.0,60.0,91.0,-28.0,0.57
ofsetni papir 170 g,200 dot,77,64.0,21.0,52.0,0.0,53.0,30.0,-17.0,53.0,44.0,-17.0,0.47
ofsetni papir 170 g,200 dot,78,64.0,52.0,52.0,0.0,38.0,56.0,-1.0,38.0,75.0,-0.0,0.71
ofsetni papir 170 g,200 dot,79,64.0,81.0,52.0,0.0,32.0,64.0,12.0,32.0,67.0,13.0,0.85
ofsetni papir 170 g,200 dot,80,64.0,100.0,52.0,0.0,29.0,71.0,21.0,29.0,56.0,21.0,0.36
ofsetni papir 170 g,200 dot,81,85.0,0.0,52.0,0.0,53.0,67.0,-39.0,53.0,56.0,-39.0,0.49
ofsetni papir 170 g,200 dot,82,85.0,21.0,52.0,0.0,45.0,89.0,-29.0,46.0,12.0,-29.0,0.26
ofsetni papir 170 g,200 dot,83,85.0,52.0,52.0,0.0,34.0,63.0,-12.0,35.0,45.0,-12.0,0.68
ofsetni papir 170 g,200 dot,84,85.0,81.0,52.0,0.0,27.0,71.0,2.0,26.0,26.0,2.0,1.11
ofsetni papir 170 g,200 dot,85,85.0,100.0,52.0,0.0,25.0,9.0,8.0,25.0,9.0,8.0,0.19
ofsetni papir 170 g,200 dot,86,100.0,0.0,52.0,0.0,48.0,35.0,-47.0,47.0,96.0,-47.0,0.52
ofsetni papir 170 g,200 dot,87,100.0,21.0,52.0,0.0,42.0,64.0,-36.0,42.0,39.0,-37.0,0.64
ofsetni papir 170 g,200 dot,88,100.0,52.0,52.0,0.0,32.0,77.0,-19.0,32.0,86.0,-19.0,0.19
ofsetni papir 170 g,200 dot,89,100.0,81.0,52.0,0.0,24.0,78.0,-4.0,25.0,29.0,-4.0,0.64
ofsetni papir 170 g,200 dot,90,100.0,100.0,52.0,0.0,22.0,15.0,1.0,22.0,60.0,1.0,0.72
ofsetni papir 170 g,200 dot,91,0.0,0.0,81.0,0.0,86.0,17.0,-2.0,85.0,89.0,-2.0,0.44
ofsetni papir 170 g,200 dot,92,0.0,21.0,81.0,0.0,78.0,97.0,6.0,78.0,36.0,7.0,0.66
ofsetni papir 170 g,200 dot,93,0.0,52.0,81.0,0.0,65.0,44.0,25.0,65.0,9.0,25.0,0.33
ofsetni papir 170 g,200 dot,94,0.0,81.0,81.0,0.0,53.0,73.0,43.0,53.0,9.0,44.0,0.7
ofsetni papir 170 g,200 dot,95,0.0,100.0,81.0,0.0,45.0,88.0,58.0,45.0,79.0,58.0,0.23
ofsetni papir 170 g,200 dot,96,16.0,0.0,81.0,0.0,79.0,31.0,-7.0,79.0,50.0,-7.0,0.47
ofsetni papir 170 g,200 dot,97,16.0,21.0,81.0,0.0,69.0,97.0,2.0,69.0,47.0,2.0,0.68
ofsetni papir 170 g,200 dot,98,16.0,52.0,81.0,0.0,58.0,9.0,17.0,57.0,16.0,18.0,1.04
ofsetni papir 170 g,200 dot,99,16.0,81.0,81.0,0.0,49.0,7.0,35.0,48.0,70.0,34.0,0.59
ofsetni papir 170 g,200 dot,100,16.0,100.0,81.0,0.0,41.0,82.0,49.0,42.0,17.0,49.0,0.68
ofsetni papir 170 g,200 dot,101,39.0,0.0,81.0,0.0,70.0,84.0,-16.0,70.0,69.0,-15.0,0.19
ofsetni papir 170 g,200 dot,102,39.0,21.0,81.0,0.0,60.0,13.0,-5.0,60.0,2.0,-5.0,0.38
ofsetni papir 170 g,200 dot,103,39.0,52.0,81.0,0.0,49.0,40.0,9.0,49.0,17.0,9.0,0.43
ofsetni papir 170 g,200 dot,104,39.0,81.0,81.0,0.0,40.0,97.0,24.0,40.0,15.0,24.0,0.89
ofsetni papir 170 g,200 dot,105,39.0,100.0,81.0,0.0,36.0,62.0,35.0,36.0,32.0,35.0,0.26
ofsetni papir 170 g,200 dot,106,64.0,0.0,81.0,0.0,59.0,81.0,-29.0,60.0,20.0,-28.0,0.68
ofsetni papir 170 g,200 dot,107,64.0,21.0,81.0,0.0,51.0,87.0,-19.0,52.0,16.0,-19.0,0.74
ofsetni papir 170 g,200 dot,108,64.0,52.0,81.0,0.0,39.0,81.0,-2.0,39.0,65.0,-2.0,0.65
ofsetni papir 170 g,200 dot,109,64.0,81.0,81.0,0.0,31.0,99.0,11.0,33.0,31.0,11.0,1.21
ofsetni papir 170 g,200 dot,110,64.0,100.0,81.0,0.0,28.0,77.0,19.0,29.0,61.0,19.0,0.69
ofsetni papir 170 g,200 dot,111,85.0,0.0,81.0,0.0,51.0,97.0,-42.0,51.0,45.0,-42.0,0.84
ofsetni papir 170 g,200 dot,112,85.0,21.0,81.0,0.0,45.0,40.0,-32.0,44.0,50.0,-32.0,1.08
ofsetni papir 170 g,200 dot,113,85.0,52.0,81.0,0.0,34.0,48.0,-14.0,34.0,97.0,-14.0,0.5
ofsetni papir 170 g,200 dot,114,85.0,81.0,81.0,0.0,25.0,51.0,1.0,25.0,34.0,1.0,0.14
ofsetni papir 170 g,200 dot,115,85.0,100.0,81.0,0.0,23.0,98.0,8.0,23.0,53.0,8.0,0.35
ofsetni papir 170 g,200 dot,116,100.0,0.0,81.0,0.0,46.0,75.0,-51.0,46.0,77.0,-52.0,0.33
ofsetni papir 170 g,200 dot,117,100.0,21.0,81.0,0.0,41.0,11.0,-40.0,40.0,90.0,-41.0,0.92
ofsetni papir 170 g,200 dot,118,100.0,52.0,81.0,0.0,31.0,53.0,-22.0,31.0,63.0,-22.0,0.37
ofsetni papir 170 g,200 dot,119,100.0,81.0,81.0,0.0,23.0,56.0,-5.0,24.0,8.0,-5.0,0.39
ofsetni papir 170 g,200 dot,120,100.0,100.0,81.0,0.0,20.0,82.0,0.0,21.0,22.0,0.0,0.61
ofsetni papir 170 g,200 dot,121,0.0,0.0,100.0,0.0,85.0,49.0,-2.0,85.0,14.0,-2.0,0.41
ofsetni papir 170 g,200 dot,122,0.0,21.0,100.0,0.0,77.0,45.0,7.0,77.0,4.0,8.0,0.43
ofsetni papir 170 g,200 dot,123,0.0,52.0,100.0,0.0,64.0,2.0,26.0,63.0,93.0,26.0,0.26
ofsetni papir 170 g,200 dot,124,0.0,81.0,100.0,0.0,53.0,9.0,45.0,53.0,68.0,44.0,0.79
ofsetni papir 170 g,200 dot,125,0.0,100.0,100.0,0.0,45.0,49.0,57.0,45.0,37.0,57.0,0.17
ofsetni papir 170 g,200 dot,126,16.0,0.0,100.0,0.0,78.0,80.0,-7.0,78.0,77.0,-7.0,0.44
ofsetni papir 170 g,200 dot,127,16.0,21.0,100.0,0.0,69.0,77.0,1.0,69.0,4.0,2.0,0.83
ofsetni papir 170 g,200 dot,128,16.0,52.0,100.0,0.0,58.0,45.0,17.0,58.0,16.0,18.0,0.41
ofsetni papir 170 g,200 dot,129,16.0,81.0,100.0,0.0,48.0,47.0,34.0,48.0,2.0,35.0,0.55
ofsetni papir 170 g,200 dot,130,16.0,100.0,100.0,0.0,41.0,96.0,47.0,41.0,37.0,48.0,0.65
ofsetni papir 170 g,200 dot,131,39.0,0.0,100.0,0.0,70.0,36.0,-16.0,69.0,77.0,-15.0,0.52
ofsetni papir 170 g,200 dot,132,39.0,21.0,100.0,0.0,59.0,91.0,-6.0,59.0,12.0,-6.0,0.71
ofsetni papir 170 g,200 dot,133,39.0,52.0,100.0,0.0,48.0,37.0,8.0,48.0,73.0,9.0,0.52
ofsetni papir 170 g,200 dot,134,39.0,81.0,100.0,0.0,40.0,87.0,22.0,40.0,41.0,24.0,0.78
ofsetni papir 170 g,200 dot,135,39.0,100.0,100.0,0.0,36.0,52.0,34.0,36.0,72.0,35.0,0.37
ofsetni papir 170 g,200 dot,136,64.0,0.0,100.0,0.0,58.0,74.0,-30.0,58.0,77.0,-29.0,0.38
ofsetni papir 170 g,200 dot,137,64.0,21.0,100.0,0.0,51.0,9.0,-19.0,52.0,10.0,-19.0,1.05
ofsetni papir 170 g,200 dot,138,64.0,52.0,100.0,0.0,39.0,19.0,-3.0,40.0,96.0,-2.0,1.64
ofsetni papir 170 g,200 dot,139,64.0,81.0,100.0,0.0,31.0,75.0,9.0,33.0,8.0,9.0,1.09
ofsetni papir 170 g,200 dot,140,64.0,100.0,100.0,0.0,28.0,94.0,17.0,28.0,74.0,18.0,0.45
ofsetni papir 170 g,200 dot,141,85.0,0.0,100.0,0.0,51.0,23.0,-43.0,50.0,90.0,-43.0,0.33
ofsetni papir 170 g,200 dot,142,85.0,21.0,100.0,0.0,43.0,84.0,-33.0,44.0,25.0,-33.0,0.4
ofsetni papir 170 g,200 dot,143,85.0,52.0,100.0,0.0,35.0,17.0,-14.0,34.0,94.0,-14.0,0.21
ofsetni papir 170 g,200 dot,144,85.0,81.0,100.0,0.0,30.0,10.0,-0.0,26.0,22.0,-0.0,2.97
ofsetni papir 170 g,200 dot,145,85.0,100.0,100.0,0.0,26.0,29.0,6.0,23.0,44.0,6.0,2.11
ofsetni papir 170 g,200 dot,146,100.0,0.0,100.0,0.0,46.0,82.0,-52.0,45.0,91.0,-51.0,1.01
ofsetni papir 170 g,200 dot,147,100.0,21.0,100.0,0.0,41.0,81.0,-42.0,41.0,3.0,-42.0,0.72
ofsetni papir 170 g,200 dot,148,100.0,52.0,100.0,0.0,32.0,33.0,-24.0,32.0,6.0,-23.0,0.3
ofsetni papir 170 g,200 dot,149,100.0,81.0,100.0,0.0,24.0,72.0,-6.0,24.0,33.0,-6.0,0.64
ofsetni papir 170 g,200 dot,150,100.0,100.0,100.0,0.0,20.0,36.0,-0.0,20.0,34.0,-0.0,0.28
ofsetni papir 170 g,200 dot,151,0.0,0.0,0.0,25.0,72.0,62.0,0.0,72.0,91.0,0.0,0.22
ofsetni papir 170 g,200 dot,152,0.0,31.0,0.0,25.0,63.0,11.0,10.0,62.0,97.0,11.0,0.68
ofsetni papir 170 g,200 dot,153,0.0,72.0,0.0,25.0,47.0,78.0,31.0,48.0,1.0,31.0,0.34
ofsetni papir 170 g,200 dot,154,0.0,100.0,0.0,25.0,38.0,5.0,49.0,38.0,26.0,48.0,0.42
ofsetni papir 170 g,200 dot,155,21.0,0.0,0.0,25.0,67.0,91.0,-5.0,67.0,53.0,-5.0,0.36
ofsetni papir 170 g,200 dot,156,21.0,31.0,0.0,25.0,58.0,1.0,5.0,58.0,46.0,5.0,0.43
ofsetni papir 170 g,200 dot,157,21.0,72.0,0.0,25.0,44.0,28.0,24.0,43.0,84.0,25.0,0.62
ofsetni papir 170 g,200 dot,158,21.0,100.0,0.0,25.0,35.0,3.0,40.0,34.0,82.0,40.0,0.35
ofsetni papir 170 g,200 dot,159,52.0,0.0,0.0,25.0,58.0,52.0,-13.0,57.0,69.0,-13.0,0.77
ofsetni papir 170 g,200 dot,160,52.0,31.0,0.0,25.0,51.0,44.0,-3.0,49.0,50.0,-3.0,1.99
ofsetni papir 170 g,200 dot,161,52.0,72.0,0.0,25.0,38.0,69.0,13.0,37.0,11.0,13.0,1.42
ofsetni papir 170 g,200 dot,162,52.0,100.0,0.0,25.0,30.0,67.0,27.0,30.0,67.0,28.0,0.76
ofsetni papir 170 g,200 dot,163,81.0,0.0,0.0,25.0,48.0,68.0,-24.0,48.0,0.0,-23.0,0.71
ofsetni papir 170 g,200 dot,164,81.0,31.0,0.0,25.0,42.0,22.0,-14.0,41.0,57.0,-14.0,0.62
ofsetni papir 170 g,200 dot,165,81.0,72.0,0.0,25.0,31.0,13.0,0.0,31.0,16.0,1.0,0.14
ofsetni papir 170 g,200 dot,166,81.0,100.0,0.0,25.0,25.0,55.0,11.0,25.0,53.0,12.0,0.17
ofsetni papir 170 g,200 dot,167,100.0,0.0,0.0,25.0,43.0,15.0,-31.0,43.0,22.0,-31.0,0.2
ofsetni papir 170 g,200 dot,168,100.0,31.0,0.0,25.0,37.0,26.0,-20.0,36.0,95.0,-20.0,0.43
ofsetni papir 170 g,200 dot,169,100.0,72.0,0.0,25.0,28.0,53.0,-5.0,27.0,70.0,-4.0,0.67
ofsetni papir 170 g,200 dot,170,100.0,100.0,0.0,25.0,23.0,99.0,4.0,24.0,22.0,4.0,0.25
ofsetni papir 170 g,200 dot,171,0.0,0.0,31.0,25.0,71.0,37.0,-1.0,71.0,39.0,-1.0,0.41
ofsetni papir 170 g,200 dot,172,0.0,31.0,31.0,25.0,62.0,39.0,9.0,62.0,33.0,9.0,0.6
ofsetni papir 170 g,200 dot,173,0.0,72.0,31.0,25.0,47.0,64.0,29.0,46.0,98.0,30.0,0.84
ofsetni papir 170 g,200 dot,174,0.0,100.0,31.0,25.0,38.0,14.0,46.0,37.0,44.0,46.0,0.68
ofsetni papir 170 g,200 dot,175,21.0,0.0,31.0,25.0,65.0,42.0,-6.0,65.0,49.0,-6.0,0.63
ofsetni papir 170 g,200 dot,176,21.0,31.0,31.0,25.0,54.0,25.0,4.0,53.0,92.0,4.0,0.68
ofsetni papir 170 g,200 dot,177,21.0,72.0,31.0,25.0,41.0,42.0,24.0,41.0,69.0,24.0,0.3
ofsetni papir 170 g,200 dot,178,21.0,100.0,31.0,25.0,34.0,80.0,38.0,34.0,70.0,38.0,0.19
ofsetni papir 170 g,200 dot,179,52.0,0.0,31.0,25.0,56.0,1.0,-15.0,56.0,26.0,-15.0,0.28
ofsetni papir 170 g,200 dot,180,52.0,31.0,31.0,25.0,44.0,73.0,-5.0,45.0,18.0,-4.0,0.48
ofsetni papir 170 g,200 dot,181,52.0,72.0,31.0,25.0,34.0,39.0,12.0,33.0,4.0,12.0,1.12
ofsetni papir 170 g,200 dot,182,52.0,100.0,31.0,25.0,27.0,86.0,24.0,27.0,45.0,24.0,0.34
ofsetni papir 170 g,200 dot,183,81.0,0.0,31.0,25.0,45.0,83.0,-27.0,45.0,45.0,-27.0,0.37
ofsetni papir 170 g,200 dot,184,81.0,31.0,31.0,25.0,37.0,9.0,-15.0,36.0,74.0,-16.0,0.46
ofsetni papir 170 g,200 dot,185,81.0,72.0,31.0,25.0,27.0,31.0,1.0,27.0,27.0,1.0,0.33
ofsetni papir 170 g,200 dot,186,81.0,100.0,31.0,25.0,23.0,50.0,8.0,22.0,96.0,9.0,0.79
ofsetni papir 170 g,200 dot,187,100.0,0.0,31.0,25.0,40.0,17.0,-35.0,39.0,87.0,-35.0,0.34
ofsetni papir 170 g,200 dot,188,100.0,31.0,31.0,25.0,33.0,83.0,-23.0,33.0,88.0,-22.0,0.28
ofsetni papir 170 g,200 dot,189,100.0,72.0,31.0,25.0,23.0,93.0,-5.0,24.0,51.0,-5.0,0.44
ofsetni papir 170 g,200 dot,190,100.0,100.0,31.0,25.0,21.0,25.0,1.0,21.0,34.0,2.0,0.9
ofsetni papir 170 g,200 dot,191,0.0,0.0,72.0,25.0,68.0,51.0,-2.0,68.0,20.0,-1.0,0.52
ofsetni papir 170 g,200 dot,192,0.0,31.0,72.0,25.0,58.0,93.0,8.0,58.0,65.0,9.0,0.36
ofsetni papir 170 g,200 dot,193,0.0,72.0,72.0,25.0,45.0,96.0,28.0,45.0,58.0,29.0,0.52
ofsetni papir 170 g,200 dot,194,0.0,100.0,72.0,25.0,37.0,5.0,43.0,36.0,82.0,45.0,0.63
ofsetni papir 170 g,200 dot,195,21.0,0.0,72.0,25.0,61.0,38.0,-7.0,61.0,89.0,-7.0,0.5
ofsetni papir 170 g,200 dot,196,21.0,31.0,72.0,25.0,52.0,34.0,3.0,51.0,44.0,3.0,1.06
ofsetni papir 170 g,200 dot,197,21.0,72.0,72.0,25.0,42.0,60.0,21.0,40.0,25.0,22.0,2.2
ofsetni papir 170 g,200 dot,198,21.0,100.0,72.0,25.0,34.0,36.0,34.0,33.0,55.0,35.0,0.74
ofsetni papir 170 g,200 dot,199,52.0,0.0,72.0,25.0,53.0,65.0,-18.0,53.0,15.0,-17.0,0.51
ofsetni papir 170 g,200 dot,200,52.0,31.0,72.0,25.0,43.0,49.0,-6.0,42.0,73.0,-6.0,0.71
ofsetni papir 170 g,200 dot,201,52.0,72.0,72.0,25.0,32.0,55.0,10.0,31.0,70.0,11.0,0.94
ofsetni papir 170 g,200 dot,202,52.0,100.0,72.0,25.0,26.0,75.0,20.0,26.0,5.0,21.0,0.78
ofsetni papir 170 g,200 dot,203,81.0,0.0,72.0,25.0,43.0,76.0,-31.0,43.0,68.0,-31.0,0.22
ofsetni papir 170 g,200 dot,204,81.0,31.0,72.0,25.0,35.0,69.0,-18.0,35.0,44.0,-18.0,0.82
ofsetni papir 170 g,200 dot,205,81.0,72.0,72.0,25.0,23.0,74.0,-0.0,24.0,29.0,-0.0,0.44
ofsetni papir 170 g,200 dot,206,81.0,100.0,72.0,25.0,20.0,59.0,7.0,21.0,29.0,7.0,0.5
ofsetni papir 170 g,200 dot,207,100.0,0.0,72.0,25.0,39.0,41.0,-40.0,39.0,75.0,-40.0,0.3
ofsetni papir 170 g,200 dot,208,100.0,31.0,72.0,25.0,32.0,24.0,-27.0,32.0,85.0,-27.0,0.49
ofsetni papir 170 g,200 dot,209,100.0,72.0,72.0,25.0,22.0,79.0,-7.0,23.0,11.0,-7.0,0.29
ofsetni papir 170 g,200 dot,210,100.0,100.0,72.0,25.0,18.0,42.0,0.0,19.0,14.0,0.0,0.5
ofsetni papir 170 g,200 dot,211,0.0,0.0,100.0,25.0,68.0,44.0,-2.0,67.0,33.0,-2.0,0.93
ofsetni papir 170 g,200 dot,212,0.0,31.0,100.0,25.0,60.0,31.0,8.0,58.0,77.0,8.0,1.43
ofsetni papir 170 g,200 dot,213,0.0,72.0,100.0,25.0,46.0,12.0,28.0,45.0,24.0,29.0,1.64
ofsetni papir 170 g,200 dot,214,0.0,100.0,100.0,25.0,37.0,78.0,43.0,36.0,70.0,44.0,1.05
ofsetni papir 170 g,200 dot,215,21.0,0.0,100.0,25.0,62.0,38.0,-7.0,61.0,57.0,-7.0,0.7
ofsetni papir 170 g,200 dot,216,21.0,31.0,100.0,25.0,53.0,9.0,2.0,51.0,43.0,2.0,1.7
ofsetni papir 170 g,200 dot,217,21.0,72.0,100.0,25.0,40.0,58.0,21.0,39.0,30.0,23.0,1.78
ofsetni papir 170 g,200 dot,218,21.0,100.0,100.0,25.0,33.0,28.0,34.0,32.0,48.0,35.0,0.8
ofsetni papir 170 g,200 dot,219,52.0,0.0,100.0,25.0,51.0,99.0,-19.0,52.0,12.0,-18.0,0.59
ofsetni papir 170 g,200 dot,220,52.0,31.0,100.0,25.0,42.0,4.0,-7.0,42.0,19.0,-7.0,0.48
ofsetni papir 170 g,200 dot,221,52.0,72.0,100.0,25.0,31.0,8.0,9.0,31.0,41.0,9.0,0.36
ofsetni papir 170 g,200 dot,222,52.0,100.0,100.0,25.0,26.0,79.0,19.0,27.0,12.0,20.0,0.5
ofsetni papir 170 g,200 dot,223,81.0,0.0,100.0,25.0,42.0,49.0,-33.0,42.0,59.0,-33.0,0.24
ofsetni papir 170 g,200 dot,224,81.0,31.0,100.0,25.0,35.0,41.0,-20.0,35.0,25.0,-20.0,0.56
ofsetni papir 170 g,200 dot,225,81.0,72.0,100.0,25.0,27.0,68.0,-2.0,24.0,84.0,-2.0,2.13
ofsetni papir 170 g,200 dot,226,81.0,100.0,100.0,25.0,22.0,39.0,6.0,20.0,48.0,6.0,1.37
ofsetni papir 170 g,200 dot,227,100.0,0.0,100.0,25.0,38.0,56.0,-43.0,38.0,7.0,-43.0,0.55
ofsetni papir 170 g,200 dot,228,100.0,31.0,100.0,25.0,31.0,76.0,-28.0,31.0,33.0,-28.0,0.35
ofsetni papir 170 g,200 dot,229,100.0,72.0,100.0,25.0,24.0,17.0,-8.0,23.0,30.0,-8.0,0.64
ofsetni papir 170 g,200 dot,230,100.0,100.0,100.0,25.0,19.0,31.0,-0.0,17.0,81.0,-0.0,1.11
ofsetni papir 170 g,200 dot,231,0.0,0.0,0.0,60.0,42.0,36.0,-0.0,41.0,68.0,-0.0,0.61
ofsetni papir 170 g,200 dot,232,0.0,31.0,0.0,60.0,40.0,9.0,6.0,39.0,40.0,6.0,1.15
ofsetni papir 170 g,200 dot,233,0.0,72.0,0.0,60.0,29.0,99.0,20.0,30.0,14.0,20.0,0.27
ofsetni papir 170 g,200 dot,234,0.0,100.0,0.0,60.0,26.0,7.0,28.0,25.0,53.0,28.0,0.51
ofsetni papir 170 g,200 dot,235,31.0,0.0,0.0,60.0,40.0,99.0,-5.0,41.0,2.0,-5.0,0.16
ofsetni papir 170 g,200 dot,236,31.0,31.0,0.0,60.0,34.0,61.0,1.0,34.0,47.0,1.0,0.63
ofsetni papir 170 g,200 dot,237,31.0,72.0,0.0,60.0,26.0,34.0,12.0,26.0,18.0,13.0,0.58
ofsetni papir 170 g,200 dot,238,31.0,100.0,0.0,60.0,22.0,16.0,21.0,21.0,88.0,21.0,0.35
ofsetni papir 170 g,200 dot,239,72.0,0.0,0.0,60.0,32.0,65.0,-14.0,31.0,79.0,-14.0,0.69
ofsetni papir 170 g,200 dot,240,72.0,31.0,0.0,60.0,28.0,5.0,-7.0,27.0,82.0,-7.0,0.22
ofsetni papir 170 g,200 dot,241,72.0,72.0,0.0,60.0,21.0,74.0,3.0,21.0,58.0,3.0,0.42
ofsetni papir 170 g,200 dot,242,72.0,100.0,0.0,60.0,18.0,80.0,9.0,18.0,78.0,9.0,0.47
ofsetni papir 170 g,200 dot,243,100.0,0.0,0.0,60.0,28.0,51.0,-18.0,27.0,74.0,-18.0,0.62
ofsetni papir 170 g,200 dot,244,100.0,31.0,0.0,60.0,24.0,15.0,-11.0,23.0,80.0,-11.0,0.37
ofsetni papir 170 g,200 dot,245,100.0,72.0,0.0,60.0,20.0,28.0,-1.0,19.0,65.0,-1.0,0.63
ofsetni papir 170 g,200 dot,246,100.0,100.0,0.0,60.0,17.0,87.0,2.0,17.0,65.0,2.0,0.52
ofsetni papir 170 g,200 dot,247,0.0,0.0,31.0,60.0,45.0,18.0,-1.0,44.0,92.0,-1.0,0.71
ofsetni papir 170 g,200 dot,248,0.0,31.0,31.0,60.0,37.0,96.0,5.0,37.0,99.0,6.0,0.55
ofsetni papir 170 g,200 dot,249,0.0,72.0,31.0,60.0,29.0,99.0,19.0,30.0,35.0,19.0,0.49
ofsetni papir 170 g,200 dot,250,0.0,100.0,31.0,60.0,25.0,8.0,26.0,25.0,77.0,27.0,0.72
ofsetni papir 170 g,200 dot,251,31.0,0.0,31.0,60.0,38.0,5.0,-6.0,38.0,42.0,-6.0,0.39
ofsetni papir 170 g,200 dot,252,31.0,31.0,31.0,60.0,32.0,0.0,0.0,31.0,86.0,0.0,0.42
ofsetni papir 170 g,200 dot,253,31.0,72.0,31.0,60.0,26.0,8.0,12.0,25.0,79.0,12.0,0.34
ofsetni papir 170 g,200 dot,254,31.0,100.0,31.0,60.0,21.0,62.0,19.0,21.0,91.0,19.0,0.41
ofsetni papir 170 g,200 dot,255,72.0,0.0,31.0,60.0,31.0,12.0,-15.0,31.0,39.0,-15.0,0.34
ofsetni papir 170 g,200 dot,256,72.0,31.0,31.0,60.0,25.0,41.0,-7.0,26.0,8.0,-7.0,0.51
ofsetni papir 170 g,200 dot,257,72.0,72.0,31.0,60.0,20.0,92.0,2.0,20.0,5.0,2.0,0.7
ofsetni papir 170 g,200 dot,258,72.0,100.0,31.0,60.0,17.0,99.0,7.0,17.0,90.0,7.0,0.59
ofsetni papir 170 g,200 dot,259,100.0,0.0,31.0,60.0,27.0,34.0,-20.0,27.0,1.0,-21.0,0.54
ofsetni papir 170 g,200 dot,260,100.0,31.0,31.0,60.0,23.0,1.0,-12.0,22.0,91.0,-13.0,0.25
ofsetni papir 170 g,200 dot,261,100.0,72.0,31.0,60.0,18.0,39.0,-2.0,18.0,25.0,-2.0,0.44
ofsetni papir 170 g,200 dot,262,100.0,100.0,31.0,60.0,15.0,94.0,1.0,16.0,29.0,1.0,0.34
ofsetni papir 170 g,200 dot,263,0.0,0.0,72.0,60.0,43.0,53.0,-2.0,43.0,67.0,-2.0,0.35
ofsetni papir 170 g,200 dot,264,0.0,31.0,72.0,60.0,37.0,90.0,4.0,38.0,44.0,4.0,0.68
ofsetni papir 170 g,200 dot,265,0.0,72.0,72.0,60.0,29.0,38.0,16.0,29.0,44.0,17.0,0.31
ofsetni papir 170 g,200 dot,266,0.0,100.0,72.0,60.0,24.0,20.0,24.0,24.0,1.0,24.0,0.23
ofsetni papir 170 g,200 dot,267,31.0,0.0,72.0,60.0,37.0,55.0,-7.0,37.0,43.0,-7.0,0.35
ofsetni papir 170 g,200 dot,268,31.0,31.0,72.0,60.0,31.0,18.0,-0.0,31.0,64.0,-1.0,0.38
ofsetni papir 170 g,200 dot,269,31.0,72.0,72.0,60.0,25.0,65.0,10.0,25.0,78.0,11.0,0.36
ofsetni papir 170 g,200 dot,270,31.0,100.0,72.0,60.0,21.0,46.0,16.0,21.0,80.0,17.0,0.38
ofsetni papir 170 g,200 dot,271,72.0,0.0,72.0,60.0,28.0,97.0,-17.0,28.0,96.0,-17.0,0.23
ofsetni papir 170 g,200 dot,272,72.0,31.0,72.0,60.0,25.0,72.0,-9.0,24.0,88.0,-9.0,0.93
ofsetni papir 170 g,200 dot,273,72.0,72.0,72.0,60.0,19.0,55.0,0.0,19.0,76.0,1.0,0.35
ofsetni papir 170 g,200 dot,274,72.0,100.0,72.0,60.0,17.0,17.0,5.0,16.0,79.0,6.0,0.57
ofsetni papir 170 g,200 dot,275,100.0,0.0,72.0,60.0,25.0,66.0,-23.0,25.0,75.0,-23.0,0.5
ofsetni papir 170 g,200 dot,276,100.0,31.0,72.0,60.0,21.0,98.0,-14.0,22.0,25.0,-14.0,0.45
ofsetni papir 170 g,200 dot,277,100.0,72.0,72.0,60.0,17.0,21.0,-3.0,17.0,31.0,-3.0,0.2
ofsetni papir 170 g,200 dot,278,100.0,100.0,72.0,60.0,14.0,29.0,0.0,13.0,46.0,0.0,0.73
ofsetni papir 170 g,200 dot,279,0.0,0.0,100.0,60.0,42.0,64.0,-3.0,42.0,40.0,-3.0,0.26
ofsetni papir 170 g,200 dot,280,0.0,31.0,100.0,60.0,36.0,29.0,3.0,35.0,98.0,3.0,0.42
ofsetni papir 170 g,200 dot,281,0.0,72.0,100.0,60.0,29.0,9.0,15.0,28.0,74.0,15.0,0.41
ofsetni papir 170 g,200 dot,282,0.0,100.0,100.0,60.0,24.0,63.0,22.0,24.0,59.0,22.0,0.23
ofsetni papir 170 g,200 dot,283,31.0,0.0,100.0,60.0,37.0,68.0,-9.0,37.0,49.0,-8.0,0.18
ofsetni papir 170 g,200 dot,284,31.0,31.0,100.0,60.0,32.0,66.0,-1.0,32.0,19.0,-1.0,0.44
ofsetni papir 170 g,200 dot,285,31.0,72.0,100.0,60.0,25.0,95.0,8.0,25.0,69.0,9.0,0.31
ofsetni papir 170 g,200 dot,286,31.0,100.0,100.0,60.0,21.0,52.0,15.0,21.0,24.0,16.0,0.46
ofsetni papir 170 g,200 dot,287,72.0,0.0,100.0,60.0,28.0,78.0,-19.0,28.0,96.0,-19.0,0.38
ofsetni papir 170 g,200 dot,288,72.0,31.0,100.0,60.0,25.0,14.0,-10.0,25.0,12.0,-10.0,0.74
ofsetni papir 170 g,200 dot,289,72.0,72.0,100.0,60.0,19.0,68.0,-0.0,19.0,95.0,-0.0,0.31
ofsetni papir 170 g,200 dot,290,72.0,100.0,100.0,60.0,17.0,69.0,4.0,17.0,55.0,4.0,0.38
ofsetni papir 170 g,200 dot,291,100.0,0.0,100.0,60.0,24.0,37.0,-24.0,24.0,85.0,-25.0,0.59
ofsetni papir 170 g,200 dot,292,100.0,31.0,100.0,60.0,22.0,9.0,-16.0,21.0,96.0,-16.0,0.43
ofsetni papir 170 g,200 dot,293,100.0,72.0,100.0,60.0,16.0,55.0,-5.0,16.0,80.0,-4.0,0.44
ofsetni papir 170 g,200 dot,294,100.0,100.0,100.0,60.0,14.0,5.0,-0.0,14.0,57.0,-0.0,0.39
ofsetni papir 170 g,200 dot,295,0.0,0.0,0.0,88.0,22.0,43.0,-0.0,22.0,45.0,-0.0,0.1
ofsetni papir 170 g,200 dot,296,0.0,52.0,0.0,88.0,19.0,84.0,6.0,19.0,7.0,6.0,0.58
ofsetni papir 170 g,200 dot,297,0.0,100.0,0.0,88.0,16.0,86.0,12.0,16.0,47.0,12.0,0.43
ofsetni papir 170 g,200 dot,298,31.0,0.0,0.0,88.0,21.0,48.0,-2.0,20.0,96.0,-2.0,0.39
ofsetni papir 170 g,200 dot,299,31.0,52.0,0.0,88.0,17.0,82.0,3.0,18.0,3.0,3.0,0.32
ofsetni papir 170 g,200 dot,300,31.0,100.0,0.0,88.0,15.0,17.0,8.0,15.0,4.0,9.0,0.29
ofsetni papir 170 g,200 dot,301,72.0,0.0,0.0,88.0,19.0,18.0,-5.0,18.0,19.0,-5.0,0.88
ofsetni papir 170 g,200 dot,302,72.0,52.0,0.0,88.0,15.0,66.0,0.0,15.0,87.0,0.0,0.28
ofsetni papir 170 g,200 dot,303,72.0,100.0,0.0,88.0,13.0,95.0,4.0,14.0,1.0,4.0,0.2
ofsetni papir 170 g,200 dot,304,100.0,0.0,0.0,88.0,17.0,54.0,-6.0,18.0,23.0,-6.0,0.48
ofsetni papir 170 g,200 dot,305,100.0,52.0,0.0,88.0,14.0,97.0,-1.0,14.0,96.0,-0.0,0.13
ofsetni papir 170 g,200 dot,306,100.0,100.0,0.0,88.0,14.0,10.0,2.0,14.0,83.0,2.0,0.51
ofsetni papir 170 g,200 dot,307,0.0,0.0,52.0,88.0,24.0,20.0,-1.0,23.0,29.0,-1.0,0.66
ofsetni papir 170 g,200 dot,308,0.0,52.0,52.0,88.0,19.0,17.0,4.0,19.0,11.0,4.0,0.14
ofsetni papir 170 g,200 dot,309,0.0,100.0,52.0,88.0,17.0,41.0,10.0,17.0,49.0,10.0,0.4
ofsetni papir 170 g,200 dot,310,31.0,0.0,52.0,88.0,22.0,22.0,-4.0,21.0,94.0,-4.0,0.2
ofsetni papir 170 g,200 dot,311,31.0,52.0,52.0,88.0,17.0,55.0,1.0,16.0,99.0,2.0,0.45
ofsetni papir 170 g,200 dot,312,31.0,100.0,52.0,88.0,16.0,18.0,6.0,15.0,70.0,6.0,0.48
ofsetni papir 170 g,200 dot,313,72.0,0.0,52.0,88.0,18.0,0.0,-7.0,18.0,40.0,-7.0,0.35
ofsetni papir 170 g,200 dot,314,72.0,52.0,52.0,88.0,14.0,24.0,-0.0,14.0,64.0,-0.0,0.36
ofsetni papir 170 g,200 dot,315,72.0,100.0,52.0,88.0,13.0,43.0,2.0,13.0,53.0,2.0,0.21
ofsetni papir 170 g,200 dot,316,100.0,0.0,52.0,88.0,17.0,33.0,-7.0,16.0,85.0,-8.0,0.82
ofsetni papir 170 g,200 dot,317,100.0,52.0,52.0,88.0,13.0,34.0,-1.0,13.0,65.0,-2.0,0.74
ofsetni papir 170 g,200 dot,318,100.0,100.0,52.0,88.0,13.0,18.0,0.0,13.0,79.0,0.0,0.4
ofsetni papir 170 g,200 dot,319,0.0,0.0,100.0,88.0,24.0,78.0,-3.0,24.0,39.0,-3.0,0.63
ofsetni papir 170 g,200 dot,320,0.0,52.0,100.0,88.0,20.0,25.0,2.0,19.0,35.0,2.0,0.69
ofsetni papir 170 g,200 dot,321,0.0,100.0,100.0,88.0,18.0,11.0,7.0,17.0,29.0,7.0,0.59
ofsetni papir 170 g,200 dot,322,31.0,0.0,100.0,88.0,21.0,43.0,-4.0,21.0,12.0,-4.0,0.22
ofsetni papir 170 g,200 dot,323,31.0,52.0,100.0,88.0,17.0,93.0,0.0,18.0,84.0,0.0,0.71
ofsetni papir 170 g,200 dot,324,31.0,100.0,100.0,88.0,16.0,20.0,4.0,16.0,95.0,4.0,0.57
ofsetni papir 170 g,200 dot,325,72.0,0.0,100.0,88.0,18.0,77.0,-8.0,18.0,59.0,-8.0,0.19
ofsetni papir 170 g,200 dot,326,72.0,52.0,100.0,88.0,15.0,82.0,-2.0,15.0,29.0,-2.0,0.4
ofsetni papir 170 g,200 dot,327,72.0,100.0,100.0,88.0,15.0,51.0,0.0,14.0,83.0,1.0,0.59
ofsetni papir 170 g,200 dot,328,100.0,0.0,100.0,88.0,17.0,75.0,-9.0,17.0,59.0,-9.0,0.26
ofsetni papir 170 g,200 dot,329,100.0,52.0,100.0,88.0,14.0,29.0,-2.0,14.0,31.0,-2.0,0.2
ofsetni papir 170 g,200 dot,330,100.0,100.0,100.0,88.0,14.0,36.0,-0.0,14.0,93.0,-0.0,0.4
ofsetni papir 170 g,200 dot,331,0.0,0.0,0.0,100.0,15.0,77.0,-0.0,15.0,91.0,-0.0,0.3
ofsetni papir 170 g,200 dot,332,0.0,52.0,0.0,100.0,14.0,2.0,2.0,14.0,38.0,2.0,0.33
ofsetni papir 170 g,200 dot,333,0.0,100.0,0.0,100.0,14.0,48.0,3.0,13.0,4.0,4.0,0.99
ofsetni papir 170 g,200 dot,334,52.0,0.0,0.0,100.0,13.0,60.0,-0.0,13.0,2.0,-0.0,0.49
ofsetni papir 170 g,200 dot,335,52.0,52.0,0.0,100.0,13.0,20.0,1.0,13.0,16.0,1.0,0.25
ofsetni papir 170 g,200 dot,336,52.0,100.0,0.0,100.0,11.0,92.0,3.0,12.0,66.0,3.0,0.52
ofsetni papir 170 g,200 dot,337,100.0,0.0,0.0,100.0,14.0,80.0,-2.0,14.0,86.0,-2.0,0.04
ofsetni papir 170 g,200 dot,338,100.0,52.0,0.0,100.0,13.0,0.0,0.0,12.0,58.0,0.0,0.68
ofsetni papir 170 g,200 dot,339,100.0,100.0,0.0,100.0,13.0,39.0,1.0,13.0,40.0,1.0,0.34
ofsetni papir 170 g,200 dot,340,0.0,0.0,52.0,100.0,15.0,16.0,-1.0,15.0,70.0,-1.0,0.42
ofsetni papir 170 g,200 dot,341,0.0,52.0,52.0,100.0,15.0,88.0,1.0,14.0,94.0,1.0,0.63
ofsetni papir 170 g,200 dot,342,0.0,100.0,52.0,100.0,14.0,4.0,3.0,14.0,21.0,2.0,0.34
ofsetni papir 170 g,200 dot,343,52.0,0.0,52.0,100.0,14.0,70.0,-2.0,13.0,93.0,-2.0,0.53
ofsetni papir 170 g,200 dot,344,52.0,52.0,52.0,100.0,13.0,89.0,-0.0,15.0,10.0,-0.0,0.83
ofsetni papir 170 g,200 dot,345,52.0,100.0,52.0,100.0,14.0,5.0,1.0,14.0,37.0,1.0,0.25
ofsetni papir 170 g,200 dot,346,100.0,0.0,52.0,100.0,13.0,91.0,-2.0,14.0,13.0,-2.0,0.58
ofsetni papir 170 g,200 dot,347,100.0,52.0,52.0,100.0,14.0,4.0,-1.0,13.0,68.0,-0.0,0.4
ofsetni papir 170 g,200 dot,348,100.0,100.0,52.0,100.0,14.0,87.0,1.0,14.0,62.0,0.0,4.33
ofsetni papir 170 g,200 dot,349,0.0,0.0,100.0,100.0,14.0,87.0,-2.0,14.0,82.0,-2.0,0.05
ofsetni papir 170 g,200 dot,350,0.0,52.0,100.0,100.0,14.0,28.0,0.0,15.0,29.0,0.0,0.67
ofsetni papir 170 g,200 dot,351,0.0,100.0,100.0,100.0,14.0,97.0,2.0,14.0,61.0,2.0,0.3
ofsetni papir 170 g,200 dot,352,52.0,0.0,100.0,100.0,15.0,51.0,-3.0,15.0,0.0,-3.0,0.48
ofsetni papir 170 g,200 dot,353,52.0,52.0,100.0,100.0,15.0,8.0,-0.0,14.0,50.0,-0.0,0.39
ofsetni papir 170 g,200 dot,354,52.0,100.0,100.0,100.0,14.0,43.0,0.0,14.0,55.0,1.0,0.22
ofsetni papir 170 g,200 dot,355,100.0,0.0,100.0,100.0,15.0,59.0,-4.0,15.0,6.0,-4.0,0.66
ofsetni papir 170 g,200 dot,356,100.0,52.0,100.0,100.0,14.0,41.0,-2.0,14.0,8.0,-1.0,0.45
ofsetni papir 170 g,200 dot,357,100.0,100.0,100.0,100.0,15.0,6.0,-0.0,14.0,71.0,-0.0,0.47
ofsetni papir 170 g,200 dot,358,5.0,0.0,0.0,0.0,92.0,42.0,-0.0,92.0,46.0,-0.0,0.53
ofsetni papir 170 g,200 dot,359,28.0,0.0,0.0,0.0,83.0,37.0,-8.0,83.0,55.0,-8.0,0.49
ofsetni papir 170 g,200 dot,360,95.0,0.0,0.0,0.0,53.0,76.0,-33.0,53.0,65.0,-33.0,0.15
ofsetni papir 170 g,200 dot,361,0.0,4.0,0.0,0.0,93.0,40.0,1.0,93.0,17.0,1.0,0.2
ofsetni papir 170 g,200 dot,362,0.0,11.0,0.0,0.0,90.0,58.0,2.0,90.0,13.0,2.0,0.77
ofsetni papir 170 g,200 dot,363,0.0,93.0,0.0,0.0,49.0,91.0,56.0,48.0,89.0,57.0,1.09
ofsetni papir 170 g,200 dot,364,0.0,0.0,4.0,0.0,93.0,97.0,0.0,93.0,72.0,0.0,0.17
ofsetni papir 170 g,200 dot,365,0.0,0.0,11.0,0.0,93.0,21.0,-0.0,92.0,81.0,-0.0,0.53
ofsetni papir 170 g,200 dot,366,0.0,0.0,93.0,0.0,86.0,76.0,-3.0,86.0,70.0,-3.0,0.62
ofsetni papir 170 g,200 dot,367,0.0,0.0,0.0,4.0,89.0,0.0,0.0,88.0,59.0,0.0,0.27
ofsetni papir 170 g,200 dot,368,0.0,0.0,0.0,13.0,80.0,56.0,0.0,80.0,65.0,0.0,0.11
ofsetni papir 170 g,200 dot,369,0.0,0.0,0.0,95.0,17.0,81.0,-0.0,17.0,56.0,-0.0,0.17
ofsetni papir 170 g,200 dot,370,9.0,7.0,7.0,0.0,85.0,42.0,0.0,85.0,59.0,0.0,0.22
ofsetni papir 170 g,200 dot,371,19.0,15.0,15.0,0.0,74.0,89.0,-0.0,75.0,59.0,0.0,0.66
ofsetni papir 170 g,200 dot,372,29.0,23.0,23.0,0.0,67.0,15.0,-0.0,67.0,12.0,0.0,0.51
ofsetni papir 170 g,200 dot,373,39.0,31.0,31.0,0.0,57.0,62.0,-0.0,57.0,27.0,-0.0,0.42
ofsetni papir 170 g,200 dot,374,49.0,39.0,39.0,4.0,45.0,30.0,-0.0,46.0,68.0,-0.0,1.39
ofsetni papir 170 g,200 dot,375,59.0,47.0,47.0,16.0,36.0,6.0,-1.0,36.0,7.0,-1.0,0.35
ofsetni papir 170 g,200 dot,376,69.0,55.0,55.0,31.0,28.0,19.0,-1.0,27.0,11.0,-1.0,1.3
ofsetni papir 170 g,200 dot,377,79.0,63.0,63.0,48.0,22.0,42.0,-2.0,21.0,72.0,-2.0,0.6
ofsetni papir 170 g,200 dot,378,89.0,71.0,71.0,72.0,15.0,81.0,-1.0,16.0,36.0,-1.0,0.51
ofsetni papir 170 g,200 dot,379,99.0,79.0,79.0,100.0,15.0,79.0,-0.0,15.0,38.0,-0.0,0.3
ofsetni papir 170 g,200 dot,380,9.0,7.0,7.0,0.0,85.0,47.0,0.0,85.0,99.0,0.0,0.35
ofsetni papir 170 g,200 dot,381,18.0,14.0,14.0,0.0,76.0,90.0,-0.0,76.0,61.0,-0.0,0.37
ofsetni papir 170 g,200 dot,382,27.0,21.0,21.0,0.0,68.0,47.0,-0.0,68.0,19.0,-0.0,0.34
ofsetni papir 170 g,200 dot,383,36.0,29.0,29.0,0.0,59.0,64.0,-0.0,59.0,32.0,-0.0,0.5
ofsetni papir 170 g,200 dot,384,45.0,36.0,36.0,0.0,51.0,87.0,-0.0,51.0,88.0,-0.0,0.21
ofsetni papir 170 g,200 dot,385,54.0,43.0,43.0,0.0,44.0,71.0,-0.0,45.0,51.0,-0.0,0.8
ofsetni papir 170 g,200 dot,386,63.0,50.0,50.0,0.0,37.0,95.0,-1.0,37.0,33.0,-1.0,0.73
ofsetni papir 170 g,200 dot,387,72.0,58.0,58.0,0.0,33.0,96.0,-2.0,33.0,39.0,-2.0,0.48
ofsetni papir 170 g,200 dot,388,81.0,65.0,65.0,2.0,29.0,34.0,-4.0,29.0,77.0,-4.0,0.39
ofsetni papir 170 g,200 dot,389,90.0,72.0,72.0,49.0,20.0,21.0,-3.0,19.0,97.0,-3.0,0.42
ofsetni papir 170 g,200 dot,390,24.0,19.0,19.0,11.0,64.0,20.0,-0.0,64.0,43.0,-0.0,0.31
ofsetni papir 170 g,200 dot,391,49.0,39.0,39.0,30.0,35.0,62.0,-0.0,36.0,41.0,-0.0,0.8
ofsetni papir 170 g,200 dot,392,74.0,59.0,59.0,59.0,21.0,76.0,-1.0,21.0,57.0,-1.0,0.17
ofsetni papir 170 g,200 dot,393,28.0,0.0,0.0,0.0,83.0,77.0,-8.0,83.0,0.0,-8.0,0.62
ofsetni papir 170 g,200 dot,394,64.0,0.0,0.0,0.0,64.0,53.0,-25.0,64.0,12.0,-25.0,0.41
ofsetni papir 170 g,200 dot,395,0.0,21.0,0.0,0.0,86.0,93.0,6.0,86.0,38.0,7.0,0.72
ofsetni papir 170 g,200 dot,396,0.0,52.0,0.0,0.0,72.0,12.0,23.0,71.0,22.0,25.0,1.04
ofsetni papir 170 g,200 dot,397,0.0,0.0,21.0,0.0,92.0,45.0,-0.0,92.0,30.0,-0.0,0.61
ofsetni papir 170 g,200 dot,398,0.0,0.0,52.0,0.0,90.0,2.0,-3.0,89.0,94.0,-2.0,0.34
ofsetni papir 170 g,200 dot,399,0.0,0.0,0.0,25.0,70.0,38.0,0.0,70.0,85.0,0.0,0.38
ofsetni papir 170 g,200 dot,400,0.0,0.0,0.0,60.0,40.0,44.0,-0.0,38.0,36.0,-0.0,1.83
ofsetni papir 170 g,200 line,1,0.0,0.0,0.0,0.0,94.0,8.0,0.0,93.0,80.0,0.0,0.32
ofsetni papir 170 g,200 line,2,0.0,21.0,0.0,0.0,84.0,58.0,8.0,86.0,4.0,7.0,1.86
ofsetni papir 170 g,200 line,3,0.0,52.0,0.0,0.0,70.0,61.0,23.0,71.0,45.0,22.0,0.78
ofsetni papir 170 g,200 line,4,0.0,81.0,0.0,0.0,57.0,24.0,42.0,58.0,25.0,41.0,1.2
ofsetni papir 170 g,200 line,5,0.0,100.0,0.0,0.0,47.0,84.0,59.0,47.0,97.0,59.0,0.25
ofsetni papir 170 g,200 line,6,16.0,0.0,0.0,0.0,87.0,11.0,-4.0,87.0,34.0,-3.0,0.25
ofsetni papir 170 g,200 line,7,16.0,21.0,0.0,0.0,78.0,83.0,3.0,80.0,67.0,2.0,2.13
ofsetni papir 170 g,200 line,8,16.0,52.0,0.0,0.0,65.0,51.0,19.0,66.0,95.0,18.0,1.64
ofsetni papir 170 g,200 line,9,16.0,81.0,0.0,0.0,51.0,80.0,36.0,54.0,95.0,33.0,3.28
ofsetni papir 170 g,200 line,10,16.0,100.0,0.0,0.0,43.0,51.0,53.0,44.0,0.0,53.0,0.46
ofsetni papir 170 g,200 line,11,39.0,0.0,0.0,0.0,77.0,96.0,-10.0,78.0,23.0,-11.0,0.4
ofsetni papir 170 g,200 line,12,39.0,21.0,0.0,0.0,71.0,70.0,-3.0,71.0,69.0,-5.0,1.73
ofsetni papir 170 g,200 line,13,39.0,52.0,0.0,0.0,58.0,93.0,10.0,58.0,26.0,8.0,2.34
ofsetni papir 170 g,200 line,14,39.0,81.0,0.0,0.0,46.0,30.0,26.0,48.0,52.0,23.0,2.83
ofsetni papir 170 g,200 line,15,39.0,100.0,0.0,0.0,40.0,21.0,41.0,38.0,60.0,41.0,1.46
ofsetni papir 170 g,200 line,16,64.0,0.0,0.0,0.0,68.0,7.0,-20.0,68.0,78.0,-19.0,0.77
ofsetni papir 170 g,200 line,17,64.0,21.0,0.0,0.0,61.0,50.0,-13.0,63.0,43.0,-13.0,1.72
ofsetni papir 170 g,200 line,18,64.0,52.0,0.0,0.0,50.0,57.0,-1.0,51.0,85.0,0.0,1.83
ofsetni papir 170 g,200 line,19,64.0,81.0,0.0,0.0,40.0,57.0,13.0,43.0,19.0,12.0,2.54
ofsetni papir 170 g,200 line,20,64.0,100.0,0.0,0.0,34.0,20.0,25.0,35.0,37.0,27.0,1.64
ofsetni papir 170 g,200 line,21,85.0,0.0,0.0,0.0,58.0,40.0,-29.0,58.0,90.0,-29.0,0.55
ofsetni papir 170 g,200 line,22,85.0,21.0,0.0,0.0,53.0,46.0,-23.0,54.0,37.0,-25.0,1.24
ofsetni papir 170 g,200 line,23,85.0,52.0,0.0,0.0,44.0,17.0,-10.0,44.0,98.0,-11.0,0.84
ofsetni papir 170 g,200 line,24,85.0,81.0,0.0,0.0,35.0,47.0,3.0,37.0,66.0,1.0,2.76
ofsetni papir 170 g,200 line,25,85.0,100.0,0.0,0.0,29.0,68.0,12.0,30.0,95.0,13.0,1.06
ofsetni papir 170 g,200 line,26,100.0,0.0,0.0,0.0,52.0,56.0,-34.0,52.0,28.0,-34.0,0.61
ofsetni papir 170 g,200 line,27,100.0,21.0,0.0,0.0,47.0,2.0,-29.0,46.0,97.0,-29.0,0.11
ofsetni papir 170 g,200 line,28,100.0,52.0,0.0,0.0,40.0,18.0,-17.0,39.0,68.0,-17.0,0.48
ofsetni papir 170 g,200 line,29,100.0,81.0,0.0,0.0,32.0,18.0,-2.0,33.0,66.0,-5.0,2.53
ofsetni papir 170 g,200 line,30,100.0,100.0,0.0,0.0,27.0,72.0,6.0,27.0,92.0,5.0,1.12
ofsetni papir 170 g,200 line,31,0.0,0.0,21.0,0.0,91.0,59.0,-1.0,91.0,39.0,-2.0,2.38
ofsetni papir 170 g,200 line,32,0.0,21.0,21.0,0.0,82.0,76.0,6.0,83.0,36.0,5.0,2.97
ofsetni papir 170 g,200 line,33,0.0,52.0,21.0,0.0,68.0,84.0,24.0,70.0,13.0,22.0,2.73
ofsetni papir 170 g,200 line,34,0.0,81.0,21.0,0.0,57.0,5.0,42.0,58.0,10.0,40.0,2.39
ofsetni papir 170 g,200 line,35,0.0,100.0,21.0,0.0,47.0,25.0,59.0,47.0,9.0,59.0,1.21
ofsetni papir 170 g,200 line,36,16.0,0.0,21.0,0.0,85.0,29.0,-5.0,85.0,25.0,-5.0,0.94
ofsetni papir 170 g,200 line,37,16.0,21.0,21.0,0.0,73.0,63.0,2.0,74.0,55.0,2.0,1.83
ofsetni papir 170 g,200 line,38,16.0,52.0,21.0,0.0,60.0,71.0,18.0,62.0,30.0,17.0,1.72
ofsetni papir 170 g,200 line,39,16.0,81.0,21.0,0.0,49.0,93.0,35.0,52.0,46.0,33.0,3.22
ofsetni papir 170 g,200 line,40,16.0,100.0,21.0,0.0,42.0,92.0,50.0,42.0,98.0,51.0,1.1
ofsetni papir 170 g,200 line,41,39.0,0.0,21.0,0.0,75.0,99.0,-13.0,75.0,27.0,-14.0,1.15
ofsetni papir 170 g,200 line,42,39.0,21.0,21.0,0.0,64.0,96.0,-4.0,64.0,81.0,-4.0,0.65
ofsetni papir 170 g,200 line,43,39.0,52.0,21.0,0.0,53.0,39.0,11.0,53.0,60.0,11.0,0.8
ofsetni papir 170 g,200 line,44,39.0,81.0,21.0,0.0,43.0,40.0,26.0,45.0,15.0,24.0,1.95
ofsetni papir 170 g,200 line,45,39.0,100.0,21.0,0.0,37.0,19.0,39.0,37.0,44.0,39.0,0.38
ofsetni papir 170 g,200 line,46,64.0,0.0,21.0,0.0,64.0,61.0,-25.0,65.0,99.0,-24.0,2.17
ofsetni papir 170 g,200 line,47,64.0,21.0,21.0,0.0,54.0,94.0,-15.0,56.0,25.0,-14.0,1.45
ofsetni papir 170 g,200 line,48,64.0,52.0,21.0,0.0,45.0,10.0,0.0,45.0,62.0,0.0,0.5
ofsetni papir 170 g,200 line,49,64.0,81.0,21.0,0.0,35.0,62.0,14.0,38.0,31.0,11.0,3.67
ofsetni papir 170 g,200 line,50,64.0,100.0,21.0,0.0,31.0,75.0,24.0,32.0,54.0,23.0,0.8
ofsetni papir 170 g,200 line,51,85.0,0.0,21.0,0.0,56.0,42.0,-34.0,56.0,83.0,-34.0,1.38
ofsetni papir 170 g,200 line,52,85.0,21.0,21.0,0.0,47.0,76.0,-24.0,48.0,56.0,-25.0,0.88
ofsetni papir 170 g,200 line,53,85.0,52.0,21.0,0.0,38.0,82.0,-10.0,40.0,51.0,-9.0,1.57
ofsetni papir 170 g,200 line,54,85.0,81.0,21.0,0.0,30.0,91.0,2.0,33.0,34.0,1.0,2.25
ofsetni papir 170 g,200 line,55,85.0,100.0,21.0,0.0,27.0,36.0,10.0,27.0,74.0,10.0,0.47
ofsetni papir 170 g,200 line,56,100.0,0.0,21.0,0.0,50.0,11.0,-41.0,49.0,73.0,-42.0,1.2
ofsetni papir 170 g,200 line,57,100.0,21.0,21.0,0.0,44.0,37.0,-32.0,44.0,40.0,-33.0,0.35
ofsetni papir 170 g,200 line,58,100.0,52.0,21.0,0.0,36.0,19.0,-16.0,36.0,28.0,-16.0,0.45
ofsetni papir 170 g,200 line,59,100.0,81.0,21.0,0.0,29.0,26.0,-3.0,30.0,42.0,-6.0,2.06
ofsetni papir 170 g,200 line,60,100.0,100.0,21.0,0.0,25.0,51.0,2.0,26.0,81.0,1.0,1.65
ofsetni papir 170 g,200 line,61,0.0,0.0,52.0,0.0,88.0,78.0,-2.0,88.0,72.0,-2.0,1.05
ofsetni papir 170 g,200 line,62,0.0,21.0,52.0,0.0,80.0,42.0,6.0,81.0,37.0,5.0,1.3
ofsetni papir 170 g,200 line,63,0.0,52.0,52.0,0.0,67.0,70.0,23.0,68.0,96.0,22.0,1.53
ofsetni papir 170 g,200 line,64,0.0,81.0,52.0,0.0,55.0,40.0,42.0,57.0,81.0,39.0,2.65
ofsetni papir 170 g,200 line,65,0.0,100.0,52.0,0.0,46.0,67.0,57.0,47.0,6.0,57.0,0.39
ofsetni papir 170 g,200 line,66,16.0,0.0,52.0,0.0,81.0,59.0,-6.0,82.0,42.0,-6.0,0.57
ofsetni papir 170 g,200 line,67,16.0,21.0,52.0,0.0,71.0,37.0,2.0,72.0,49.0,2.0,1.16
ofsetni papir 170 g,200 line,68,16.0,52.0,52.0,0.0,59.0,58.0,18.0,60.0,53.0,17.0,1.63
ofsetni papir 170 g,200 line,69,16.0,81.0,52.0,0.0,50.0,3.0,34.0,51.0,37.0,32.0,1.99
ofsetni papir 170 g,200 line,70,16.0,100.0,52.0,0.0,42.0,44.0,49.0,42.0,47.0,49.0,0.36
ofsetni papir 170 g,200 line,71,39.0,0.0,52.0,0.0,73.0,3.0,-15.0,72.0,54.0,-16.0,0.7
ofsetni papir 170 g,200 line,72,39.0,21.0,52.0,0.0,60.0,42.0,-5.0,62.0,16.0,-5.0,2.17
ofsetni papir 170 g,200 line,73,39.0,52.0,52.0,0.0,50.0,71.0,9.0,51.0,62.0,9.0,2.31
ofsetni papir 170 g,200 line,74,39.0,81.0,52.0,0.0,42.0,60.0,24.0,44.0,70.0,22.0,3.04
ofsetni papir 170 g,200 line,75,39.0,100.0,52.0,0.0,37.0,22.0,36.0,37.0,78.0,36.0,1.12
ofsetni papir 170 g,200 line,76,64.0,0.0,52.0,0.0,61.0,49.0,-28.0,63.0,11.0,-27.0,2.31
ofsetni papir 170 g,200 line,77,64.0,21.0,52.0,0.0,53.0,30.0,-17.0,54.0,11.0,-17.0,1.96
ofsetni papir 170 g,200 line,78,64.0,52.0,52.0,0.0,38.0,56.0,-1.0,41.0,54.0,-1.0,2.77
ofsetni papir 170 g,200 line,79,64.0,81.0,52.0,0.0,32.0,64.0,12.0,36.0,23.0,12.0,2.98
ofsetni papir 170 g,200 line,80,64.0,100.0,52.0,0.0,29.0,71.0,21.0,32.0,59.0,20.0,2.29
ofsetni papir 170 g,200 line,81,85.0,0.0,52.0,0.0,53.0,67.0,-39.0,54.0,33.0,-38.0,0.84
ofsetni papir 170 g,200 line,82,85.0,21.0,52.0,0.0,45.0,89.0,-29.0,46.0,49.0,-29.0,1.71
ofsetni papir 170 g,200 line,83,85.0,52.0,52.0,0.0,34.0,63.0,-12.0,37.0,22.0,-12.0,2.23
ofsetni papir 170 g,200 line,84,85.0,81.0,52.0,0.0,27.0,71.0,2.0,29.0,38.0,2.0,1.52
ofsetni papir 170 g,200 line,85,85.0,100.0,52.0,0.0,25.0,9.0,8.0,27.0,83.0,7.0,2.35
ofsetni papir 170 g,200 line,86,100.0,0.0,52.0,0.0,48.0,35.0,-47.0,48.0,83.0,-46.0,0.8
ofsetni papir 170 g,200 line,87,100.0,21.0,52.0,0.0,42.0,64.0,-36.0,42.0,69.0,-38.0,1.2
ofsetni papir 170 g,200 line,88,100.0,52.0,52.0,0.0,32.0,77.0,-19.0,33.0,86.0,-21.0,1.75
ofsetni papir 170 g,200 line,89,100.0,81.0,52.0,0.0,24.0,78.0,-4.0,26.0,7.0,-4.0,1.09
ofsetni papir 170 g,200 line,90,100.0,100.0,52.0,0.0,22.0,15.0,1.0,24.0,46.0,0.0,2.2
ofsetni papir 170 g,200 line,91,0.0,0.0,81.0,0.0,86.0,17.0,-2.0,86.0,79.0,-2.0,1.57
ofsetni papir 170 g,200 line,92,0.0,21.0,81.0,0.0,78.0,97.0,6.0,80.0,13.0,6.0,2.1
ofsetni papir 170 g,200 line,93,0.0,52.0,81.0,0.0,65.0,44.0,25.0,67.0,58.0,22.0,2.06
ofsetni papir 170 g,200 line,94,0.0,81.0,81.0,0.0,53.0,73.0,43.0,55.0,54.0,41.0,1.92
ofsetni papir 170 g,200 line,95,0.0,100.0,81.0,0.0,45.0,88.0,58.0,45.0,98.0,58.0,1.01
ofsetni papir 170 g,200 line,96,16.0,0.0,81.0,0.0,79.0,31.0,-7.0,80.0,36.0,-7.0,1.71
ofsetni papir 170 g,200 line,97,16.0,21.0,81.0,0.0,69.0,97.0,2.0,71.0,1.0,1.0,1.52
ofsetni papir 170 g,200 line,98,16.0,52.0,81.0,0.0,58.0,9.0,17.0,58.0,99.0,17.0,1.49
ofsetni papir 170 g,200 line,99,16.0,81.0,81.0,0.0,49.0,7.0,35.0,51.0,42.0,32.0,2.54
ofsetni papir 170 g,200 line,100,16.0,100.0,81.0,0.0,41.0,82.0,49.0,43.0,8.0,49.0,1.89
ofsetni papir 170 g,200 line,101,39.0,0.0,81.0,0.0,70.0,84.0,-16.0,71.0,33.0,-16.0,3.37
ofsetni papir 170 g,200 line,102,39.0,21.0,81.0,0.0,60.0,13.0,-5.0,61.0,4.0,-6.0,1.57
ofsetni papir 170 g,200 line,103,39.0,52.0,81.0,0.0,49.0,40.0,9.0,49.0,76.0,10.0,0.88
ofsetni papir 170 g,200 line,104,39.0,81.0,81.0,0.0,40.0,97.0,24.0,43.0,80.0,22.0,2.73
ofsetni papir 170 g,200 line,105,39.0,100.0,81.0,0.0,36.0,62.0,35.0,37.0,27.0,36.0,1.15
ofsetni papir 170 g,200 line,106,64.0,0.0,81.0,0.0,59.0,81.0,-29.0,61.0,25.0,-28.0,2.34
ofsetni papir 170 g,200 line,107,64.0,21.0,81.0,0.0,51.0,87.0,-19.0,53.0,57.0,-18.0,2.24
ofsetni papir 170 g,200 line,108,64.0,52.0,81.0,0.0,39.0,81.0,-2.0,43.0,68.0,-3.0,3.67
ofsetni papir 170 g,200 line,109,64.0,81.0,81.0,0.0,31.0,99.0,11.0,34.0,63.0,12.0,2.41
ofsetni papir 170 g,200 line,110,64.0,100.0,81.0,0.0,28.0,77.0,19.0,31.0,71.0,18.0,2.61
ofsetni papir 170 g,200 line,111,85.0,0.0,81.0,0.0,51.0,97.0,-42.0,51.0,82.0,-42.0,2.71
ofsetni papir 170 g,200 line,112,85.0,21.0,81.0,0.0,45.0,40.0,-32.0,45.0,74.0,-31.0,1.69
ofsetni papir 170 g,200 line,113,85.0,52.0,81.0,0.0,34.0,48.0,-14.0,37.0,24.0,-14.0,2.38
ofsetni papir 170 g,200 line,114,85.0,81.0,81.0,0.0,25.0,51.0,1.0,27.0,74.0,0.0,1.82
ofsetni papir 170 g,200 line,115,85.0,100.0,81.0,0.0,23.0,98.0,8.0,24.0,93.0,7.0,0.89
ofsetni papir 170 g,200 line,116,100.0,0.0,81.0,0.0,46.0,75.0,-51.0,47.0,29.0,-51.0,3.26
ofsetni papir 170 g,200 line,117,100.0,21.0,81.0,0.0,41.0,11.0,-40.0,42.0,7.0,-40.0,2.16
ofsetni papir 170 g,200 line,118,100.0,52.0,81.0,0.0,31.0,53.0,-22.0,33.0,77.0,-23.0,1.86
ofsetni papir 170 g,200 line,119,100.0,81.0,81.0,0.0,23.0,56.0,-5.0,25.0,6.0,-6.0,1.71
ofsetni papir 170 g,200 line,120,100.0,100.0,81.0,0.0,20.0,82.0,0.0,22.0,34.0,-0.0,1.78
ofsetni papir 170 g,200 line,121,0.0,0.0,100.0,0.0,85.0,49.0,-2.0,85.0,91.0,-2.0,0.39
ofsetni papir 170 g,200 line,122,0.0,21.0,100.0,0.0,77.0,45.0,7.0,79.0,1.0,6.0,1.42
ofsetni papir 170 g,200 line,123,0.0,52.0,100.0,0.0,64.0,2.0,26.0,65.0,60.0,24.0,2.05
ofsetni papir 170 g,200 line,124,0.0,81.0,100.0,0.0,53.0,9.0,45.0,54.0,50.0,42.0,1.95
ofsetni papir 170 g,200 line,125,0.0,100.0,100.0,0.0,45.0,49.0,57.0,45.0,39.0,57.0,0.21
ofsetni papir 170 g,200 line,126,16.0,0.0,100.0,0.0,78.0,80.0,-7.0,79.0,23.0,-7.0,0.65
ofsetni papir 170 g,200 line,127,16.0,21.0,100.0,0.0,69.0,77.0,1.0,72.0,8.0,1.0,1.87
ofsetni papir 170 g,200 line,128,16.0,52.0,100.0,0.0,58.0,45.0,17.0,59.0,92.0,16.0,1.51
ofsetni papir 170 g,200 line,129,16.0,81.0,100.0,0.0,48.0,47.0,34.0,51.0,24.0,31.0,3.49
ofsetni papir 170 g,200 line,130,16.0,100.0,100.0,0.0,41.0,96.0,47.0,42.0,48.0,48.0,0.83
ofsetni papir 170 g,200 line,131,39.0,0.0,100.0,0.0,70.0,36.0,-16.0,69.0,56.0,-17.0,1.79
ofsetni papir 170 g,200 line,132,39.0,21.0,100.0,0.0,59.0,91.0,-6.0,60.0,60.0,-6.0,1.19
ofsetni papir 170 g,200 line,133,39.0,52.0,100.0,0.0,48.0,37.0,8.0,50.0,6.0,9.0,1.72
ofsetni papir 170 g,200 line,134,39.0,81.0,100.0,0.0,40.0,87.0,22.0,43.0,78.0,20.0,3.21
ofsetni papir 170 g,200 line,135,39.0,100.0,100.0,0.0,36.0,52.0,34.0,37.0,65.0,35.0,1.43
ofsetni papir 170 g,200 line,136,64.0,0.0,100.0,0.0,58.0,74.0,-30.0,60.0,65.0,-28.0,1.82
ofsetni papir 170 g,200 line,137,64.0,21.0,100.0,0.0,51.0,9.0,-19.0,52.0,93.0,-18.0,2.13
ofsetni papir 170 g,200 line,138,64.0,52.0,100.0,0.0,39.0,19.0,-3.0,41.0,79.0,-3.0,2.35
ofsetni papir 170 g,200 line,139,64.0,81.0,100.0,0.0,31.0,75.0,9.0,34.0,26.0,9.0,2.07
ofsetni papir 170 g,200 line,140,64.0,100.0,100.0,0.0,28.0,94.0,17.0,31.0,26.0,17.0,2.17
ofsetni papir 170 g,200 line,141,85.0,0.0,100.0,0.0,51.0,23.0,-43.0,51.0,27.0,-44.0,0.78
ofsetni papir 170 g,200 line,142,85.0,21.0,100.0,0.0,43.0,84.0,-33.0,44.0,95.0,-32.0,1.17
ofsetni papir 170 g,200 line,143,85.0,52.0,100.0,0.0,35.0,17.0,-14.0,37.0,93.0,-14.0,2.32
ofsetni papir 170 g,200 line,144,85.0,81.0,100.0,0.0,30.0,10.0,-0.0,28.0,96.0,-0.0,1.36
ofsetni papir 170 g,200 line,145,85.0,100.0,100.0,0.0,26.0,29.0,6.0,25.0,78.0,6.0,1.58
ofsetni papir 170 g,200 line,146,100.0,0.0,100.0,0.0,46.0,82.0,-52.0,46.0,43.0,-53.0,1.76
ofsetni papir 170 g,200 line,147,100.0,21.0,100.0,0.0,41.0,81.0,-42.0,41.0,55.0,-43.0,1.77
ofsetni papir 170 g,200 line,148,100.0,52.0,100.0,0.0,32.0,33.0,-24.0,33.0,59.0,-25.0,1.8
ofsetni papir 170 g,200 line,149,100.0,81.0,100.0,0.0,24.0,72.0,-6.0,26.0,52.0,-7.0,1.73
ofsetni papir 170 g,200 line,150,100.0,100.0,100.0,0.0,20.0,36.0,-0.0,21.0,3.0,-0.0,0.77
ofsetni papir 170 g,200 line,151,0.0,0.0,0.0,25.0,72.0,62.0,0.0,73.0,97.0,0.0,1.04
ofsetni papir 170 g,200 line,152,0.0,31.0,0.0,25.0,63.0,11.0,10.0,63.0,54.0,11.0,0.98
ofsetni papir 170 g,200 line,153,0.0,72.0,0.0,25.0,47.0,78.0,31.0,50.0,1.0,28.0,2.7
ofsetni papir 170 g,200 line,154,0.0,100.0,0.0,25.0,38.0,5.0,49.0,38.0,22.0,49.0,0.31
ofsetni papir 170 g,200 line,155,21.0,0.0,0.0,25.0,67.0,91.0,-5.0,67.0,89.0,-6.0,1.29
ofsetni papir 170 g,200 line,156,21.0,31.0,0.0,25.0,58.0,1.0,5.0,58.0,64.0,4.0,0.63
ofsetni papir 170 g,200 line,157,21.0,72.0,0.0,25.0,44.0,28.0,24.0,47.0,15.0,21.0,3.27
ofsetni papir 170 g,200 line,158,21.0,100.0,0.0,25.0,35.0,3.0,40.0,35.0,7.0,41.0,0.22
ofsetni papir 170 g,200 line,159,52.0,0.0,0.0,25.0,58.0,52.0,-13.0,59.0,15.0,-13.0,0.58
ofsetni papir 170 g,200 line,160,52.0,31.0,0.0,25.0,51.0,44.0,-3.0,50.0,74.0,-3.0,0.96
ofsetni papir 170 g,200 line,161,52.0,72.0,0.0,25.0,38.0,69.0,13.0,39.0,88.0,10.0,2.34
ofsetni papir 170 g,200 line,162,52.0,100.0,0.0,25.0,30.0,67.0,27.0,30.0,19.0,28.0,0.39
ofsetni papir 170 g,200 line,163,81.0,0.0,0.0,25.0,48.0,68.0,-24.0,48.0,91.0,-24.0,0.35
ofsetni papir 170 g,200 line,164,81.0,31.0,0.0,25.0,42.0,22.0,-14.0,42.0,16.0,-14.0,0.13
ofsetni papir 170 g,200 line,165,81.0,72.0,0.0,25.0,31.0,13.0,0.0,33.0,46.0,-0.0,2.4
ofsetni papir 170 g,200 line,166,81.0,100.0,0.0,25.0,25.0,55.0,11.0,25.0,97.0,12.0,0.35
ofsetni papir 170 g,200 line,167,100.0,0.0,0.0,25.0,43.0,15.0,-31.0,43.0,28.0,-32.0,0.4
ofsetni papir 170 g,200 line,168,100.0,31.0,0.0,25.0,37.0,26.0,-20.0,37.0,29.0,-21.0,0.22
ofsetni papir 170 g,200 line,169,100.0,72.0,0.0,25.0,28.0,53.0,-5.0,30.0,41.0,-7.0,2.41
ofsetni papir 170 g,200 line,170,100.0,100.0,0.0,25.0,23.0,99.0,4.0,24.0,15.0,3.0,1.22
ofsetni papir 170 g,200 line,171,0.0,0.0,31.0,25.0,71.0,37.0,-1.0,72.0,45.0,-2.0,2.28
ofsetni papir 170 g,200 line,172,0.0,31.0,31.0,25.0,62.0,39.0,9.0,63.0,15.0,9.0,1.7
ofsetni papir 170 g,200 line,173,0.0,72.0,31.0,25.0,47.0,64.0,29.0,50.0,1.0,26.0,3.65
ofsetni papir 170 g,200 line,174,0.0,100.0,31.0,25.0,38.0,14.0,46.0,38.0,53.0,46.0,0.47
ofsetni papir 170 g,200 line,175,21.0,0.0,31.0,25.0,65.0,42.0,-6.0,65.0,65.0,-7.0,2.42
ofsetni papir 170 g,200 line,176,21.0,31.0,31.0,25.0,54.0,25.0,4.0,57.0,1.0,3.0,2.8
ofsetni papir 170 g,200 line,177,21.0,72.0,31.0,25.0,41.0,42.0,24.0,45.0,41.0,21.0,4.5
ofsetni papir 170 g,200 line,178,21.0,100.0,31.0,25.0,34.0,80.0,38.0,36.0,14.0,39.0,1.45
ofsetni papir 170 g,200 line,179,52.0,0.0,31.0,25.0,56.0,1.0,-15.0,57.0,4.0,-15.0,2.16
ofsetni papir 170 g,200 line,180,52.0,31.0,31.0,25.0,44.0,73.0,-5.0,47.0,14.0,-5.0,2.56
ofsetni papir 170 g,200 line,181,52.0,72.0,31.0,25.0,34.0,39.0,12.0,37.0,2.0,12.0,2.32
ofsetni papir 170 g,200 line,182,52.0,100.0,31.0,25.0,27.0,86.0,24.0,29.0,39.0,24.0,1.18
ofsetni papir 170 g,200 line,183,81.0,0.0,31.0,25.0,45.0,83.0,-27.0,46.0,16.0,-28.0,1.39
ofsetni papir 170 g,200 line,184,81.0,31.0,31.0,25.0,37.0,9.0,-15.0,38.0,88.0,-15.0,1.64
ofsetni papir 170 g,200 line,185,81.0,72.0,31.0,25.0,27.0,31.0,1.0,29.0,85.0,1.0,1.99
ofsetni papir 170 g,200 line,186,81.0,100.0,31.0,25.0,23.0,50.0,8.0,25.0,21.0,8.0,1.26
ofsetni papir 170 g,200 line,187,100.0,0.0,31.0,25.0,40.0,17.0,-35.0,40.0,56.0,-36.0,1.34
ofsetni papir 170 g,200 line,188,100.0,31.0,31.0,25.0,33.0,83.0,-23.0,35.0,36.0,-24.0,1.5
ofsetni papir 170 g,200 line,189,100.0,72.0,31.0,25.0,23.0,93.0,-5.0,26.0,16.0,-6.0,2.04
ofsetni papir 170 g,200 line,190,100.0,100.0,31.0,25.0,21.0,25.0,1.0,23.0,89.0,-0.0,3.18
ofsetni papir 170 g,200 line,191,0.0,0.0,72.0,25.0,68.0,51.0,-2.0,69.0,38.0,-2.0,1.51
ofsetni papir 170 g,200 line,192,0.0,31.0,72.0,25.0,58.0,93.0,8.0,60.0,36.0,9.0,2.27
ofsetni papir 170 g,200 line,193,0.0,72.0,72.0,25.0,45.0,96.0,28.0,47.0,89.0,26.0,2.13
ofsetni papir 170 g,200 line,194,0.0,100.0,72.0,25.0,37.0,5.0,43.0,37.0,46.0,44.0,1.72
ofsetni papir 170 g,200 line,195,21.0,0.0,72.0,25.0,61.0,38.0,-7.0,61.0,85.0,-7.0,2.03
ofsetni papir 170 g,200 line,196,21.0,31.0,72.0,25.0,52.0,34.0,3.0,53.0,22.0,3.0,1.12
ofsetni papir 170 g,200 line,197,21.0,72.0,72.0,25.0,42.0,60.0,21.0,42.0,44.0,20.0,0.78
ofsetni papir 170 g,200 line,198,21.0,100.0,72.0,25.0,34.0,36.0,34.0,34.0,86.0,35.0,1.5
ofsetni papir 170 g,200 line,199,52.0,0.0,72.0,25.0,53.0,65.0,-18.0,53.0,64.0,-17.0,2.17
ofsetni papir 170 g,200 line,200,52.0,31.0,72.0,25.0,43.0,49.0,-6.0,45.0,55.0,-7.0,2.19
ofsetni papir 170 g,200 line,201,52.0,72.0,72.0,25.0,32.0,55.0,10.0,34.0,24.0,10.0,1.95
ofsetni papir 170 g,200 line,202,52.0,100.0,72.0,25.0,26.0,75.0,20.0,28.0,91.0,20.0,1.74
ofsetni papir 170 g,200 line,203,81.0,0.0,72.0,25.0,43.0,76.0,-31.0,44.0,74.0,-30.0,2.15
ofsetni papir 170 g,200 line,204,81.0,31.0,72.0,25.0,35.0,69.0,-18.0,38.0,10.0,-18.0,2.04
ofsetni papir 170 g,200 line,205,81.0,72.0,72.0,25.0,23.0,74.0,-0.0,26.0,27.0,-0.0,2.0
ofsetni papir 170 g,200 line,206,81.0,100.0,72.0,25.0,20.0,59.0,7.0,22.0,99.0,7.0,1.75
ofsetni papir 170 g,200 line,207,100.0,0.0,72.0,25.0,39.0,41.0,-40.0,40.0,27.0,-41.0,2.51
ofsetni papir 170 g,200 line,208,100.0,31.0,72.0,25.0,32.0,24.0,-27.0,33.0,91.0,-27.0,2.11
ofsetni papir 170 g,200 line,209,100.0,72.0,72.0,25.0,22.0,79.0,-7.0,24.0,6.0,-8.0,1.4
ofsetni papir 170 g,200 line,210,100.0,100.0,72.0,25.0,18.0,42.0,0.0,20.0,46.0,0.0,1.62
ofsetni papir 170 g,200 line,211,0.0,0.0,100.0,25.0,68.0,44.0,-2.0,67.0,53.0,-3.0,0.82
ofsetni papir 170 g,200 line,212,0.0,31.0,100.0,25.0,60.0,31.0,8.0,58.0,79.0,8.0,1.37
ofsetni papir 170 g,200 line,213,0.0,72.0,100.0,25.0,46.0,12.0,28.0,47.0,49.0,25.0,2.29
ofsetni papir 170 g,200 line,214,0.0,100.0,100.0,25.0,37.0,78.0,43.0,37.0,58.0,43.0,0.63
ofsetni papir 170 g,200 line,215,21.0,0.0,100.0,25.0,62.0,38.0,-7.0,61.0,56.0,-8.0,0.74
ofsetni papir 170 g,200 line,216,21.0,31.0,100.0,25.0,53.0,9.0,2.0,53.0,28.0,2.0,0.23
ofsetni papir 170 g,200 line,217,21.0,72.0,100.0,25.0,40.0,58.0,21.0,42.0,31.0,19.0,2.62
ofsetni papir 170 g,200 line,218,21.0,100.0,100.0,25.0,33.0,28.0,34.0,33.0,69.0,36.0,1.57
ofsetni papir 170 g,200 line,219,52.0,0.0,100.0,25.0,51.0,99.0,-19.0,51.0,98.0,-19.0,0.38
ofsetni papir 170 g,200 line,220,52.0,31.0,100.0,25.0,42.0,4.0,-7.0,44.0,38.0,-8.0,2.25
ofsetni papir 170 g,200 line,221,52.0,72.0,100.0,25.0,31.0,8.0,9.0,34.0,67.0,9.0,2.88
ofsetni papir 170 g,200 line,222,52.0,100.0,100.0,25.0,26.0,79.0,19.0,29.0,22.0,20.0,1.95
ofsetni papir 170 g,200 line,223,81.0,0.0,100.0,25.0,42.0,49.0,-33.0,42.0,76.0,-33.0,0.78
ofsetni papir 170 g,200 line,224,81.0,31.0,100.0,25.0,35.0,41.0,-20.0,37.0,42.0,-20.0,1.72
ofsetni papir 170 g,200 line,225,81.0,72.0,100.0,25.0,27.0,68.0,-2.0,26.0,62.0,-2.0,1.13
ofsetni papir 170 g,200 line,226,81.0,100.0,100.0,25.0,22.0,39.0,6.0,22.0,91.0,5.0,1.08
ofsetni papir 170 g,200 line,227,100.0,0.0,100.0,25.0,38.0,56.0,-43.0,38.0,52.0,-44.0,0.57
ofsetni papir 170 g,200 line,228,100.0,31.0,100.0,25.0,31.0,76.0,-28.0,32.0,71.0,-29.0,1.17
ofsetni papir 170 g,200 line,229,100.0,72.0,100.0,25.0,24.0,17.0,-8.0,24.0,4.0,-9.0,1.29
ofsetni papir 170 g,200 line,230,100.0,100.0,100.0,25.0,19.0,31.0,-0.0,18.0,45.0,-1.0,0.87
ofsetni papir 170 g,200 line,231,0.0,0.0,0.0,60.0,42.0,36.0,-0.0,45.0,8.0,-0.0,2.53
ofsetni papir 170 g,200 line,232,0.0,31.0,0.0,60.0,40.0,9.0,6.0,42.0,16.0,6.0,1.96
ofsetni papir 170 g,200 line,233,0.0,72.0,0.0,60.0,29.0,99.0,20.0,34.0,14.0,18.0,3.41
ofsetni papir 170 g,200 line,234,0.0,100.0,0.0,60.0,26.0,7.0,28.0,27.0,53.0,30.0,1.42
ofsetni papir 170 g,200 line,235,31.0,0.0,0.0,60.0,40.0,99.0,-5.0,43.0,99.0,-6.0,2.95
ofsetni papir 170 g,200 line,236,31.0,31.0,0.0,60.0,34.0,61.0,1.0,36.0,81.0,0.0,2.05
ofsetni papir 170 g,200 line,237,31.0,72.0,0.0,60.0,26.0,34.0,12.0,29.0,20.0,11.0,2.36
ofsetni papir 170 g,200 line,238,31.0,100.0,0.0,60.0,22.0,16.0,21.0,23.0,72.0,22.0,1.36
ofsetni papir 170 g,200 line,239,72.0,0.0,0.0,60.0,32.0,65.0,-14.0,34.0,50.0,-15.0,1.68
ofsetni papir 170 g,200 line,240,72.0,31.0,0.0,60.0,28.0,5.0,-7.0,30.0,20.0,-8.0,1.79
ofsetni papir 170 g,200 line,241,72.0,72.0,0.0,60.0,21.0,74.0,3.0,24.0,13.0,2.0,2.25
ofsetni papir 170 g,200 line,242,72.0,100.0,0.0,60.0,18.0,80.0,9.0,19.0,60.0,10.0,1.44
ofsetni papir 170 g,200 line,243,100.0,0.0,0.0,60.0,28.0,51.0,-18.0,29.0,55.0,-21.0,1.7
ofsetni papir 170 g,200 line,244,100.0,31.0,0.0,60.0,24.0,15.0,-11.0,25.0,93.0,-13.0,1.79
ofsetni papir 170 g,200 line,245,100.0,72.0,0.0,60.0,20.0,28.0,-1.0,21.0,27.0,-3.0,2.33
ofsetni papir 170 g,200 line,246,100.0,100.0,0.0,60.0,17.0,87.0,2.0,18.0,60.0,1.0,2.46
ofsetni papir 170 g,200 line,247,0.0,0.0,31.0,60.0,45.0,18.0,-1.0,48.0,65.0,-1.0,3.7
ofsetni papir 170 g,200 line,248,0.0,31.0,31.0,60.0,37.0,96.0,5.0,41.0,84.0,5.0,3.6
ofsetni papir 170 g,200 line,249,0.0,72.0,31.0,60.0,29.0,99.0,19.0,33.0,96.0,18.0,3.39
ofsetni papir 170 g,200 line,250,0.0,100.0,31.0,60.0,25.0,8.0,26.0,27.0,49.0,28.0,2.14
ofsetni papir 170 g,200 line,251,31.0,0.0,31.0,60.0,38.0,5.0,-6.0,40.0,18.0,-7.0,2.26
ofsetni papir 170 g,200 line,252,31.0,31.0,31.0,60.0,32.0,0.0,0.0,35.0,35.0,0.0,2.75
ofsetni papir 170 g,200 line,253,31.0,72.0,31.0,60.0,26.0,8.0,12.0,28.0,86.0,12.0,2.15
ofsetni papir 170 g,200 line,254,31.0,100.0,31.0,60.0,21.0,62.0,19.0,24.0,31.0,21.0,2.23
ofsetni papir 170 g,200 line,255,72.0,0.0,31.0,60.0,31.0,12.0,-15.0,34.0,14.0,-16.0,2.85
ofsetni papir 170 g,200 line,256,72.0,31.0,31.0,60.0,25.0,41.0,-7.0,28.0,79.0,-8.0,2.66
ofsetni papir 170 g,200 line,257,72.0,72.0,31.0,60.0,20.0,92.0,2.0,22.0,24.0,2.0,1.55
ofsetni papir 170 g,200 line,258,72.0,100.0,31.0,60.0,17.0,99.0,7.0,18.0,96.0,7.0,0.78
ofsetni papir 170 g,200 line,259,100.0,0.0,31.0,60.0,27.0,34.0,-20.0,28.0,6.0,-24.0,2.05
ofsetni papir 170 g,200 line,260,100.0,31.0,31.0,60.0,23.0,1.0,-12.0,25.0,18.0,-15.0,2.59
ofsetni papir 170 g,200 line,261,100.0,72.0,31.0,60.0,18.0,39.0,-2.0,19.0,34.0,-3.0,1.26
ofsetni papir 170 g,200 line,262,100.0,100.0,31.0,60.0,15.0,94.0,1.0,17.0,80.0,0.0,3.3
ofsetni papir 170 g,200 line,263,0.0,0.0,72.0,60.0,43.0,53.0,-2.0,47.0,28.0,-2.0,3.66
ofsetni papir 170 g,200 line,264,0.0,31.0,72.0,60.0,37.0,90.0,4.0,41.0,42.0,4.0,3.15
ofsetni papir 170 g,200 line,265,0.0,72.0,72.0,60.0,29.0,38.0,16.0,32.0,41.0,16.0,2.48
ofsetni papir 170 g,200 line,266,0.0,100.0,72.0,60.0,24.0,20.0,24.0,25.0,76.0,27.0,1.76
ofsetni papir 170 g,200 line,267,31.0,0.0,72.0,60.0,37.0,55.0,-7.0,40.0,9.0,-8.0,2.49
ofsetni papir 170 g,200 line,268,31.0,31.0,72.0,60.0,31.0,18.0,-0.0,35.0,68.0,-1.0,3.78
ofsetni papir 170 g,200 line,269,31.0,72.0,72.0,60.0,25.0,65.0,10.0,28.0,52.0,10.0,2.46
ofsetni papir 170 g,200 line,270,31.0,100.0,72.0,60.0,21.0,46.0,16.0,23.0,50.0,18.0,1.87
ofsetni papir 170 g,200 line,271,72.0,0.0,72.0,60.0,28.0,97.0,-17.0,31.0,90.0,-18.0,2.39
ofsetni papir 170 g,200 line,272,72.0,31.0,72.0,60.0,25.0,72.0,-9.0,27.0,31.0,-10.0,1.44
ofsetni papir 170 g,200 line,273,72.0,72.0,72.0,60.0,19.0,55.0,0.0,20.0,48.0,0.0,1.43
ofsetni papir 170 g,200 line,274,72.0,100.0,72.0,60.0,17.0,17.0,5.0,17.0,81.0,5.0,0.8
ofsetni papir 170 g,200 line,275,100.0,0.0,72.0,60.0,25.0,66.0,-23.0,27.0,79.0,-25.0,2.51
ofsetni papir 170 g,200 line,276,100.0,31.0,72.0,60.0,21.0,98.0,-14.0,23.0,76.0,-16.0,2.33
ofsetni papir 170 g,200 line,277,100.0,72.0,72.0,60.0,17.0,21.0,-3.0,17.0,67.0,-5.0,1.72
ofsetni papir 170 g,200 line,278,100.0,100.0,72.0,60.0,14.0,29.0,0.0,15.0,42.0,0.0,1.21
ofsetni papir 170 g,200 line,279,0.0,0.0,100.0,60.0,42.0,64.0,-3.0,44.0,85.0,-4.0,2.16
ofsetni papir 170 g,200 line,280,0.0,31.0,100.0,60.0,36.0,29.0,3.0,38.0,77.0,3.0,2.56
ofsetni papir 170 g,200 line,281,0.0,72.0,100.0,60.0,29.0,9.0,15.0,32.0,19.0,14.0,3.07
ofsetni papir 170 g,200 line,282,0.0,100.0,100.0,60.0,24.0,63.0,22.0,26.0,11.0,25.0,1.64
ofsetni papir 170 g,200 line,283,31.0,0.0,100.0,60.0,37.0,68.0,-9.0,40.0,42.0,-10.0,2.56
ofsetni papir 170 g,200 line,284,31.0,31.0,100.0,60.0,32.0,66.0,-1.0,35.0,81.0,-2.0,2.77
ofsetni papir 170 g,200 line,285,31.0,72.0,100.0,60.0,25.0,95.0,8.0,28.0,26.0,9.0,2.14
ofsetni papir 170 g,200 line,286,31.0,100.0,100.0,60.0,21.0,52.0,15.0,23.0,24.0,17.0,1.84
ofsetni papir 170 g,200 line,287,72.0,0.0,100.0,60.0,28.0,78.0,-19.0,31.0,15.0,-20.0,2.02
ofsetni papir 170 g,200 line,288,72.0,31.0,100.0,60.0,25.0,14.0,-10.0,27.0,7.0,-10.0,1.5
ofsetni papir 170 g,200 line,289,72.0,72.0,100.0,60.0,19.0,68.0,-0.0,21.0,27.0,-0.0,1.31
ofsetni papir 170 g,200 line,290,72.0,100.0,100.0,60.0,17.0,69.0,4.0,18.0,10.0,4.0,0.8
ofsetni papir 170 g,200 line,291,100.0,0.0,100.0,60.0,24.0,37.0,-24.0,27.0,11.0,-26.0,2.34
ofsetni papir 170 g,200 line,292,100.0,31.0,100.0,60.0,22.0,9.0,-16.0,23.0,34.0,-18.0,1.96
ofsetni papir 170 g,200 line,293,100.0,72.0,100.0,60.0,16.0,55.0,-5.0,17.0,61.0,-5.0,0.83
ofsetni papir 170 g,200 line,294,100.0,100.0,100.0,60.0,14.0,5.0,-0.0,14.0,84.0,-0.0,0.74
ofsetni papir 170 g,200 line,295,0.0,0.0,0.0,88.0,22.0,43.0,-0.0,23.0,67.0,-0.0,0.92
ofsetni papir 170 g,200 line,296,0.0,52.0,0.0,88.0,19.0,84.0,6.0,20.0,62.0,6.0,0.57
ofsetni papir 170 g,200 line,297,0.0,100.0,0.0,88.0,16.0,86.0,12.0,17.0,79.0,13.0,1.12
ofsetni papir 170 g,200 line,298,31.0,0.0,0.0,88.0,21.0,48.0,-2.0,23.0,60.0,-3.0,1.94
ofsetni papir 170 g,200 line,299,31.0,52.0,0.0,88.0,17.0,82.0,3.0,19.0,36.0,3.0,1.62
ofsetni papir 170 g,200 line,300,31.0,100.0,0.0,88.0,15.0,17.0,8.0,16.0,30.0,9.0,1.07
ofsetni papir 170 g,200 line,301,72.0,0.0,0.0,88.0,19.0,18.0,-5.0,20.0,12.0,-7.0,1.85
ofsetni papir 170 g,200 line,302,72.0,52.0,0.0,88.0,15.0,66.0,0.0,16.0,77.0,-0.0,1.53
ofsetni papir 170 g,200 line,303,72.0,100.0,0.0,88.0,13.0,95.0,4.0,15.0,72.0,4.0,1.54
ofsetni papir 170 g,200 line,304,100.0,0.0,0.0,88.0,17.0,54.0,-6.0,18.0,12.0,-8.0,2.18
ofsetni papir 170 g,200 line,305,100.0,52.0,0.0,88.0,14.0,97.0,-1.0,15.0,72.0,-2.0,1.65
ofsetni papir 170 g,200 line,306,100.0,100.0,0.0,88.0,14.0,10.0,2.0,14.0,14.0,1.0,1.6
ofsetni papir 170 g,200 line,307,0.0,0.0,52.0,88.0,24.0,20.0,-1.0,25.0,46.0,-2.0,1.31
ofsetni papir 170 g,200 line,308,0.0,52.0,52.0,88.0,19.0,17.0,4.0,21.0,9.0,4.0,1.68
ofsetni papir 170 g,200 line,309,0.0,100.0,52.0,88.0,17.0,41.0,10.0,18.0,35.0,11.0,1.17
ofsetni papir 170 g,200 line,310,31.0,0.0,52.0,88.0,22.0,22.0,-4.0,23.0,11.0,-5.0,1.36
ofsetni papir 170 g,200 line,311,31.0,52.0,52.0,88.0,17.0,55.0,1.0,17.0,53.0,1.0,0.5
ofsetni papir 170 g,200 line,312,31.0,100.0,52.0,88.0,16.0,18.0,6.0,16.0,38.0,5.0,0.24
ofsetni papir 170 g,200 line,313,72.0,0.0,52.0,88.0,18.0,0.0,-7.0,19.0,69.0,-8.0,1.8
ofsetni papir 170 g,200 line,314,72.0,52.0,52.0,88.0,14.0,24.0,-0.0,15.0,22.0,-1.0,1.13
ofsetni papir 170 g,200 line,315,72.0,100.0,52.0,88.0,13.0,43.0,2.0,13.0,87.0,1.0,0.7
ofsetni papir 170 g,200 line,316,100.0,0.0,52.0,88.0,17.0,33.0,-7.0,18.0,50.0,-9.0,2.13
ofsetni papir 170 g,200 line,317,100.0,52.0,52.0,88.0,13.0,34.0,-1.0,14.0,49.0,-3.0,2.4
ofsetni papir 170 g,200 line,318,100.0,100.0,52.0,88.0,13.0,18.0,0.0,14.0,19.0,0.0,0.71
ofsetni papir 170 g,200 line,319,0.0,0.0,100.0,88.0,24.0,78.0,-3.0,26.0,45.0,-3.0,1.47
ofsetni papir 170 g,200 line,320,0.0,52.0,100.0,88.0,20.0,25.0,2.0,21.0,46.0,2.0,1.3
ofsetni papir 170 g,200 line,321,0.0,100.0,100.0,88.0,18.0,11.0,7.0,18.0,19.0,8.0,1.37
ofsetni papir 170 g,200 line,322,31.0,0.0,100.0,88.0,21.0,43.0,-4.0,22.0,61.0,-4.0,1.26
ofsetni papir 170 g,200 line,323,31.0,52.0,100.0,88.0,17.0,93.0,0.0,19.0,82.0,0.0,1.44
ofsetni papir 170 g,200 line,324,31.0,100.0,100.0,88.0,16.0,20.0,4.0,17.0,23.0,4.0,0.7
ofsetni papir 170 g,200 line,325,72.0,0.0,100.0,88.0,18.0,77.0,-8.0,19.0,29.0,-8.0,0.42
ofsetni papir 170 g,200 line,326,72.0,52.0,100.0,88.0,15.0,82.0,-2.0,15.0,19.0,-2.0,0.62
ofsetni papir 170 g,200 line,327,72.0,100.0,100.0,88.0,15.0,51.0,0.0,14.0,21.0,0.0,1.03
ofsetni papir 170 g,200 line,328,100.0,0.0,100.0,88.0,17.0,75.0,-9.0,18.0,8.0,-10.0,1.13
ofsetni papir 170 g,200 line,329,100.0,52.0,100.0,88.0,14.0,29.0,-2.0,14.0,96.0,-3.0,0.74
ofsetni papir 170 g,200 line,330,100.0,100.0,100.0,88.0,14.0,36.0,-0.0,13.0,66.0,-0.0,0.72
ofsetni papir 170 g,200 line,331,0.0,0.0,0.0,100.0,15.0,77.0,-0.0,16.0,44.0,-0.0,0.47
ofsetni papir 170 g,200 line,332,0.0,52.0,0.0,100.0,14.0,2.0,2.0,13.0,82.0,1.0,0.56
ofsetni papir 170 g,200 line,333,0.0,100.0,0.0,100.0,14.0,48.0,3.0,13.0,75.0,4.0,0.8
ofsetni papir 170 g,200 line,334,52.0,0.0,0.0,100.0,13.0,60.0,-0.0,14.0,27.0,-1.0,1.55
ofsetni papir 170 g,200 line,335,52.0,52.0,0.0,100.0,13.0,20.0,1.0,12.0,78.0,0.0,0.5
ofsetni papir 170 g,200 line,336,52.0,100.0,0.0,100.0,11.0,92.0,3.0,13.0,31.0,2.0,1.22
ofsetni papir 170 g,200 line,337,100.0,0.0,0.0,100.0,14.0,80.0,-2.0,15.0,25.0,-3.0,1.34
ofsetni papir 170 g,200 line,338,100.0,52.0,0.0,100.0,13.0,0.0,0.0,13.0,78.0,0.0,0.69
ofsetni papir 170 g,200 line,339,100.0,100.0,0.0,100.0,13.0,39.0,1.0,12.0,94.0,1.0,0.39
ofsetni papir 170 g,200 line,340,0.0,0.0,52.0,100.0,15.0,16.0,-1.0,15.0,4.0,-1.0,0.4
ofsetni papir 170 g,200 line,341,0.0,52.0,52.0,100.0,15.0,88.0,1.0,14.0,28.0,0.0,1.26
ofsetni papir 170 g,200 line,342,0.0,100.0,52.0,100.0,14.0,4.0,3.0,14.0,57.0,2.0,1.08
ofsetni papir 170 g,200 line,343,52.0,0.0,52.0,100.0,14.0,70.0,-2.0,14.0,0.0,-2.0,0.67
ofsetni papir 170 g,200 line,344,52.0,52.0,52.0,100.0,13.0,89.0,-0.0,14.0,29.0,-0.0,0.77
ofsetni papir 170 g,200 line,345,52.0,100.0,52.0,100.0,14.0,5.0,1.0,13.0,14.0,1.0,0.85
ofsetni papir 170 g,200 line,346,100.0,0.0,52.0,100.0,13.0,91.0,-2.0,14.0,4.0,-3.0,1.69
ofsetni papir 170 g,200 line,347,100.0,52.0,52.0,100.0,14.0,4.0,-1.0,13.0,27.0,-1.0,0.86
ofsetni papir 170 g,200 line,348,100.0,100.0,52.0,100.0,14.0,87.0,1.0,13.0,88.0,0.0,4.38
ofsetni papir 170 g,200 line,349,0.0,0.0,100.0,100.0,14.0,87.0,-2.0,15.0,62.0,-2.0,0.75
ofsetni papir 170 g,200 line,350,0.0,52.0,100.0,100.0,14.0,28.0,0.0,15.0,39.0,-0.0,0.91
ofsetni papir 170 g,200 line,351,0.0,100.0,100.0,100.0,14.0,97.0,2.0,14.0,75.0,1.0,0.5
ofsetni papir 170 g,200 line,352,52.0,0.0,100.0,100.0,15.0,51.0,-3.0,15.0,28.0,-3.0,0.33
ofsetni papir 170 g,200 line,353,52.0,52.0,100.0,100.0,15.0,8.0,-0.0,14.0,78.0,-1.0,0.69
ofsetni papir 170 g,200 line,354,52.0,100.0,100.0,100.0,14.0,43.0,0.0,14.0,22.0,0.0,0.65
ofsetni papir 170 g,200 line,355,100.0,0.0,100.0,100.0,15.0,59.0,-4.0,14.0,38.0,-4.0,0.83
ofsetni papir 170 g,200 line,356,100.0,52.0,100.0,100.0,14.0,41.0,-2.0,14.0,55.0,-2.0,0.14
ofsetni papir 170 g,200 line,357,100.0,100.0,100.0,100.0,15.0,6.0,-0.0,14.0,14.0,-0.0,0.97
ofsetni papir 170 g,200 line,358,5.0,0.0,0.0,0.0,92.0,42.0,-0.0,92.0,14.0,-0.0,0.35
ofsetni papir 170 g,200 line,359,28.0,0.0,0.0,0.0,83.0,37.0,-8.0,82.0,27.0,-10.0,1.2
ofsetni papir 170 g,200 line,360,95.0,0.0,0.0,0.0,53.0,76.0,-33.0,53.0,78.0,-33.0,0.04
ofsetni papir 170 g,200 line,361,0.0,4.0,0.0,0.0,93.0,40.0,1.0,93.0,23.0,0.0,0.18
ofsetni papir 170 g,200 line,362,0.0,11.0,0.0,0.0,90.0,58.0,2.0,91.0,10.0,2.0,0.63
ofsetni papir 170 g,200 line,363,0.0,93.0,0.0,0.0,49.0,91.0,56.0,49.0,17.0,57.0,0.94
ofsetni papir 170 g,200 line,364,0.0,0.0,4.0,0.0,93.0,97.0,0.0,93.0,64.0,0.0,0.29
ofsetni papir 170 g,200 line,365,0.0,0.0,11.0,0.0,93.0,21.0,-0.0,92.0,88.0,-0.0,0.48
ofsetni papir 170 g,200 line,366,0.0,0.0,93.0,0.0,86.0,76.0,-3.0,87.0,41.0,-4.0,1.3
ofsetni papir 170 g,200 line,367,0.0,0.0,0.0,4.0,89.0,0.0,0.0,89.0,17.0,0.0,0.3
ofsetni papir 170 g,200 line,368,0.0,0.0,0.0,13.0,80.0,56.0,0.0,82.0,28.0,0.0,1.19
ofsetni papir 170 g,200 line,369,0.0,0.0,0.0,95.0,17.0,81.0,-0.0,17.0,96.0,-0.0,0.22
ofsetni papir 170 g,200 line,370,9.0,7.0,7.0,0.0,85.0,42.0,0.0,86.0,41.0,0.0,0.72
ofsetni papir 170 g,200 line,371,19.0,15.0,15.0,0.0,74.0,89.0,-0.0,75.0,43.0,-0.0,0.61
ofsetni papir 170 g,200 line,372,29.0,23.0,23.0,0.0,67.0,15.0,-0.0,66.0,88.0,-0.0,0.23
ofsetni papir 170 g,200 line,373,39.0,31.0,31.0,0.0,57.0,62.0,-0.0,58.0,29.0,-0.0,0.77
ofsetni papir 170 g,200 line,374,49.0,39.0,39.0,4.0,45.0,30.0,-0.0,48.0,27.0,-0.0,2.9
ofsetni papir 170 g,200 line,375,59.0,47.0,47.0,16.0,36.0,6.0,-1.0,38.0,63.0,-1.0,2.26
ofsetni papir 170 g,200 line,376,69.0,55.0,55.0,31.0,28.0,19.0,-1.0,30.0,33.0,-2.0,1.79
ofsetni papir 170 g,200 line,377,79.0,63.0,63.0,48.0,22.0,42.0,-2.0,23.0,27.0,-3.0,1.04
ofsetni papir 170 g,200 line,378,89.0,71.0,71.0,72.0,15.0,81.0,-1.0,16.0,93.0,-2.0,1.55
ofsetni papir 170 g,200 line,379,99.0,79.0,79.0,100.0,15.0,79.0,-0.0,15.0,43.0,-1.0,0.66
ofsetni papir 170 g,200 line,380,9.0,7.0,7.0,0.0,85.0,47.0,0.0,86.0,43.0,0.0,0.64
ofsetni papir 170 g,200 line,381,18.0,14.0,14.0,0.0,76.0,90.0,-0.0,78.0,17.0,-0.0,1.03
ofsetni papir 170 g,200 line,382,27.0,21.0,21.0,0.0,68.0,47.0,-0.0,68.0,77.0,-0.0,0.46
ofsetni papir 170 g,200 line,383,36.0,29.0,29.0,0.0,59.0,64.0,-0.0,61.0,46.0,-0.0,1.65
ofsetni papir 170 g,200 line,384,45.0,36.0,36.0,0.0,51.0,87.0,-0.0,53.0,98.0,-0.0,2.06
ofsetni papir 170 g,200 line,385,54.0,43.0,43.0,0.0,44.0,71.0,-0.0,46.0,64.0,-0.0,1.87
ofsetni papir 170 g,200 line,386,63.0,50.0,50.0,0.0,37.0,95.0,-1.0,40.0,17.0,-1.0,1.99
ofsetni papir 170 g,200 line,387,72.0,58.0,58.0,0.0,33.0,96.0,-2.0,36.0,70.0,-3.0,2.31
ofsetni papir 170 g,200 line,388,81.0,65.0,65.0,2.0,29.0,34.0,-4.0,30.0,94.0,-5.0,1.7
ofsetni papir 170 g,200 line,389,90.0,72.0,72.0,49.0,20.0,21.0,-3.0,21.0,90.0,-4.0,1.37
ofsetni papir 170 g,200 line,390,24.0,19.0,19.0,11.0,64.0,20.0,-0.0,64.0,26.0,-0.0,0.47
ofsetni papir 170 g,200 line,391,49.0,39.0,39.0,30.0,35.0,62.0,-0.0,37.0,90.0,-0.0,1.96
ofsetni papir 170 g,200 line,392,74.0,59.0,59.0,59.0,21.0,76.0,-1.0,23.0,4.0,-2.0,1.46
ofsetni papir 170 g,200 line,393,28.0,0.0,0.0,0.0,83.0,77.0,-8.0,82.0,79.0,-9.0,1.36
ofsetni papir 170 g,200 line,394,64.0,0.0,0.0,0.0,64.0,53.0,-25.0,66.0,3.0,-23.0,1.41
ofsetni papir 170 g,200 line,395,0.0,21.0,0.0,0.0,86.0,93.0,6.0,88.0,95.0,4.0,2.33
ofsetni papir 170 g,200 line,396,0.0,52.0,0.0,0.0,72.0,12.0,23.0,74.0,13.0,21.0,1.76
ofsetni papir 170 g,200 line,397,0.0,0.0,21.0,0.0,92.0,45.0,-0.0,92.0,56.0,-0.0,0.33
ofsetni papir 170 g,200 line,398,0.0,0.0,52.0,0.0,90.0,2.0,-3.0,90.0,27.0,-3.0,0.36
ofsetni papir 170 g,200 line,399,0.0,0.0,0.0,25.0,70.0,38.0,0.0,71.0,14.0,0.0,0.6
ofsetni papir 170 g,200 line,400,0.0,0.0,0.0,60.0,40.0,44.0,-0.0,43.0,14.0,-0.0,2.44
ofsetni papir 170 g,300 dot,1,0.0,0.0,0.0,0.0,94.0,8.0,0.0,93.0,30.0,0.0,0.49
ofsetni papir 170 g,300 dot,2,0.0,21.0,0.0,0.0,84.0,58.0,8.0,71.0,40.0,-21.0,35.11
ofsetni papir 170 g,300 dot,3,0.0,52.0,0.0,0.0,70.0,61.0,23.0,71.0,89.0,26.0,1.61
ofsetni papir 170 g,300 dot,4,0.0,81.0,0.0,0.0,57.0,24.0,42.0,55.0,19.0,50.0,3.07
ofsetni papir 170 g,300 dot,5,0.0,100.0,0.0,0.0,47.0,84.0,59.0,48.0,9.0,60.0,0.49
ofsetni papir 170 g,300 dot,6,16.0,0.0,0.0,0.0,87.0,11.0,-4.0,90.0,23.0,-2.0,3.02
ofsetni papir 170 g,300 dot,7,16.0,21.0,0.0,0.0,78.0,83.0,3.0,85.0,89.0,2.0,5.17
ofsetni papir 170 g,300 dot,8,16.0,52.0,0.0,0.0,65.0,51.0,19.0,70.0,89.0,23.0,4.83
ofsetni papir 170 g,300 dot,9,16.0,81.0,0.0,0.0,51.0,80.0,36.0,55.0,0.0,44.0,4.31
ofsetni papir 170 g,300 dot,10,16.0,100.0,0.0,0.0,43.0,51.0,53.0,46.0,72.0,57.0,3.44
ofsetni papir 170 g,300 dot,11,39.0,0.0,0.0,0.0,77.0,96.0,-10.0,82.0,5.0,-10.0,2.9
ofsetni papir 170 g,300 dot,12,39.0,21.0,0.0,0.0,71.0,70.0,-3.0,77.0,40.0,-5.0,4.5
ofsetni papir 170 g,300 dot,13,39.0,52.0,0.0,0.0,58.0,93.0,10.0,62.0,57.0,14.0,4.22
ofsetni papir 170 g,300 dot,14,39.0,81.0,0.0,0.0,46.0,30.0,26.0,48.0,11.0,34.0,3.87
ofsetni papir 170 g,300 dot,15,39.0,100.0,0.0,0.0,40.0,21.0,41.0,85.0,32.0,-8.0,51.13
ofsetni papir 170 g,300 dot,16,64.0,0.0,0.0,0.0,68.0,7.0,-20.0,29.0,49.0,10.0,42.97
ofsetni papir 170 g,300 dot,17,64.0,21.0,0.0,0.0,61.0,50.0,-13.0,67.0,13.0,-15.0,4.74
ofsetni papir 170 g,300 dot,18,64.0,52.0,0.0,0.0,50.0,57.0,-1.0,54.0,86.0,2.0,4.83
ofsetni papir 170 g,300 dot,19,64.0,81.0,0.0,0.0,40.0,57.0,13.0,42.0,63.0,20.0,5.03
ofsetni papir 170 g,300 dot,20,64.0,100.0,0.0,0.0,34.0,20.0,25.0,36.0,8.0,30.0,3.26
ofsetni papir 170 g,300 dot,21,85.0,0.0,0.0,0.0,58.0,40.0,-29.0,60.0,99.0,-30.0,2.33
ofsetni papir 170 g,300 dot,22,85.0,21.0,0.0,0.0,53.0,46.0,-23.0,58.0,20.0,-25.0,4.54
ofsetni papir 170 g,300 dot,23,85.0,52.0,0.0,0.0,44.0,17.0,-10.0,47.0,49.0,-10.0,3.24
ofsetni papir 170 g,300 dot,24,85.0,81.0,0.0,0.0,35.0,47.0,3.0,37.0,28.0,6.0,2.28
ofsetni papir 170 g,300 dot,25,85.0,100.0,0.0,0.0,29.0,68.0,12.0,31.0,40.0,16.0,2.8
ofsetni papir 170 g,300 dot,26,100.0,0.0,0.0,0.0,52.0,56.0,-34.0,56.0,25.0,-33.0,3.57
ofsetni papir 170 g,300 dot,27,100.0,21.0,0.0,0.0,47.0,2.0,-29.0,53.0,67.0,-30.0,6.69
ofsetni papir 170 g,300 dot,28,100.0,52.0,0.0,0.0,40.0,18.0,-17.0,44.0,3.0,-15.0,3.66
ofsetni papir 170 g,300 dot,29,100.0,81.0,0.0,0.0,32.0,18.0,-2.0,16.0,99.0,-1.0,23.33
ofsetni papir 170 g,300 dot,30,100.0,100.0,0.0,0.0,27.0,72.0,6.0,45.0,88.0,35.0,32.6
ofsetni papir 170 g,300 dot,31,0.0,0.0,21.0,0.0,91.0,59.0,-1.0,92.0,10.0,-1.0,0.81
ofsetni papir 170 g,300 dot,32,0.0,21.0,21.0,0.0,82.0,76.0,6.0,87.0,27.0,3.0,4.96
ofsetni papir 170 g,300 dot,33,0.0,52.0,21.0,0.0,68.0,84.0,24.0,70.0,19.0,26.0,1.62
ofsetni papir 170 g,300 dot,34,0.0,81.0,21.0,0.0,57.0,5.0,42.0,54.0,94.0,49.0,3.13
ofsetni papir 170 g,300 dot,35,0.0,100.0,21.0,0.0,47.0,25.0,59.0,47.0,68.0,60.0,0.55
ofsetni papir 170 g,300 dot,36,16.0,0.0,21.0,0.0,85.0,29.0,-5.0,89.0,81.0,-4.0,3.82
ofsetni papir 170 g,300 dot,37,16.0,21.0,21.0,0.0,73.0,63.0,2.0,82.0,72.0,0.0,7.16
ofsetni papir 170 g,300 dot,38,16.0,52.0,21.0,0.0,60.0,71.0,18.0,66.0,14.0,21.0,4.85
ofsetni papir 170 g,300 dot,39,16.0,81.0,21.0,0.0,49.0,93.0,35.0,51.0,86.0,43.0,3.31
ofsetni papir 170 g,300 dot,40,16.0,100.0,21.0,0.0,42.0,92.0,50.0,45.0,95.0,56.0,3.39
ofsetni papir 170 g,300 dot,41,39.0,0.0,21.0,0.0,75.0,99.0,-13.0,81.0,14.0,-13.0,3.86
ofsetni papir 170 g,300 dot,42,39.0,21.0,21.0,0.0,64.0,96.0,-4.0,72.0,57.0,-4.0,6.09
ofsetni papir 170 g,300 dot,43,39.0,52.0,21.0,0.0,53.0,39.0,11.0,93.0,3.0,-0.0,32.34
ofsetni papir 170 g,300 dot,44,39.0,81.0,21.0,0.0,43.0,40.0,26.0,41.0,39.0,-18.0,46.9
ofsetni papir 170 g,300 dot,45,39.0,100.0,21.0,0.0,37.0,19.0,39.0,40.0,51.0,47.0,4.0
ofsetni papir 170 g,300 dot,46,64.0,0.0,21.0,0.0,64.0,61.0,-25.0,69.0,52.0,-25.0,4.06
ofsetni papir 170 g,300 dot,47,64.0,21.0,21.0,0.0,54.0,94.0,-15.0,62.0,77.0,-16.0,7.11
ofsetni papir 170 g,300 dot,48,64.0,52.0,21.0,0.0,45.0,10.0,0.0,51.0,34.0,1.0,6.26
ofsetni papir 170 g,300 dot,49,64.0,81.0,21.0,0.0,35.0,62.0,14.0,38.0,96.0,19.0,3.94
ofsetni papir 170 g,300 dot,50,64.0,100.0,21.0,0.0,31.0,75.0,24.0,34.0,8.0,29.0,3.03
ofsetni papir 170 g,300 dot,51,85.0,0.0,21.0,0.0,56.0,42.0,-34.0,59.0,64.0,-36.0,3.08
ofsetni papir 170 g,300 dot,52,85.0,21.0,21.0,0.0,47.0,76.0,-24.0,54.0,45.0,-28.0,6.86
ofsetni papir 170 g,300 dot,53,85.0,52.0,21.0,0.0,38.0,82.0,-10.0,43.0,77.0,-10.0,4.48
ofsetni papir 170 g,300 dot,54,85.0,81.0,21.0,0.0,30.0,91.0,2.0,33.0,77.0,6.0,3.54
ofsetni papir 170 g,300 dot,55,85.0,100.0,21.0,0.0,27.0,36.0,10.0,29.0,34.0,15.0,3.82
ofsetni papir 170 g,300 dot,56,100.0,0.0,21.0,0.0,50.0,11.0,-41.0,54.0,6.0,-40.0,4.08
ofsetni papir 170 g,300 dot,57,100.0,21.0,21.0,0.0,44.0,37.0,-32.0,15.0,43.0,4.0,42.48
ofsetni papir 170 g,300 dot,58,100.0,52.0,21.0,0.0,36.0,19.0,-16.0,70.0,63.0,-5.0,46.39
ofsetni papir 170 g,300 dot,59,100.0,81.0,21.0,0.0,29.0,26.0,-3.0,31.0,83.0,-2.0,2.25
ofsetni papir 170 g,300 dot,60,100.0,100.0,21.0,0.0,25.0,51.0,2.0,27.0,79.0,6.0,2.53
ofsetni papir 170 g,300 dot,61,0.0,0.0,52.0,0.0,88.0,78.0,-2.0,90.0,27.0,-4.0,2.31
ofsetni papir 170 g,300 dot,62,0.0,21.0,52.0,0.0,80.0,42.0,6.0,83.0,90.0,4.0,3.15
ofsetni papir 170 g,300 dot,63,0.0,52.0,52.0,0.0,67.0,70.0,23.0,67.0,96.0,26.0,1.89
ofsetni papir 170 g,300 dot,64,0.0,81.0,52.0,0.0,55.0,40.0,42.0,54.0,3.0,48.0,2.57
ofsetni papir 170 g,300 dot,65,0.0,100.0,52.0,0.0,46.0,67.0,57.0,47.0,17.0,58.0,0.7
ofsetni papir 170 g,300 dot,66,16.0,0.0,52.0,0.0,81.0,59.0,-6.0,88.0,9.0,-5.0,4.84
ofsetni papir 170 g,300 dot,67,16.0,21.0,52.0,0.0,71.0,37.0,2.0,80.0,15.0,0.0,7.04
ofsetni papir 170 g,300 dot,68,16.0,52.0,52.0,0.0,59.0,58.0,18.0,64.0,45.0,21.0,4.65
ofsetni papir 170 g,300 dot,69,16.0,81.0,52.0,0.0,50.0,3.0,34.0,51.0,22.0,43.0,3.87
ofsetni papir 170 g,300 dot,70,16.0,100.0,52.0,0.0,42.0,44.0,49.0,45.0,23.0,55.0,3.17
ofsetni papir 170 g,300 dot,71,39.0,0.0,52.0,0.0,73.0,3.0,-15.0,16.0,54.0,-5.0,56.44
ofsetni papir 170 g,300 dot,72,39.0,21.0,52.0,0.0,60.0,42.0,-5.0,52.0,28.0,-47.0,25.5
ofsetni papir 170 g,300 dot,73,39.0,52.0,52.0,0.0,50.0,71.0,9.0,56.0,16.0,11.0,5.58
ofsetni papir 170 g,300 dot,74,39.0,81.0,52.0,0.0,42.0,60.0,24.0,44.0,60.0,30.0,3.52
ofsetni papir 170 g,300 dot,75,39.0,100.0,52.0,0.0,37.0,22.0,36.0,39.0,38.0,42.0,2.87
ofsetni papir 170 g,300 dot,76,64.0,0.0,52.0,0.0,61.0,49.0,-28.0,66.0,91.0,-30.0,4.79
ofsetni papir 170 g,300 dot,77,64.0,21.0,52.0,0.0,53.0,30.0,-17.0,60.0,67.0,-19.0,6.86
ofsetni papir 170 g,300 dot,78,64.0,52.0,52.0,0.0,38.0,56.0,-1.0,45.0,70.0,-1.0,6.64
ofsetni papir 170 g,300 dot,79,64.0,81.0,52.0,0.0,32.0,64.0,12.0,37.0,12.0,15.0,4.17
ofsetni papir 170 g,300 dot,80,64.0,100.0,52.0,0.0,29.0,71.0,21.0,32.0,83.0,25.0,3.27
ofsetni papir 170 g,300 dot,81,85.0,0.0,52.0,0.0,53.0,67.0,-39.0,57.0,24.0,-41.0,3.75
ofsetni papir 170 g,300 dot,82,85.0,21.0,52.0,0.0,45.0,89.0,-29.0,52.0,57.0,-31.0,6.79
ofsetni papir 170 g,300 dot,83,85.0,52.0,52.0,0.0,34.0,63.0,-12.0,40.0,75.0,-14.0,5.52
ofsetni papir 170 g,300 dot,84,85.0,81.0,52.0,0.0,27.0,71.0,2.0,30.0,82.0,3.0,2.92
ofsetni papir 170 g,300 dot,85,85.0,100.0,52.0,0.0,25.0,9.0,8.0,21.0,35.0,2.0,18.92
ofsetni papir 170 g,300 dot,86,100.0,0.0,52.0,0.0,48.0,35.0,-47.0,46.0,6.0,55.0,62.4
ofsetni papir 170 g,300 dot,87,100.0,21.0,52.0,0.0,42.0,64.0,-36.0,49.0,39.0,-42.0,7.21
ofsetni papir 170 g,300 dot,88,100.0,52.0,52.0,0.0,32.0,77.0,-19.0,38.0,21.0,-23.0,5.05
ofsetni papir 170 g,300 dot,89,100.0,81.0,52.0,0.0,24.0,78.0,-4.0,28.0,92.0,-4.0,3.16
ofsetni papir 170 g,300 dot,90,100.0,100.0,52.0,0.0,22.0,15.0,1.0,26.0,8.0,3.0,3.53
ofsetni papir 170 g,300 dot,91,0.0,0.0,81.0,0.0,86.0,17.0,-2.0,88.0,13.0,-4.0,1.91
ofsetni papir 170 g,300 dot,92,0.0,21.0,81.0,0.0,78.0,97.0,6.0,80.0,92.0,5.0,1.68
ofsetni papir 170 g,300 dot,93,0.0,52.0,81.0,0.0,65.0,44.0,25.0,65.0,6.0,28.0,2.09
ofsetni papir 170 g,300 dot,94,0.0,81.0,81.0,0.0,53.0,73.0,43.0,52.0,76.0,48.0,2.97
ofsetni papir 170 g,300 dot,95,0.0,100.0,81.0,0.0,45.0,88.0,58.0,45.0,89.0,59.0,0.53
ofsetni papir 170 g,300 dot,96,16.0,0.0,81.0,0.0,79.0,31.0,-7.0,86.0,30.0,-6.0,5.07
ofsetni papir 170 g,300 dot,97,16.0,21.0,81.0,0.0,69.0,97.0,2.0,78.0,47.0,0.0,6.65
ofsetni papir 170 g,300 dot,98,16.0,52.0,81.0,0.0,58.0,9.0,17.0,61.0,44.0,23.0,4.51
ofsetni papir 170 g,300 dot,99,16.0,81.0,81.0,0.0,49.0,7.0,35.0,18.0,50.0,12.0,29.91
ofsetni papir 170 g,300 dot,100,16.0,100.0,81.0,0.0,41.0,82.0,49.0,31.0,19.0,0.0,26.12
ofsetni papir 170 g,300 dot,101,39.0,0.0,81.0,0.0,70.0,84.0,-16.0,76.0,91.0,-17.0,4.76
ofsetni papir 170 g,300 dot,102,39.0,21.0,81.0,0.0,60.0,13.0,-5.0,67.0,49.0,-6.0,6.83
ofsetni papir 170 g,300 dot,103,39.0,52.0,81.0,0.0,49.0,40.0,9.0,53.0,97.0,11.0,4.82
ofsetni papir 170 g,300 dot,104,39.0,81.0,81.0,0.0,40.0,97.0,24.0,43.0,88.0,30.0,4.23
ofsetni papir 170 g,300 dot,105,39.0,100.0,81.0,0.0,36.0,62.0,35.0,38.0,96.0,41.0,3.01
ofsetni papir 170 g,300 dot,106,64.0,0.0,81.0,0.0,59.0,81.0,-29.0,65.0,65.0,-31.0,5.2
ofsetni papir 170 g,300 dot,107,64.0,21.0,81.0,0.0,51.0,87.0,-19.0,58.0,21.0,-20.0,6.39
ofsetni papir 170 g,300 dot,108,64.0,52.0,81.0,0.0,39.0,81.0,-2.0,46.0,38.0,-3.0,6.57
ofsetni papir 170 g,300 dot,109,64.0,81.0,81.0,0.0,31.0,99.0,11.0,35.0,11.0,14.0,3.16
ofsetni papir 170 g,300 dot,110,64.0,100.0,81.0,0.0,28.0,77.0,19.0,31.0,29.0,23.0,3.27
ofsetni papir 170 g,300 dot,111,85.0,0.0,81.0,0.0,51.0,97.0,-42.0,56.0,30.0,-44.0,4.3
ofsetni papir 170 g,300 dot,112,85.0,21.0,81.0,0.0,45.0,40.0,-32.0,50.0,77.0,-35.0,5.85
ofsetni papir 170 g,300 dot,113,85.0,52.0,81.0,0.0,34.0,48.0,-14.0,26.0,15.0,-0.0,15.45
ofsetni papir 170 g,300 dot,114,85.0,81.0,81.0,0.0,25.0,51.0,1.0,62.0,99.0,23.0,43.72
ofsetni papir 170 g,300 dot,115,85.0,100.0,81.0,0.0,23.0,98.0,8.0,26.0,50.0,11.0,3.15
ofsetni papir 170 g,300 dot,116,100.0,0.0,81.0,0.0,46.0,75.0,-51.0,50.0,87.0,-51.0,4.46
ofsetni papir 170 g,300 dot,117,100.0,21.0,81.0,0.0,41.0,11.0,-40.0,48.0,12.0,-44.0,7.31
ofsetni papir 170 g,300 dot,118,100.0,52.0,81.0,0.0,31.0,53.0,-22.0,37.0,53.0,-25.0,5.43
ofsetni papir 170 g,300 dot,119,100.0,81.0,81.0,0.0,23.0,56.0,-5.0,28.0,24.0,-8.0,4.4
ofsetni papir 170 g,300 dot,120,100.0,100.0,81.0,0.0,20.0,82.0,0.0,24.0,81.0,0.0,2.89
ofsetni papir 170 g,300 dot,121,0.0,0.0,100.0,0.0,85.0,49.0,-2.0,86.0,81.0,-3.0,1.3
ofsetni papir 170 g,300 dot,122,0.0,21.0,100.0,0.0,77.0,45.0,7.0,79.0,40.0,5.0,1.73
ofsetni papir 170 g,300 dot,123,0.0,52.0,100.0,0.0,64.0,2.0,26.0,62.0,73.0,30.0,3.18
ofsetni papir 170 g,300 dot,124,0.0,81.0,100.0,0.0,53.0,9.0,45.0,51.0,25.0,49.0,3.99
ofsetni papir 170 g,300 dot,125,0.0,100.0,100.0,0.0,45.0,49.0,57.0,45.0,51.0,58.0,0.31
ofsetni papir 170 g,300 dot,126,16.0,0.0,100.0,0.0,78.0,80.0,-7.0,84.0,96.0,-5.0,4.44
ofsetni papir 170 g,300 dot,127,16.0,21.0,100.0,0.0,69.0,77.0,1.0,31.0,74.0,20.0,44.9
ofsetni papir 170 g,300 dot,128,16.0,52.0,100.0,0.0,58.0,45.0,17.0,51.0,1.0,-35.0,36.74
ofsetni papir 170 g,300 dot,129,16.0,81.0,100.0,0.0,48.0,47.0,34.0,50.0,53.0,44.0,4.6
ofsetni papir 170 g,300 dot,130,16.0,100.0,100.0,0.0,41.0,96.0,47.0,45.0,57.0,54.0,3.92
ofsetni papir 170 g,300 dot,131,39.0,0.0,100.0,0.0,70.0,36.0,-16.0,75.0,91.0,-17.0,4.3
ofsetni papir 170 g,300 dot,132,39.0,21.0,100.0,0.0,59.0,91.0,-6.0,67.0,91.0,-6.0,6.95
ofsetni papir 170 g,300 dot,133,39.0,52.0,100.0,0.0,48.0,37.0,8.0,54.0,21.0,10.0,6.04
ofsetni papir 170 g,300 dot,134,39.0,81.0,100.0,0.0,40.0,87.0,22.0,43.0,67.0,29.0,4.14
ofsetni papir 170 g,300 dot,135,39.0,100.0,100.0,0.0,36.0,52.0,34.0,39.0,2.0,40.0,3.02
ofsetni papir 170 g,300 dot,136,64.0,0.0,100.0,0.0,58.0,74.0,-30.0,64.0,43.0,-31.0,5.08
ofsetni papir 170 g,300 dot,137,64.0,21.0,100.0,0.0,51.0,9.0,-19.0,57.0,59.0,-20.0,6.41
ofsetni papir 170 g,300 dot,138,64.0,52.0,100.0,0.0,39.0,19.0,-3.0,46.0,28.0,-3.0,6.99
ofsetni papir 170 g,300 dot,139,64.0,81.0,100.0,0.0,31.0,75.0,9.0,34.0,99.0,13.0,4.13
ofsetni papir 170 g,300 dot,140,64.0,100.0,100.0,0.0,28.0,94.0,17.0,31.0,30.0,22.0,3.22
ofsetni papir 170 g,300 dot,141,85.0,0.0,100.0,0.0,51.0,23.0,-43.0,43.0,39.0,-8.0,18.24
ofsetni papir 170 g,300 dot,142,85.0,21.0,100.0,0.0,43.0,84.0,-33.0,66.0,21.0,7.0,39.3
ofsetni papir 170 g,300 dot,143,85.0,52.0,100.0,0.0,35.0,17.0,-14.0,41.0,57.0,-16.0,6.17
ofsetni papir 170 g,300 dot,144,85.0,81.0,100.0,0.0,30.0,10.0,-0.0,31.0,65.0,-0.0,2.44
ofsetni papir 170 g,300 dot,145,85.0,100.0,100.0,0.0,26.0,29.0,6.0,27.0,81.0,8.0,2.25
ofsetni papir 170 g,300 dot,146,100.0,0.0,100.0,0.0,46.0,82.0,-52.0,50.0,27.0,-52.0,3.74
ofsetni papir 170 g,300 dot,147,100.0,21.0,100.0,0.0,41.0,81.0,-42.0,47.0,24.0,-46.0,5.51
ofsetni papir 170 g,300 dot,148,100.0,52.0,100.0,0.0,32.0,33.0,-24.0,36.0,94.0,-26.0,4.13
ofsetni papir 170 g,300 dot,149,100.0,81.0,100.0,0.0,24.0,72.0,-6.0,28.0,87.0,-8.0,4.02
ofsetni papir 170 g,300 dot,150,100.0,100.0,100.0,0.0,20.0,36.0,-0.0,25.0,35.0,-0.0,3.79
ofsetni papir 170 g,300 dot,151,0.0,0.0,0.0,25.0,72.0,62.0,0.0,79.0,28.0,0.0,4.88
ofsetni papir 170 g,300 dot,152,0.0,31.0,0.0,25.0,63.0,11.0,10.0,69.0,79.0,12.0,5.55
ofsetni papir 170 g,300 dot,153,0.0,72.0,0.0,25.0,47.0,78.0,31.0,49.0,30.0,37.0,2.96
ofsetni papir 170 g,300 dot,154,0.0,100.0,0.0,25.0,38.0,5.0,49.0,42.0,39.0,53.0,4.1
ofsetni papir 170 g,300 dot,155,21.0,0.0,0.0,25.0,67.0,91.0,-5.0,29.0,34.0,16.0,47.14
ofsetni papir 170 g,300 dot,156,21.0,31.0,0.0,25.0,58.0,1.0,5.0,26.0,6.0,7.0,30.41
ofsetni papir 170 g,300 dot,157,21.0,72.0,0.0,25.0,44.0,28.0,24.0,47.0,38.0,32.0,4.51
ofsetni papir 170 g,300 dot,158,21.0,100.0,0.0,25.0,35.0,3.0,40.0,38.0,62.0,47.0,3.82
ofsetni papir 170 g,300 dot,159,52.0,0.0,0.0,25.0,58.0,52.0,-13.0,67.0,70.0,-15.0,7.86
ofsetni papir 170 g,300 dot,160,52.0,31.0,0.0,25.0,51.0,44.0,-3.0,57.0,1.0,-3.0,5.36
ofsetni papir 170 g,300 dot,161,52.0,72.0,0.0,25.0,38.0,69.0,13.0,41.0,14.0,17.0,3.6
ofsetni papir 170 g,300 dot,162,52.0,100.0,0.0,25.0,30.0,67.0,27.0,33.0,65.0,32.0,3.06
ofsetni papir 170 g,300 dot,163,81.0,0.0,0.0,25.0,48.0,68.0,-24.0,55.0,58.0,-26.0,6.88
ofsetni papir 170 g,300 dot,164,81.0,31.0,0.0,25.0,42.0,22.0,-14.0,46.0,86.0,-14.0,4.4
ofsetni papir 170 g,300 dot,165,81.0,72.0,0.0,25.0,31.0,13.0,0.0,33.0,97.0,4.0,3.08
ofsetni papir 170 g,300 dot,166,81.0,100.0,0.0,25.0,25.0,55.0,11.0,27.0,81.0,15.0,2.62
ofsetni papir 170 g,300 dot,167,100.0,0.0,0.0,25.0,43.0,15.0,-31.0,50.0,95.0,-34.0,7.71
ofsetni papir 170 g,300 dot,168,100.0,31.0,0.0,25.0,37.0,26.0,-20.0,42.0,69.0,-21.0,4.82
ofsetni papir 170 g,300 dot,169,100.0,72.0,0.0,25.0,28.0,53.0,-5.0,38.0,71.0,-17.0,12.87
ofsetni papir 170 g,300 dot,170,100.0,100.0,0.0,25.0,23.0,99.0,4.0,44.0,57.0,-18.0,24.04
ofsetni papir 170 g,300 dot,171,0.0,0.0,31.0,25.0,71.0,37.0,-1.0,80.0,83.0,-2.0,7.53
ofsetni papir 170 g,300 dot,172,0.0,31.0,31.0,25.0,62.0,39.0,9.0,68.0,61.0,9.0,5.27
ofsetni papir 170 g,300 dot,173,0.0,72.0,31.0,25.0,47.0,64.0,29.0,49.0,85.0,35.0,3.43
ofsetni papir 170 g,300 dot,174,0.0,100.0,31.0,25.0,38.0,14.0,46.0,42.0,24.0,51.0,3.95
ofsetni papir 170 g,300 dot,175,21.0,0.0,31.0,25.0,65.0,42.0,-6.0,73.0,21.0,-6.0,6.48
ofsetni papir 170 g,300 dot,176,21.0,31.0,31.0,25.0,54.0,25.0,4.0,61.0,59.0,2.0,6.99
ofsetni papir 170 g,300 dot,177,21.0,72.0,31.0,25.0,41.0,42.0,24.0,44.0,98.0,28.0,3.82
ofsetni papir 170 g,300 dot,178,21.0,100.0,31.0,25.0,34.0,80.0,38.0,37.0,73.0,42.0,2.85
ofsetni papir 170 g,300 dot,179,52.0,0.0,31.0,25.0,56.0,1.0,-15.0,62.0,69.0,-17.0,6.31
ofsetni papir 170 g,300 dot,180,52.0,31.0,31.0,25.0,44.0,73.0,-5.0,52.0,71.0,-5.0,8.05
ofsetni papir 170 g,300 dot,181,52.0,72.0,31.0,25.0,34.0,39.0,12.0,37.0,63.0,17.0,4.33
ofsetni papir 170 g,300 dot,182,52.0,100.0,31.0,25.0,27.0,86.0,24.0,30.0,83.0,29.0,3.39
ofsetni papir 170 g,300 dot,183,81.0,0.0,31.0,25.0,45.0,83.0,-27.0,30.0,22.0,-3.0,27.81
ofsetni papir 170 g,300 dot,184,81.0,31.0,31.0,25.0,37.0,9.0,-15.0,37.0,75.0,40.0,48.6
ofsetni papir 170 g,300 dot,185,81.0,72.0,31.0,25.0,27.0,31.0,1.0,30.0,42.0,3.0,3.2
ofsetni papir 170 g,300 dot,186,81.0,100.0,31.0,25.0,23.0,50.0,8.0,26.0,13.0,12.0,3.75
ofsetni papir 170 g,300 dot,187,100.0,0.0,31.0,25.0,40.0,17.0,-35.0,48.0,80.0,-39.0,8.39
ofsetni papir 170 g,300 dot,188,100.0,31.0,31.0,25.0,33.0,83.0,-23.0,40.0,56.0,-27.0,6.1
ofsetni papir 170 g,300 dot,189,100.0,72.0,31.0,25.0,23.0,93.0,-5.0,28.0,1.0,-6.0,3.36
ofsetni papir 170 g,300 dot,190,100.0,100.0,31.0,25.0,21.0,25.0,1.0,23.0,31.0,3.0,2.09
ofsetni papir 170 g,300 dot,191,0.0,0.0,72.0,25.0,68.0,51.0,-2.0,77.0,63.0,-3.0,7.17
ofsetni papir 170 g,300 dot,192,0.0,31.0,72.0,25.0,58.0,93.0,8.0,64.0,11.0,10.0,4.64
ofsetni papir 170 g,300 dot,193,0.0,72.0,72.0,25.0,45.0,96.0,28.0,48.0,17.0,34.0,4.43
ofsetni papir 170 g,300 dot,194,0.0,100.0,72.0,25.0,37.0,5.0,43.0,40.0,63.0,49.0,3.67
ofsetni papir 170 g,300 dot,195,21.0,0.0,72.0,25.0,61.0,38.0,-7.0,68.0,46.0,-6.0,5.95
ofsetni papir 170 g,300 dot,196,21.0,31.0,72.0,25.0,52.0,34.0,3.0,57.0,61.0,3.0,5.1
ofsetni papir 170 g,300 dot,197,21.0,72.0,72.0,25.0,42.0,60.0,21.0,77.0,77.0,-3.0,43.88
ofsetni papir 170 g,300 dot,198,21.0,100.0,72.0,25.0,34.0,36.0,34.0,65.0,25.0,11.0,45.3
ofsetni papir 170 g,300 dot,199,52.0,0.0,72.0,25.0,53.0,65.0,-18.0,59.0,68.0,-20.0,5.86
ofsetni papir 170 g,300 dot,200,52.0,31.0,72.0,25.0,43.0,49.0,-6.0,49.0,89.0,-6.0,6.89
ofsetni papir 170 g,300 dot,201,52.0,72.0,72.0,25.0,32.0,55.0,10.0,35.0,69.0,12.0,3.21
ofsetni papir 170 g,300 dot,202,52.0,100.0,72.0,25.0,26.0,75.0,20.0,29.0,85.0,25.0,3.45
ofsetni papir 170 g,300 dot,203,81.0,0.0,72.0,25.0,43.0,76.0,-31.0,49.0,58.0,-35.0,6.1
ofsetni papir 170 g,300 dot,204,81.0,31.0,72.0,25.0,35.0,69.0,-18.0,41.0,89.0,-20.0,5.86
ofsetni papir 170 g,300 dot,205,81.0,72.0,72.0,25.0,23.0,74.0,-0.0,29.0,27.0,-1.0,4.5
ofsetni papir 170 g,300 dot,206,81.0,100.0,72.0,25.0,20.0,59.0,7.0,24.0,18.0,10.0,3.3
ofsetni papir 170 g,300 dot,207,100.0,0.0,72.0,25.0,39.0,41.0,-40.0,45.0,69.0,-43.0,5.97
ofsetni papir 170 g,300 dot,208,100.0,31.0,72.0,25.0,32.0,24.0,-27.0,37.0,75.0,-29.0,4.79
ofsetni papir 170 g,300 dot,209,100.0,72.0,72.0,25.0,22.0,79.0,-7.0,27.0,97.0,-9.0,4.31
ofsetni papir 170 g,300 dot,210,100.0,100.0,72.0,25.0,18.0,42.0,0.0,21.0,76.0,0.0,2.43
ofsetni papir 170 g,300 dot,211,0.0,0.0,100.0,25.0,68.0,44.0,-2.0,43.0,73.0,28.0,40.64
ofsetni papir 170 g,300 dot,212,0.0,31.0,100.0,25.0,60.0,31.0,8.0,24.0,8.0,8.0,42.05
ofsetni papir 170 g,300 dot,213,0.0,72.0,100.0,25.0,46.0,12.0,28.0,48.0,58.0,35.0,4.86
ofsetni papir 170 g,300 dot,214,0.0,100.0,100.0,25.0,37.0,78.0,43.0,41.0,27.0,49.0,3.73
ofsetni papir 170 g,300 dot,215,21.0,0.0,100.0,25.0,62.0,38.0,-7.0,68.0,23.0,-7.0,5.38
ofsetni papir 170 g,300 dot,216,21.0,31.0,100.0,25.0,53.0,9.0,2.0,58.0,94.0,2.0,5.75
ofsetni papir 170 g,300 dot,217,21.0,72.0,100.0,25.0,40.0,58.0,21.0,43.0,62.0,27.0,4.22
ofsetni papir 170 g,300 dot,218,21.0,100.0,100.0,25.0,33.0,28.0,34.0,36.0,44.0,39.0,3.2
ofsetni papir 170 g,300 dot,219,52.0,0.0,100.0,25.0,51.0,99.0,-19.0,58.0,36.0,-20.0,6.3
ofsetni papir 170 g,300 dot,220,52.0,31.0,100.0,25.0,42.0,4.0,-7.0,48.0,75.0,-7.0,6.7
ofsetni papir 170 g,300 dot,221,52.0,72.0,100.0,25.0,31.0,8.0,9.0,33.0,98.0,13.0,3.61
ofsetni papir 170 g,300 dot,222,52.0,100.0,100.0,25.0,26.0,79.0,19.0,29.0,37.0,24.0,3.28
ofsetni papir 170 g,300 dot,223,81.0,0.0,100.0,25.0,42.0,49.0,-33.0,48.0,35.0,-35.0,5.8
ofsetni papir 170 g,300 dot,224,81.0,31.0,100.0,25.0,35.0,41.0,-20.0,41.0,39.0,-21.0,5.52
ofsetni papir 170 g,300 dot,225,81.0,72.0,100.0,25.0,27.0,68.0,-2.0,51.0,92.0,-31.0,31.98
ofsetni papir 170 g,300 dot,226,81.0,100.0,100.0,25.0,22.0,39.0,6.0,33.0,49.0,-8.0,26.95
ofsetni papir 170 g,300 dot,227,100.0,0.0,100.0,25.0,38.0,56.0,-43.0,44.0,87.0,-46.0,6.14
ofsetni papir 170 g,300 dot,228,100.0,31.0,100.0,25.0,31.0,76.0,-28.0,36.0,85.0,-32.0,4.87
ofsetni papir 170 g,300 dot,229,100.0,72.0,100.0,25.0,24.0,17.0,-8.0,27.0,69.0,-11.0,3.88
ofsetni papir 170 g,300 dot,230,100.0,100.0,100.0,25.0,19.0,31.0,-0.0,22.0,93.0,-1.0,2.89
ofsetni papir 170 g,300 dot,231,0.0,0.0,0.0,60.0,42.0,36.0,-0.0,47.0,2.0,-0.0,4.39
ofsetni papir 170 g,300 dot,232,0.0,31.0,0.0,60.0,40.0,9.0,6.0,46.0,32.0,7.0,5.84
ofsetni papir 170 g,300 dot,233,0.0,72.0,0.0,60.0,29.0,99.0,20.0,32.0,78.0,23.0,3.06
ofsetni papir 170 g,300 dot,234,0.0,100.0,0.0,60.0,26.0,7.0,28.0,28.0,82.0,31.0,2.63
ofsetni papir 170 g,300 dot,235,31.0,0.0,0.0,60.0,40.0,99.0,-5.0,47.0,76.0,-6.0,6.55
ofsetni papir 170 g,300 dot,236,31.0,31.0,0.0,60.0,34.0,61.0,1.0,39.0,89.0,1.0,4.54
ofsetni papir 170 g,300 dot,237,31.0,72.0,0.0,60.0,26.0,34.0,12.0,29.0,58.0,17.0,3.99
ofsetni papir 170 g,300 dot,238,31.0,100.0,0.0,60.0,22.0,16.0,21.0,25.0,17.0,24.0,2.87
ofsetni papir 170 g,300 dot,239,72.0,0.0,0.0,60.0,32.0,65.0,-14.0,31.0,78.0,-2.0,9.67
ofsetni papir 170 g,300 dot,240,72.0,31.0,0.0,60.0,28.0,5.0,-7.0,24.0,91.0,24.0,34.2
ofsetni papir 170 g,300 dot,241,72.0,72.0,0.0,60.0,21.0,74.0,3.0,25.0,25.0,5.0,3.18
ofsetni papir 170 g,300 dot,242,72.0,100.0,0.0,60.0,18.0,80.0,9.0,20.0,95.0,12.0,3.0
ofsetni papir 170 g,300 dot,243,100.0,0.0,0.0,60.0,28.0,51.0,-18.0,33.0,68.0,-23.0,4.99
ofsetni papir 170 g,300 dot,244,100.0,31.0,0.0,60.0,24.0,15.0,-11.0,28.0,99.0,-14.0,4.12
ofsetni papir 170 g,300 dot,245,100.0,72.0,0.0,60.0,20.0,28.0,-1.0,21.0,58.0,-1.0,1.95
ofsetni papir 170 g,300 dot,246,100.0,100.0,0.0,60.0,17.0,87.0,2.0,19.0,72.0,3.0,2.16
ofsetni papir 170 g,300 dot,247,0.0,0.0,31.0,60.0,45.0,18.0,-1.0,52.0,36.0,-1.0,7.41
ofsetni papir 170 g,300 dot,248,0.0,31.0,31.0,60.0,37.0,96.0,5.0,43.0,60.0,5.0,5.02
ofsetni papir 170 g,300 dot,249,0.0,72.0,31.0,60.0,29.0,99.0,19.0,32.0,44.0,23.0,3.06
ofsetni papir 170 g,300 dot,250,0.0,100.0,31.0,60.0,25.0,8.0,26.0,27.0,86.0,31.0,3.11
ofsetni papir 170 g,300 dot,251,31.0,0.0,31.0,60.0,38.0,5.0,-6.0,43.0,94.0,-6.0,5.55
ofsetni papir 170 g,300 dot,252,31.0,31.0,31.0,60.0,32.0,0.0,0.0,38.0,35.0,-0.0,5.67
ofsetni papir 170 g,300 dot,253,31.0,72.0,31.0,60.0,26.0,8.0,12.0,78.0,57.0,-6.0,58.54
ofsetni papir 170 g,300 dot,254,31.0,100.0,31.0,60.0,21.0,62.0,19.0,38.0,6.0,-1.0,30.8
ofsetni papir 170 g,300 dot,255,72.0,0.0,31.0,60.0,31.0,12.0,-15.0,36.0,99.0,-19.0,5.6
ofsetni papir 170 g,300 dot,256,72.0,31.0,31.0,60.0,25.0,41.0,-7.0,31.0,15.0,-10.0,5.15
ofsetni papir 170 g,300 dot,257,72.0,72.0,31.0,60.0,20.0,92.0,2.0,23.0,67.0,3.0,2.18
ofsetni papir 170 g,300 dot,258,72.0,100.0,31.0,60.0,17.0,99.0,7.0,19.0,26.0,10.0,2.55
ofsetni papir 170 g,300 dot,259,100.0,0.0,31.0,60.0,27.0,34.0,-20.0,33.0,17.0,-24.0,5.02
ofsetni papir 170 g,300 dot,260,100.0,31.0,31.0,60.0,23.0,1.0,-12.0,27.0,78.0,-17.0,4.62
ofsetni papir 170 g,300 dot,261,100.0,72.0,31.0,60.0,18.0,39.0,-2.0,20.0,63.0,-4.0,2.33
ofsetni papir 170 g,300 dot,262,100.0,100.0,31.0,60.0,15.0,94.0,1.0,18.0,28.0,2.0,2.21
ofsetni papir 170 g,300 dot,263,0.0,0.0,72.0,60.0,43.0,53.0,-2.0,50.0,71.0,-3.0,7.18
ofsetni papir 170 g,300 dot,264,0.0,31.0,72.0,60.0,37.0,90.0,4.0,42.0,47.0,5.0,4.27
ofsetni papir 170 g,300 dot,265,0.0,72.0,72.0,60.0,29.0,38.0,16.0,32.0,52.0,22.0,4.07
ofsetni papir 170 g,300 dot,266,0.0,100.0,72.0,60.0,24.0,20.0,24.0,27.0,20.0,30.0,3.33
ofsetni papir 170 g,300 dot,267,31.0,0.0,72.0,60.0,37.0,55.0,-7.0,54.0,66.0,-46.0,23.91
ofsetni papir 170 g,300 dot,268,31.0,31.0,72.0,60.0,31.0,18.0,-0.0,27.0,5.0,28.0,23.91
ofsetni papir 170 g,300 dot,269,31.0,72.0,72.0,60.0,25.0,65.0,10.0,27.0,96.0,15.0,3.62
ofsetni papir 170 g,300 dot,270,31.0,100.0,72.0,60.0,21.0,46.0,16.0,23.0,64.0,21.0,3.29
ofsetni papir 170 g,300 dot,271,72.0,0.0,72.0,60.0,28.0,97.0,-17.0,35.0,11.0,-20.0,5.57
ofsetni papir 170 g,300 dot,272,72.0,31.0,72.0,60.0,25.0,72.0,-9.0,30.0,56.0,-11.0,4.35
ofsetni papir 170 g,300 dot,273,72.0,72.0,72.0,60.0,19.0,55.0,0.0,23.0,79.0,1.0,3.23
ofsetni papir 170 g,300 dot,274,72.0,100.0,72.0,60.0,17.0,17.0,5.0,19.0,22.0,8.0,3.41
ofsetni papir 170 g,300 dot,275,100.0,0.0,72.0,60.0,25.0,66.0,-23.0,30.0,54.0,-28.0,4.59
ofsetni papir 170 g,300 dot,276,100.0,31.0,72.0,60.0,21.0,98.0,-14.0,26.0,41.0,-18.0,4.36
ofsetni papir 170 g,300 dot,277,100.0,72.0,72.0,60.0,17.0,21.0,-3.0,20.0,58.0,-6.0,4.08
ofsetni papir 170 g,300 dot,278,100.0,100.0,72.0,60.0,14.0,29.0,0.0,17.0,44.0,0.0,2.55
ofsetni papir 170 g,300 dot,279,0.0,0.0,100.0,60.0,42.0,64.0,-3.0,48.0,66.0,-3.0,6.2
ofsetni papir 170 g,300 dot,280,0.0,31.0,100.0,60.0,36.0,29.0,3.0,40.0,75.0,4.0,4.68
ofsetni papir 170 g,300 dot,281,0.0,72.0,100.0,60.0,29.0,9.0,15.0,79.0,22.0,0.0,53.8
ofsetni papir 170 g,300 dot,282,0.0,100.0,100.0,60.0,24.0,63.0,22.0,22.0,47.0,8.0,14.01
ofsetni papir 170 g,300 dot,283,31.0,0.0,100.0,60.0,37.0,68.0,-9.0,43.0,20.0,-9.0,5.33
ofsetni papir 170 g,300 dot,284,31.0,31.0,100.0,60.0,32.0,66.0,-1.0,37.0,53.0,-2.0,4.88
ofsetni papir 170 g,300 dot,285,31.0,72.0,100.0,60.0,25.0,95.0,8.0,28.0,4.0,12.0,3.53
ofsetni papir 170 g,300 dot,286,31.0,100.0,100.0,60.0,21.0,52.0,15.0,24.0,17.0,20.0,3.46
ofsetni papir 170 g,300 dot,287,72.0,0.0,100.0,60.0,28.0,78.0,-19.0,34.0,22.0,-21.0,4.87
ofsetni papir 170 g,300 dot,288,72.0,31.0,100.0,60.0,25.0,14.0,-10.0,29.0,8.0,-12.0,4.1
ofsetni papir 170 g,300 dot,289,72.0,72.0,100.0,60.0,19.0,68.0,-0.0,24.0,9.0,0.0,3.9
ofsetni papir 170 g,300 dot,290,72.0,100.0,100.0,60.0,17.0,69.0,4.0,18.0,91.0,7.0,3.01
ofsetni papir 170 g,300 dot,291,100.0,0.0,100.0,60.0,24.0,37.0,-24.0,29.0,56.0,-27.0,4.23
ofsetni papir 170 g,300 dot,292,100.0,31.0,100.0,60.0,22.0,9.0,-16.0,25.0,93.0,-19.0,3.55
ofsetni papir 170 g,300 dot,293,100.0,72.0,100.0,60.0,16.0,55.0,-5.0,21.0,17.0,-6.0,3.79
ofsetni papir 170 g,300 dot,294,100.0,100.0,100.0,60.0,14.0,5.0,-0.0,18.0,45.0,-0.0,3.15
ofsetni papir 170 g,300 dot,295,0.0,0.0,0.0,88.0,22.0,43.0,-0.0,41.0,1.0,-16.0,21.83
ofsetni papir 170 g,300 dot,296,0.0,52.0,0.0,88.0,19.0,84.0,6.0,26.0,73.0,-5.0,18.64
ofsetni papir 170 g,300 dot,297,0.0,100.0,0.0,88.0,16.0,86.0,12.0,18.0,25.0,15.0,2.69
ofsetni papir 170 g,300 dot,298,31.0,0.0,0.0,88.0,21.0,48.0,-2.0,25.0,62.0,-4.0,3.55
ofsetni papir 170 g,300 dot,299,31.0,52.0,0.0,88.0,17.0,82.0,3.0,20.0,14.0,5.0,2.34
ofsetni papir 170 g,300 dot,300,31.0,100.0,0.0,88.0,15.0,17.0,8.0,17.0,56.0,11.0,2.95
ofsetni papir 170 g,300 dot,301,72.0,0.0,0.0,88.0,19.0,18.0,-5.0,22.0,29.0,-9.0,4.35
ofsetni papir 170 g,300 dot,302,72.0,52.0,0.0,88.0,15.0,66.0,0.0,18.0,30.0,-0.0,2.64
ofsetni papir 170 g,300 dot,303,72.0,100.0,0.0,88.0,13.0,95.0,4.0,16.0,2.0,5.0,2.1
ofsetni papir 170 g,300 dot,304,100.0,0.0,0.0,88.0,17.0,54.0,-6.0,21.0,32.0,-9.0,4.24
ofsetni papir 170 g,300 dot,305,100.0,52.0,0.0,88.0,14.0,97.0,-1.0,17.0,5.0,-2.0,2.92
ofsetni papir 170 g,300 dot,306,100.0,100.0,0.0,88.0,14.0,10.0,2.0,16.0,30.0,1.0,2.0
ofsetni papir 170 g,300 dot,307,0.0,0.0,52.0,88.0,24.0,20.0,-1.0,28.0,33.0,-2.0,4.01
ofsetni papir 170 g,300 dot,308,0.0,52.0,52.0,88.0,19.0,17.0,4.0,21.0,99.0,7.0,3.32
ofsetni papir 170 g,300 dot,309,0.0,100.0,52.0,88.0,17.0,41.0,10.0,51.0,92.0,43.0,34.07
ofsetni papir 170 g,300 dot,310,31.0,0.0,52.0,88.0,22.0,22.0,-4.0,17.0,99.0,7.0,16.24
ofsetni papir 170 g,300 dot,311,31.0,52.0,52.0,88.0,17.0,55.0,1.0,21.0,32.0,3.0,3.21
ofsetni papir 170 g,300 dot,312,31.0,100.0,52.0,88.0,16.0,18.0,6.0,17.0,47.0,9.0,3.42
ofsetni papir 170 g,300 dot,313,72.0,0.0,52.0,88.0,18.0,0.0,-7.0,21.0,71.0,-10.0,4.09
ofsetni papir 170 g,300 dot,314,72.0,52.0,52.0,88.0,14.0,24.0,-0.0,18.0,43.0,-2.0,3.71
ofsetni papir 170 g,300 dot,315,72.0,100.0,52.0,88.0,13.0,43.0,2.0,15.0,73.0,2.0,1.8
ofsetni papir 170 g,300 dot,316,100.0,0.0,52.0,88.0,17.0,33.0,-7.0,19.0,92.0,-12.0,4.64
ofsetni papir 170 g,300 dot,317,100.0,52.0,52.0,88.0,13.0,34.0,-1.0,16.0,77.0,-5.0,5.36
ofsetni papir 170 g,300 dot,318,100.0,100.0,52.0,88.0,13.0,18.0,0.0,16.0,8.0,-0.0,2.37
ofsetni papir 170 g,300 dot,319,0.0,0.0,100.0,88.0,24.0,78.0,-3.0,29.0,14.0,-3.0,4.33
ofsetni papir 170 g,300 dot,320,0.0,52.0,100.0,88.0,20.0,25.0,2.0,21.0,58.0,5.0,3.92
ofsetni papir 170 g,300 dot,321,0.0,100.0,100.0,88.0,18.0,11.0,7.0,18.0,70.0,11.0,3.67
ofsetni papir 170 g,300 dot,322,31.0,0.0,100.0,88.0,21.0,43.0,-4.0,25.0,30.0,-4.0,4.26
ofsetni papir 170 g,300 dot,323,31.0,52.0,100.0,88.0,17.0,93.0,0.0,27.0,81.0,12.0,20.88
ofsetni papir 170 g,300 dot,324,31.0,100.0,100.0,88.0,16.0,20.0,4.0,14.0,95.0,-1.0,11.91
ofsetni papir 170 g,300 dot,325,72.0,0.0,100.0,88.0,18.0,77.0,-8.0,21.0,76.0,-10.0,3.04
ofsetni papir 170 g,300 dot,326,72.0,52.0,100.0,88.0,15.0,82.0,-2.0,17.0,92.0,-3.0,2.65
ofsetni papir 170 g,300 dot,327,72.0,100.0,100.0,88.0,15.0,51.0,0.0,16.0,60.0,1.0,1.44
ofsetni papir 170 g,300 dot,328,100.0,0.0,100.0,88.0,17.0,75.0,-9.0,19.0,64.0,-12.0,3.15
ofsetni papir 170 g,300 dot,329,100.0,52.0,100.0,88.0,14.0,29.0,-2.0,17.0,9.0,-5.0,4.06
ofsetni papir 170 g,300 dot,330,100.0,100.0,100.0,88.0,14.0,36.0,-0.0,16.0,19.0,-0.0,1.5
ofsetni papir 170 g,300 dot,331,0.0,0.0,0.0,100.0,15.0,77.0,-0.0,18.0,6.0,-0.0,1.59
ofsetni papir 170 g,300 dot,332,0.0,52.0,0.0,100.0,14.0,2.0,2.0,16.0,3.0,3.0,2.01
ofsetni papir 170 g,300 dot,333,0.0,100.0,0.0,100.0,14.0,48.0,3.0,15.0,60.0,6.0,3.43
ofsetni papir 170 g,300 dot,334,52.0,0.0,0.0,100.0,13.0,60.0,-0.0,17.0,12.0,-3.0,4.31
ofsetni papir 170 g,300 dot,335,52.0,52.0,0.0,100.0,13.0,20.0,1.0,15.0,27.0,0.0,1.94
ofsetni papir 170 g,300 dot,336,52.0,100.0,0.0,100.0,11.0,92.0,3.0,14.0,58.0,3.0,2.42
ofsetni papir 170 g,300 dot,337,100.0,0.0,0.0,100.0,14.0,80.0,-2.0,78.0,48.0,-16.0,65.57
ofsetni papir 170 g,300 dot,338,100.0,52.0,0.0,100.0,13.0,0.0,0.0,17.0,22.0,-5.0,9.97
ofsetni papir 170 g,300 dot,339,100.0,100.0,0.0,100.0,13.0,39.0,1.0,15.0,28.0,0.0,1.91
ofsetni papir 170 g,300 dot,340,0.0,0.0,52.0,100.0,15.0,16.0,-1.0,18.0,19.0,-1.0,2.65
ofsetni papir 170 g,300 dot,341,0.0,52.0,52.0,100.0,15.0,88.0,1.0,17.0,46.0,2.0,1.89
ofsetni papir 170 g,300 dot,342,0.0,100.0,52.0,100.0,14.0,4.0,3.0,16.0,16.0,5.0,2.97
ofsetni papir 170 g,300 dot,343,52.0,0.0,52.0,100.0,14.0,70.0,-2.0,17.0,24.0,-4.0,3.43
ofsetni papir 170 g,300 dot,344,52.0,52.0,52.0,100.0,13.0,89.0,-0.0,16.0,30.0,-0.0,1.71
ofsetni papir 170 g,300 dot,345,52.0,100.0,52.0,100.0,14.0,5.0,1.0,15.0,62.0,2.0,1.19
ofsetni papir 170 g,300 dot,346,100.0,0.0,52.0,100.0,13.0,91.0,-2.0,15.0,90.0,-6.0,4.73
ofsetni papir 170 g,300 dot,347,100.0,52.0,52.0,100.0,14.0,4.0,-1.0,16.0,72.0,-2.0,2.82
ofsetni papir 170 g,300 dot,348,100.0,100.0,52.0,100.0,14.0,87.0,1.0,16.0,34.0,-0.0,4.41
ofsetni papir 170 g,300 dot,349,0.0,0.0,100.0,100.0,14.0,87.0,-2.0,18.0,88.0,-2.0,3.82
ofsetni papir 170 g,300 dot,350,0.0,52.0,100.0,100.0,14.0,28.0,0.0,17.0,22.0,1.0,3.01
ofsetni papir 170 g,300 dot,351,0.0,100.0,100.0,100.0,14.0,97.0,2.0,51.0,58.0,-36.0,44.91
ofsetni papir 170 g,300 dot,352,52.0,0.0,100.0,100.0,15.0,51.0,-3.0,87.0,76.0,-4.0,77.18
ofsetni papir 170 g,300 dot,353,52.0,52.0,100.0,100.0,15.0,8.0,-0.0,16.0,35.0,-0.0,1.06
ofsetni papir 170 g,300 dot,354,52.0,100.0,100.0,100.0,14.0,43.0,0.0,15.0,65.0,1.0,0.99
ofsetni papir 170 g,300 dot,355,100.0,0.0,100.0,100.0,15.0,59.0,-4.0,16.0,45.0,-7.0,2.95
ofsetni papir 170 g,300 dot,356,100.0,52.0,100.0,100.0,14.0,41.0,-2.0,16.0,25.0,-3.0,2.17
ofsetni papir 170 g,300 dot,357,100.0,100.0,100.0,100.0,15.0,6.0,-0.0,16.0,61.0,-0.0,1.26
ofsetni papir 170 g,300 dot,358,5.0,0.0,0.0,0.0,92.0,42.0,-0.0,93.0,35.0,0.0,2.27
ofsetni papir 170 g,300 dot,359,28.0,0.0,0.0,0.0,83.0,37.0,-8.0,85.0,57.0,-7.0,1.99
ofsetni papir 170 g,300 dot,360,95.0,0.0,0.0,0.0,53.0,76.0,-33.0,56.0,61.0,-33.0,2.74
ofsetni papir 170 g,300 dot,361,0.0,4.0,0.0,0.0,93.0,40.0,1.0,93.0,48.0,0.0,0.16
ofsetni papir 170 g,300 dot,362,0.0,11.0,0.0,0.0,90.0,58.0,2.0,93.0,15.0,1.0,2.37
ofsetni papir 170 g,300 dot,363,0.0,93.0,0.0,0.0,49.0,91.0,56.0,49.0,94.0,58.0,0.72
ofsetni papir 170 g,300 dot,364,0.0,0.0,4.0,0.0,93.0,97.0,0.0,93.0,50.0,0.0,0.4
ofsetni papir 170 g,300 dot,365,0.0,0.0,11.0,0.0,93.0,21.0,-0.0,60.0,12.0,14.0,28.21
ofsetni papir 170 g,300 dot,366,0.0,0.0,93.0,0.0,86.0,76.0,-3.0,92.0,18.0,0.0,37.77
ofsetni papir 170 g,300 dot,367,0.0,0.0,0.0,4.0,89.0,0.0,0.0,91.0,91.0,0.0,2.02
ofsetni papir 170 g,300 dot,368,0.0,0.0,0.0,13.0,80.0,56.0,0.0,89.0,3.0,0.0,5.64
ofsetni papir 170 g,300 dot,369,0.0,0.0,0.0,95.0,17.0,81.0,-0.0,22.0,28.0,-0.0,3.12
ofsetni papir 170 g,300 dot,370,9.0,7.0,7.0,0.0,85.0,42.0,0.0,92.0,7.0,0.0,4.31
ofsetni papir 170 g,300 dot,371,19.0,15.0,15.0,0.0,74.0,89.0,-0.0,85.0,15.0,0.0,7.11
ofsetni papir 170 g,300 dot,372,29.0,23.0,23.0,0.0,67.0,15.0,-0.0,74.0,32.0,-0.0,5.55
ofsetni papir 170 g,300 dot,373,39.0,31.0,31.0,0.0,57.0,62.0,-0.0,64.0,42.0,-0.0,5.95
ofsetni papir 170 g,300 dot,374,49.0,39.0,39.0,4.0,45.0,30.0,-0.0,52.0,3.0,-0.0,6.69
ofsetni papir 170 g,300 dot,375,59.0,47.0,47.0,16.0,36.0,6.0,-1.0,42.0,72.0,-1.0,5.81
ofsetni papir 170 g,300 dot,376,69.0,55.0,55.0,31.0,28.0,19.0,-1.0,33.0,13.0,-2.0,4.15
ofsetni papir 170 g,300 dot,377,79.0,63.0,63.0,48.0,22.0,42.0,-2.0,26.0,13.0,-3.0,3.01
ofsetni papir 170 g,300 dot,378,89.0,71.0,71.0,72.0,15.0,81.0,-1.0,20.0,22.0,-3.0,3.58
ofsetni papir 170 g,300 dot,379,99.0,79.0,79.0,100.0,15.0,79.0,-0.0,34.0,58.0,1.0,23.81
ofsetni papir 170 g,300 dot,380,9.0,7.0,7.0,0.0,85.0,47.0,0.0,67.0,82.0,-24.0,25.18
ofsetni papir 170 g,300 dot,381,18.0,14.0,14.0,0.0,76.0,90.0,-0.0,86.0,33.0,0.0,6.47
ofsetni papir 170 g,300 dot,382,27.0,21.0,21.0,0.0,68.0,47.0,-0.0,75.0,71.0,-0.0,5.59
ofsetni papir 170 g,300 dot,383,36.0,29.0,29.0,0.0,59.0,64.0,-0.0,66.0,53.0,-0.0,5.85
ofsetni papir 170 g,300 dot,384,45.0,36.0,36.0,0.0,51.0,87.0,-0.0,57.0,80.0,-0.0,5.69
ofsetni papir 170 g,300 dot,385,54.0,43.0,43.0,0.0,44.0,71.0,-0.0,51.0,80.0,-0.0,7.07
ofsetni papir 170 g,300 dot,386,63.0,50.0,50.0,0.0,37.0,95.0,-1.0,44.0,28.0,-1.0,5.75
ofsetni papir 170 g,300 dot,387,72.0,58.0,58.0,0.0,33.0,96.0,-2.0,39.0,67.0,-2.0,4.9
ofsetni papir 170 g,300 dot,388,81.0,65.0,65.0,2.0,29.0,34.0,-4.0,33.0,53.0,-4.0,3.4
ofsetni papir 170 g,300 dot,389,90.0,72.0,72.0,49.0,20.0,21.0,-3.0,22.0,92.0,-5.0,2.79
ofsetni papir 170 g,300 dot,390,24.0,19.0,19.0,11.0,64.0,20.0,-0.0,71.0,94.0,-0.0,6.14
ofsetni papir 170 g,300 dot,391,49.0,39.0,39.0,30.0,35.0,62.0,-0.0,40.0,99.0,-0.0,4.65
ofsetni papir 170 g,300 dot,392,74.0,59.0,59.0,59.0,21.0,76.0,-1.0,24.0,71.0,-3.0,2.69
ofsetni papir 170 g,300 dot,393,28.0,0.0,0.0,0.0,83.0,77.0,-8.0,41.0,54.0,46.0,51.43
ofsetni papir 170 g,300 dot,394,64.0,0.0,0.0,0.0,64.0,53.0,-25.0,92.0,62.0,0.0,29.68
ofsetni papir 170 g,300 dot,395,0.0,21.0,0.0,0.0,86.0,93.0,6.0,91.0,22.0,2.0,5.11
ofsetni papir 170 g,300 dot,396,0.0,52.0,0.0,0.0,72.0,12.0,23.0,73.0,47.0,25.0,1.46
ofsetni papir 170 g,300 dot,397,0.0,0.0,21.0,0.0,92.0,45.0,-0.0,92.0,82.0,-0.0,0.98
ofsetni papir 170 g,300 dot,398,0.0,0.0,52.0,0.0,90.0,2.0,-3.0,91.0,2.0,-3.0,0.75
ofsetni papir 170 g,300 dot,399,0.0,0.0,0.0,25.0,70.0,38.0,0.0,76.0,69.0,0.0,4.72
ofsetni papir 170 g,300 dot,400,0.0,0.0,0.0,60.0,40.0,44.0,-0.0,46.0,2.0,-0.0,5.16
ofsetni papir 170 g,600 dot,1,0.0,0.0,0.0,0.0,94.0,8.0,0.0,93.0,63.0,1.0,0.39
ofsetni papir 170 g,600 dot,2,0.0,21.0,0.0,0.0,84.0,58.0,8.0,91.0,6.0,3.0,6.56
ofsetni papir 170 g,600 dot,3,0.0,52.0,0.0,0.0,70.0,61.0,23.0,63.0,61.0,40.0,9.4
ofsetni papir 170 g,600 dot,4,0.0,81.0,0.0,0.0,57.0,24.0,42.0,51.0,47.0,58.0,7.49
ofsetni papir 170 g,600 dot,5,0.0,100.0,0.0,0.0,47.0,84.0,59.0,47.0,8.0,63.0,2.15
ofsetni papir 170 g,600 dot,6,16.0,0.0,0.0,0.0,87.0,11.0,-4.0,92.0,50.0,-0.0,6.55
ofsetni papir 170 g,600 dot,7,16.0,21.0,0.0,0.0,78.0,83.0,3.0,90.0,28.0,2.0,8.35
ofsetni papir 170 g,600 dot,8,16.0,52.0,0.0,0.0,65.0,51.0,19.0,63.0,51.0,39.0,9.2
ofsetni papir 170 g,600 dot,9,16.0,81.0,0.0,0.0,51.0,80.0,36.0,51.0,43.0,57.0,6.59
ofsetni papir 170 g,600 dot,10,16.0,100.0,0.0,0.0,43.0,51.0,53.0,46.0,93.0,62.0,4.15
ofsetni papir 170 g,600 dot,11,39.0,0.0,0.0,0.0,77.0,96.0,-10.0,80.0,6.0,-13.0,2.23
ofsetni papir 170 g,600 dot,12,39.0,21.0,0.0,0.0,71.0,70.0,-3.0,77.0,24.0,-9.0,6.31
ofsetni papir 170 g,600 dot,13,39.0,52.0,0.0,0.0,58.0,93.0,10.0,53.0,66.0,22.0,8.36
ofsetni papir 170 g,600 dot,14,39.0,81.0,0.0,0.0,46.0,30.0,26.0,42.0,92.0,41.0,6.61
ofsetni papir 170 g,600 dot,15,39.0,100.0,0.0,0.0,40.0,21.0,41.0,38.0,25.0,47.0,2.84
ofsetni papir 170 g,600 dot,16,64.0,0.0,0.0,0.0,68.0,7.0,-20.0,64.0,35.0,-28.0,4.87
ofsetni papir 170 g,600 dot,17,64.0,21.0,0.0,0.0,61.0,50.0,-13.0,61.0,51.0,-24.0,5.32
ofsetni papir 170 g,600 dot,18,64.0,52.0,0.0,0.0,50.0,57.0,-1.0,44.0,9.0,3.0,6.71
ofsetni papir 170 g,600 dot,19,64.0,81.0,0.0,0.0,40.0,57.0,13.0,34.0,95.0,20.0,5.95
ofsetni papir 170 g,600 dot,20,64.0,100.0,0.0,0.0,34.0,20.0,25.0,30.0,78.0,26.0,4.33
ofsetni papir 170 g,600 dot,21,85.0,0.0,0.0,0.0,58.0,40.0,-29.0,57.0,18.0,-33.0,1.99
ofsetni papir 170 g,600 dot,22,85.0,21.0,0.0,0.0,53.0,46.0,-23.0,55.0,50.0,-31.0,3.77
ofsetni papir 170 g,600 dot,23,85.0,52.0,0.0,0.0,44.0,17.0,-10.0,40.0,63.0,-5.0,4.16
ofsetni papir 170 g,600 dot,24,85.0,81.0,0.0,0.0,35.0,47.0,3.0,31.0,51.0,9.0,3.89
ofsetni papir 170 g,600 dot,25,85.0,100.0,0.0,0.0,29.0,68.0,12.0,27.0,82.0,15.0,1.91
ofsetni papir 170 g,600 dot,26,100.0,0.0,0.0,0.0,52.0,56.0,-34.0,54.0,43.0,-33.0,2.0
ofsetni papir 170 g,600 dot,27,100.0,21.0,0.0,0.0,47.0,2.0,-29.0,52.0,97.0,-33.0,6.18
ofsetni papir 170 g,600 dot,28,100.0,52.0,0.0,0.0,40.0,18.0,-17.0,38.0,36.0,-10.0,4.18
ofsetni papir 170 g,600 dot,29,100.0,81.0,0.0,0.0,32.0,18.0,-2.0,29.0,22.0,5.0,4.92
ofsetni papir 170 g,600 dot,30,100.0,100.0,0.0,0.0,27.0,72.0,6.0,25.0,73.0,11.0,2.83
ofsetni papir 170 g,600 dot,31,0.0,0.0,21.0,0.0,91.0,59.0,-1.0,92.0,67.0,-0.0,6.28
ofsetni papir 170 g,600 dot,32,0.0,21.0,21.0,0.0,82.0,76.0,6.0,89.0,58.0,2.0,6.76
ofsetni papir 170 g,600 dot,33,0.0,52.0,21.0,0.0,68.0,84.0,24.0,61.0,21.0,40.0,9.08
ofsetni papir 170 g,600 dot,34,0.0,81.0,21.0,0.0,57.0,5.0,42.0,51.0,5.0,54.0,7.61
ofsetni papir 170 g,600 dot,35,0.0,100.0,21.0,0.0,47.0,25.0,59.0,46.0,42.0,60.0,3.73
ofsetni papir 170 g,600 dot,36,16.0,0.0,21.0,0.0,85.0,29.0,-5.0,92.0,37.0,-0.0,8.84
ofsetni papir 170 g,600 dot,37,16.0,21.0,21.0,0.0,73.0,63.0,2.0,88.0,24.0,1.0,12.75
ofsetni papir 170 g,600 dot,38,16.0,52.0,21.0,0.0,60.0,71.0,18.0,60.0,98.0,33.0,8.76
ofsetni papir 170 g,600 dot,39,16.0,81.0,21.0,0.0,49.0,93.0,35.0,50.0,20.0,52.0,5.65
ofsetni papir 170 g,600 dot,40,16.0,100.0,21.0,0.0,42.0,92.0,50.0,47.0,10.0,60.0,5.0
ofsetni papir 170 g,600 dot,41,39.0,0.0,21.0,0.0,75.0,99.0,-13.0,78.0,61.0,-15.0,7.41
ofsetni papir 170 g,600 dot,42,39.0,21.0,21.0,0.0,64.0,96.0,-4.0,63.0,78.0,-2.0,2.85
ofsetni papir 170 g,600 dot,43,39.0,52.0,21.0,0.0,53.0,39.0,11.0,42.0,71.0,20.0,12.64
ofsetni papir 170 g,600 dot,44,39.0,81.0,21.0,0.0,43.0,40.0,26.0,34.0,6.0,34.0,8.73
ofsetni papir 170 g,600 dot,45,39.0,100.0,21.0,0.0,37.0,19.0,39.0,36.0,97.0,48.0,2.98
ofsetni papir 170 g,600 dot,46,64.0,0.0,21.0,0.0,64.0,61.0,-25.0,63.0,79.0,-31.0,5.06
ofsetni papir 170 g,600 dot,47,64.0,21.0,21.0,0.0,54.0,94.0,-15.0,52.0,41.0,-20.0,4.02
ofsetni papir 170 g,600 dot,48,64.0,52.0,21.0,0.0,45.0,10.0,0.0,35.0,69.0,1.0,8.43
ofsetni papir 170 g,600 dot,49,64.0,81.0,21.0,0.0,35.0,62.0,14.0,27.0,84.0,16.0,6.55
ofsetni papir 170 g,600 dot,50,64.0,100.0,21.0,0.0,31.0,75.0,24.0,27.0,33.0,23.0,4.47
ofsetni papir 170 g,600 dot,51,85.0,0.0,21.0,0.0,56.0,42.0,-34.0,56.0,37.0,-37.0,3.04
ofsetni papir 170 g,600 dot,52,85.0,21.0,21.0,0.0,47.0,76.0,-24.0,49.0,20.0,-29.0,3.88
ofsetni papir 170 g,600 dot,53,85.0,52.0,21.0,0.0,38.0,82.0,-10.0,31.0,87.0,-10.0,5.82
ofsetni papir 170 g,600 dot,54,85.0,81.0,21.0,0.0,30.0,91.0,2.0,24.0,27.0,5.0,5.33
ofsetni papir 170 g,600 dot,55,85.0,100.0,21.0,0.0,27.0,36.0,10.0,22.0,25.0,11.0,3.84
ofsetni papir 170 g,600 dot,56,100.0,0.0,21.0,0.0,50.0,11.0,-41.0,51.0,82.0,-42.0,1.74
ofsetni papir 170 g,600 dot,57,100.0,21.0,21.0,0.0,44.0,37.0,-32.0,51.0,54.0,-34.0,8.38
ofsetni papir 170 g,600 dot,58,100.0,52.0,21.0,0.0,36.0,19.0,-16.0,31.0,30.0,-14.0,4.34
ofsetni papir 170 g,600 dot,59,100.0,81.0,21.0,0.0,29.0,26.0,-3.0,22.0,89.0,0.0,6.96
ofsetni papir 170 g,600 dot,60,100.0,100.0,21.0,0.0,25.0,51.0,2.0,21.0,38.0,7.0,4.91
ofsetni papir 170 g,600 dot,61,0.0,0.0,52.0,0.0,88.0,78.0,-2.0,89.0,11.0,-4.0,8.85
ofsetni papir 170 g,600 dot,62,0.0,21.0,52.0,0.0,80.0,42.0,6.0,83.0,44.0,2.0,10.18
ofsetni papir 170 g,600 dot,63,0.0,52.0,52.0,0.0,67.0,70.0,23.0,59.0,57.0,38.0,9.39
ofsetni papir 170 g,600 dot,64,0.0,81.0,52.0,0.0,55.0,40.0,42.0,50.0,14.0,53.0,6.7
ofsetni papir 170 g,600 dot,65,0.0,100.0,52.0,0.0,46.0,67.0,57.0,45.0,57.0,59.0,5.37
ofsetni papir 170 g,600 dot,66,16.0,0.0,52.0,0.0,81.0,59.0,-6.0,88.0,55.0,-5.0,11.83
ofsetni papir 170 g,600 dot,67,16.0,21.0,52.0,0.0,71.0,37.0,2.0,84.0,17.0,-3.0,14.75
ofsetni papir 170 g,600 dot,68,16.0,52.0,52.0,0.0,59.0,58.0,18.0,58.0,91.0,33.0,7.95
ofsetni papir 170 g,600 dot,69,16.0,81.0,52.0,0.0,50.0,3.0,34.0,50.0,20.0,50.0,7.1
ofsetni papir 170 g,600 dot,70,16.0,100.0,52.0,0.0,42.0,44.0,49.0,45.0,3.0,59.0,7.12
ofsetni papir 170 g,600 dot,71,39.0,0.0,52.0,0.0,73.0,3.0,-15.0,74.0,97.0,-22.0,9.6
ofsetni papir 170 g,600 dot,72,39.0,21.0,52.0,0.0,60.0,42.0,-5.0,55.0,5.0,-4.0,9.12
ofsetni papir 170 g,600 dot,73,39.0,52.0,52.0,0.0,50.0,71.0,9.0,38.0,75.0,12.0,11.63
ofsetni papir 170 g,600 dot,74,39.0,81.0,52.0,0.0,42.0,60.0,24.0,32.0,26.0,27.0,9.02
ofsetni papir 170 g,600 dot,75,39.0,100.0,52.0,0.0,37.0,22.0,36.0,31.0,54.0,34.0,5.48
ofsetni papir 170 g,600 dot,76,64.0,0.0,52.0,0.0,61.0,49.0,-28.0,59.0,70.0,-40.0,8.69
ofsetni papir 170 g,600 dot,77,64.0,21.0,52.0,0.0,53.0,30.0,-17.0,46.0,34.0,-24.0,9.23
ofsetni papir 170 g,600 dot,78,64.0,52.0,52.0,0.0,38.0,56.0,-1.0,33.0,36.0,-0.0,4.61
ofsetni papir 170 g,600 dot,79,64.0,81.0,52.0,0.0,32.0,64.0,12.0,25.0,50.0,16.0,6.08
ofsetni papir 170 g,600 dot,80,64.0,100.0,52.0,0.0,29.0,71.0,21.0,22.0,94.0,22.0,5.06
ofsetni papir 170 g,600 dot,81,85.0,0.0,52.0,0.0,53.0,67.0,-39.0,53.0,45.0,-48.0,10.18
ofsetni papir 170 g,600 dot,82,85.0,21.0,52.0,0.0,45.0,89.0,-29.0,44.0,3.0,-36.0,8.69
ofsetni papir 170 g,600 dot,83,85.0,52.0,52.0,0.0,34.0,63.0,-12.0,28.0,88.0,-12.0,4.71
ofsetni papir 170 g,600 dot,84,85.0,81.0,52.0,0.0,27.0,71.0,2.0,20.0,75.0,2.0,5.33
ofsetni papir 170 g,600 dot,85,85.0,100.0,52.0,0.0,25.0,9.0,8.0,17.0,76.0,8.0,5.21
ofsetni papir 170 g,600 dot,86,100.0,0.0,52.0,0.0,48.0,35.0,-47.0,48.0,71.0,-53.0,10.17
ofsetni papir 170 g,600 dot,87,100.0,21.0,52.0,0.0,42.0,64.0,-36.0,46.0,73.0,-48.0,10.8
ofsetni papir 170 g,600 dot,88,100.0,52.0,52.0,0.0,32.0,77.0,-19.0,27.0,96.0,-18.0,4.17
ofsetni papir 170 g,600 dot,89,100.0,81.0,52.0,0.0,24.0,78.0,-4.0,19.0,57.0,-1.0,5.26
ofsetni papir 170 g,600 dot,90,100.0,100.0,52.0,0.0,22.0,15.0,1.0,16.0,68.0,4.0,5.55
ofsetni papir 170 g,600 dot,91,0.0,0.0,81.0,0.0,86.0,17.0,-2.0,87.0,61.0,-4.0,3.77
ofsetni papir 170 g,600 dot,92,0.0,21.0,81.0,0.0,78.0,97.0,6.0,79.0,50.0,6.0,2.68
ofsetni papir 170 g,600 dot,93,0.0,52.0,81.0,0.0,65.0,44.0,25.0,58.0,31.0,38.0,9.5
ofsetni papir 170 g,600 dot,94,0.0,81.0,81.0,0.0,53.0,73.0,43.0,48.0,82.0,54.0,5.99
ofsetni papir 170 g,600 dot,95,0.0,100.0,81.0,0.0,45.0,88.0,58.0,44.0,55.0,60.0,2.89
ofsetni papir 170 g,600 dot,96,16.0,0.0,81.0,0.0,79.0,31.0,-7.0,87.0,19.0,-5.0,7.65
ofsetni papir 170 g,600 dot,97,16.0,21.0,81.0,0.0,69.0,97.0,2.0,82.0,84.0,-1.0,11.53
ofsetni papir 170 g,600 dot,98,16.0,52.0,81.0,0.0,58.0,9.0,17.0,55.0,75.0,37.0,10.84
ofsetni papir 170 g,600 dot,99,16.0,81.0,81.0,0.0,49.0,7.0,35.0,48.0,51.0,52.0,6.21
ofsetni papir 170 g,600 dot,100,16.0,100.0,81.0,0.0,41.0,82.0,49.0,45.0,28.0,58.0,5.29
ofsetni papir 170 g,600 dot,101,39.0,0.0,81.0,0.0,70.0,84.0,-16.0,74.0,90.0,-20.0,4.93
ofsetni papir 170 g,600 dot,102,39.0,21.0,81.0,0.0,60.0,13.0,-5.0,55.0,86.0,-4.0,5.18
ofsetni papir 170 g,600 dot,103,39.0,52.0,81.0,0.0,49.0,40.0,9.0,39.0,12.0,13.0,10.18
ofsetni papir 170 g,600 dot,104,39.0,81.0,81.0,0.0,40.0,97.0,24.0,31.0,64.0,27.0,8.37
ofsetni papir 170 g,600 dot,105,39.0,100.0,81.0,0.0,36.0,62.0,35.0,30.0,55.0,34.0,5.1
ofsetni papir 170 g,600 dot,106,64.0,0.0,81.0,0.0,59.0,81.0,-29.0,58.0,72.0,-42.0,4.69
ofsetni papir 170 g,600 dot,107,64.0,21.0,81.0,0.0,51.0,87.0,-19.0,46.0,10.0,-25.0,6.38
ofsetni papir 170 g,600 dot,108,64.0,52.0,81.0,0.0,39.0,81.0,-2.0,34.0,92.0,-3.0,6.05
ofsetni papir 170 g,600 dot,109,64.0,81.0,81.0,0.0,31.0,99.0,11.0,24.0,16.0,12.0,5.93
ofsetni papir 170 g,600 dot,110,64.0,100.0,81.0,0.0,28.0,77.0,19.0,21.0,89.0,17.0,5.35
ofsetni papir 170 g,600 dot,111,85.0,0.0,81.0,0.0,51.0,97.0,-42.0,51.0,90.0,-51.0,3.56
ofsetni papir 170 g,600 dot,112,85.0,21.0,81.0,0.0,45.0,40.0,-32.0,41.0,85.0,-39.0,4.85
ofsetni papir 170 g,600 dot,113,85.0,52.0,81.0,0.0,34.0,48.0,-14.0,26.0,21.0,-16.0,6.78
ofsetni papir 170 g,600 dot,114,85.0,81.0,81.0,0.0,25.0,51.0,1.0,23.0,41.0,0.0,1.92
ofsetni papir 170 g,600 dot,115,85.0,100.0,81.0,0.0,23.0,98.0,8.0,18.0,98.0,10.0,4.44
ofsetni papir 170 g,600 dot,116,100.0,0.0,81.0,0.0,46.0,75.0,-51.0,47.0,52.0,-56.0,4.6
ofsetni papir 170 g,600 dot,117,100.0,21.0,81.0,0.0,41.0,11.0,-40.0,43.0,94.0,-49.0,6.07
ofsetni papir 170 g,600 dot,118,100.0,52.0,81.0,0.0,31.0,53.0,-22.0,25.0,73.0,-21.0,5.73
ofsetni papir 170 g,600 dot,119,100.0,81.0,81.0,0.0,23.0,56.0,-5.0,21.0,78.0,-6.0,1.76
ofsetni papir 170 g,600 dot,120,100.0,100.0,81.0,0.0,20.0,82.0,0.0,17.0,93.0,1.0,2.43
ofsetni papir 170 g,600 dot,121,0.0,0.0,100.0,0.0,85.0,49.0,-2.0,86.0,92.0,-3.0,1.3
ofsetni papir 170 g,600 dot,122,0.0,21.0,100.0,0.0,77.0,45.0,7.0,78.0,63.0,7.0,0.96
ofsetni papir 170 g,600 dot,123,0.0,52.0,100.0,0.0,64.0,2.0,26.0,57.0,31.0,39.0,11.54
ofsetni papir 170 g,600 dot,124,0.0,81.0,100.0,0.0,53.0,9.0,45.0,48.0,18.0,54.0,7.32
ofsetni papir 170 g,600 dot,125,0.0,100.0,100.0,0.0,45.0,49.0,57.0,44.0,14.0,59.0,1.43
ofsetni papir 170 g,600 dot,126,16.0,0.0,100.0,0.0,78.0,80.0,-7.0,85.0,79.0,-4.0,5.57
ofsetni papir 170 g,600 dot,127,16.0,21.0,100.0,0.0,69.0,77.0,1.0,82.0,0.0,0.0,9.64
ofsetni papir 170 g,600 dot,128,16.0,52.0,100.0,0.0,58.0,45.0,17.0,56.0,80.0,37.0,11.96
ofsetni papir 170 g,600 dot,129,16.0,81.0,100.0,0.0,48.0,47.0,34.0,48.0,97.0,51.0,7.42
ofsetni papir 170 g,600 dot,130,16.0,100.0,100.0,0.0,41.0,96.0,47.0,45.0,28.0,57.0,4.4
ofsetni papir 170 g,600 dot,131,39.0,0.0,100.0,0.0,70.0,36.0,-16.0,73.0,92.0,-20.0,3.46
ofsetni papir 170 g,600 dot,132,39.0,21.0,100.0,0.0,59.0,91.0,-6.0,56.0,94.0,-4.0,2.92
ofsetni papir 170 g,600 dot,133,39.0,52.0,100.0,0.0,48.0,37.0,8.0,38.0,12.0,13.0,10.95
ofsetni papir 170 g,600 dot,134,39.0,81.0,100.0,0.0,40.0,87.0,22.0,32.0,40.0,26.0,8.91
ofsetni papir 170 g,600 dot,135,39.0,100.0,100.0,0.0,36.0,52.0,34.0,31.0,12.0,34.0,4.41
ofsetni papir 170 g,600 dot,136,64.0,0.0,100.0,0.0,58.0,74.0,-30.0,57.0,89.0,-42.0,5.21
ofsetni papir 170 g,600 dot,137,64.0,21.0,100.0,0.0,51.0,9.0,-19.0,46.0,20.0,-24.0,6.14
ofsetni papir 170 g,600 dot,138,64.0,52.0,100.0,0.0,39.0,19.0,-3.0,34.0,95.0,-3.0,3.89
ofsetni papir 170 g,600 dot,139,64.0,81.0,100.0,0.0,31.0,75.0,9.0,23.0,4.0,12.0,7.67
ofsetni papir 170 g,600 dot,140,64.0,100.0,100.0,0.0,28.0,94.0,17.0,20.0,75.0,16.0,6.09
ofsetni papir 170 g,600 dot,141,85.0,0.0,100.0,0.0,51.0,23.0,-43.0,49.0,94.0,-53.0,3.39
ofsetni papir 170 g,600 dot,142,85.0,21.0,100.0,0.0,43.0,84.0,-33.0,41.0,27.0,-39.0,3.3
ofsetni papir 170 g,600 dot,143,85.0,52.0,100.0,0.0,35.0,17.0,-14.0,29.0,18.0,-16.0,5.18
ofsetni papir 170 g,600 dot,144,85.0,81.0,100.0,0.0,30.0,10.0,-0.0,27.0,49.0,-0.0,4.15
ofsetni papir 170 g,600 dot,145,85.0,100.0,100.0,0.0,26.0,29.0,6.0,19.0,25.0,7.0,5.12
ofsetni papir 170 g,600 dot,146,100.0,0.0,100.0,0.0,46.0,82.0,-52.0,47.0,1.0,-56.0,1.7
ofsetni papir 170 g,600 dot,147,100.0,21.0,100.0,0.0,41.0,81.0,-42.0,44.0,91.0,-51.0,4.33
ofsetni papir 170 g,600 dot,148,100.0,52.0,100.0,0.0,32.0,33.0,-24.0,25.0,78.0,-22.0,5.18
ofsetni papir 170 g,600 dot,149,100.0,81.0,100.0,0.0,24.0,72.0,-6.0,20.0,89.0,-8.0,3.7
ofsetni papir 170 g,600 dot,150,100.0,100.0,100.0,0.0,20.0,36.0,-0.0,20.0,61.0,-0.0,0.26
ofsetni papir 170 g,600 dot,151,0.0,0.0,0.0,25.0,72.0,62.0,0.0,72.0,35.0,0.0,0.21
ofsetni papir 170 g,600 dot,152,0.0,31.0,0.0,25.0,63.0,11.0,10.0,60.0,79.0,17.0,5.49
ofsetni papir 170 g,600 dot,153,0.0,72.0,0.0,25.0,47.0,78.0,31.0,41.0,17.0,39.0,7.74
ofsetni papir 170 g,600 dot,154,0.0,100.0,0.0,25.0,38.0,5.0,49.0,40.0,28.0,55.0,3.03
ofsetni papir 170 g,600 dot,155,21.0,0.0,0.0,25.0,67.0,91.0,-5.0,78.0,18.0,-7.0,7.97
ofsetni papir 170 g,600 dot,156,21.0,31.0,0.0,25.0,58.0,1.0,5.0,55.0,72.0,11.0,7.05
ofsetni papir 170 g,600 dot,157,21.0,72.0,0.0,25.0,44.0,28.0,24.0,38.0,26.0,34.0,6.73
ofsetni papir 170 g,600 dot,158,21.0,100.0,0.0,25.0,35.0,3.0,40.0,37.0,92.0,46.0,3.13
ofsetni papir 170 g,600 dot,159,52.0,0.0,0.0,25.0,58.0,52.0,-13.0,61.0,96.0,-22.0,6.08
ofsetni papir 170 g,600 dot,160,52.0,31.0,0.0,25.0,51.0,44.0,-3.0,43.0,46.0,-5.0,8.03
ofsetni papir 170 g,600 dot,161,52.0,72.0,0.0,25.0,38.0,69.0,13.0,28.0,62.0,14.0,8.62
ofsetni papir 170 g,600 dot,162,52.0,100.0,0.0,25.0,30.0,67.0,27.0,26.0,38.0,25.0,5.51
ofsetni papir 170 g,600 dot,163,81.0,0.0,0.0,25.0,48.0,68.0,-24.0,52.0,9.0,-29.0,4.24
ofsetni papir 170 g,600 dot,164,81.0,31.0,0.0,25.0,42.0,22.0,-14.0,38.0,22.0,-13.0,3.59
ofsetni papir 170 g,600 dot,165,81.0,72.0,0.0,25.0,31.0,13.0,0.0,24.0,81.0,4.0,5.5
ofsetni papir 170 g,600 dot,166,81.0,100.0,0.0,25.0,25.0,55.0,11.0,21.0,24.0,13.0,3.51
ofsetni papir 170 g,600 dot,167,100.0,0.0,0.0,25.0,43.0,15.0,-31.0,52.0,8.0,-34.0,9.48
ofsetni papir 170 g,600 dot,168,100.0,31.0,0.0,25.0,37.0,26.0,-20.0,35.0,23.0,-18.0,2.24
ofsetni papir 170 g,600 dot,169,100.0,72.0,0.0,25.0,28.0,53.0,-5.0,22.0,93.0,0.0,6.97
ofsetni papir 170 g,600 dot,170,100.0,100.0,0.0,25.0,23.0,99.0,4.0,19.0,91.0,7.0,4.11
ofsetni papir 170 g,600 dot,171,0.0,0.0,31.0,25.0,71.0,37.0,-1.0,79.0,33.0,-3.0,9.26
ofsetni papir 170 g,600 dot,172,0.0,31.0,31.0,25.0,62.0,39.0,9.0,57.0,15.0,13.0,6.65
ofsetni papir 170 g,600 dot,173,0.0,72.0,31.0,25.0,47.0,64.0,29.0,41.0,42.0,37.0,7.47
ofsetni papir 170 g,600 dot,174,0.0,100.0,31.0,25.0,38.0,14.0,46.0,39.0,76.0,51.0,5.47
ofsetni papir 170 g,600 dot,175,21.0,0.0,31.0,25.0,65.0,42.0,-6.0,65.0,7.0,-4.0,7.03
ofsetni papir 170 g,600 dot,176,21.0,31.0,31.0,25.0,54.0,25.0,4.0,46.0,57.0,2.0,8.53
ofsetni papir 170 g,600 dot,177,21.0,72.0,31.0,25.0,41.0,42.0,24.0,31.0,70.0,26.0,8.2
ofsetni papir 170 g,600 dot,178,21.0,100.0,31.0,25.0,34.0,80.0,38.0,29.0,58.0,34.0,4.68
ofsetni papir 170 g,600 dot,179,52.0,0.0,31.0,25.0,56.0,1.0,-15.0,50.0,88.0,-22.0,6.73
ofsetni papir 170 g,600 dot,180,52.0,31.0,31.0,25.0,44.0,73.0,-5.0,37.0,8.0,-5.0,6.9
ofsetni papir 170 g,600 dot,181,52.0,72.0,31.0,25.0,34.0,39.0,12.0,25.0,26.0,18.0,8.2
ofsetni papir 170 g,600 dot,182,52.0,100.0,31.0,25.0,27.0,86.0,24.0,21.0,92.0,22.0,4.48
ofsetni papir 170 g,600 dot,183,81.0,0.0,31.0,25.0,45.0,83.0,-27.0,42.0,33.0,-31.0,5.18
ofsetni papir 170 g,600 dot,184,81.0,31.0,31.0,25.0,37.0,9.0,-15.0,30.0,29.0,-15.0,5.52
ofsetni papir 170 g,600 dot,185,81.0,72.0,31.0,25.0,27.0,31.0,1.0,19.0,1.0,2.0,6.72
ofsetni papir 170 g,600 dot,186,81.0,100.0,31.0,25.0,23.0,50.0,8.0,16.0,84.0,8.0,4.73
ofsetni papir 170 g,600 dot,187,100.0,0.0,31.0,25.0,40.0,17.0,-35.0,47.0,64.0,-46.0,11.14
ofsetni papir 170 g,600 dot,188,100.0,31.0,31.0,25.0,33.0,83.0,-23.0,30.0,65.0,-19.0,3.11
ofsetni papir 170 g,600 dot,189,100.0,72.0,31.0,25.0,23.0,93.0,-5.0,18.0,27.0,-1.0,6.49
ofsetni papir 170 g,600 dot,190,100.0,100.0,31.0,25.0,21.0,25.0,1.0,15.0,29.0,5.0,6.76
ofsetni papir 170 g,600 dot,191,0.0,0.0,72.0,25.0,68.0,51.0,-2.0,76.0,88.0,-4.0,8.48
ofsetni papir 170 g,600 dot,192,0.0,31.0,72.0,25.0,58.0,93.0,8.0,55.0,46.0,14.0,4.78
ofsetni papir 170 g,600 dot,193,0.0,72.0,72.0,25.0,45.0,96.0,28.0,41.0,47.0,38.0,6.51
ofsetni papir 170 g,600 dot,194,0.0,100.0,72.0,25.0,37.0,5.0,43.0,37.0,96.0,50.0,3.13
ofsetni papir 170 g,600 dot,195,21.0,0.0,72.0,25.0,61.0,38.0,-7.0,56.0,70.0,-4.0,5.47
ofsetni papir 170 g,600 dot,196,21.0,31.0,72.0,25.0,52.0,34.0,3.0,41.0,0.0,3.0,11.03
ofsetni papir 170 g,600 dot,197,21.0,72.0,72.0,25.0,42.0,60.0,21.0,30.0,1.0,24.0,11.19
ofsetni papir 170 g,600 dot,198,21.0,100.0,72.0,25.0,34.0,36.0,34.0,28.0,7.0,31.0,5.23
ofsetni papir 170 g,600 dot,199,52.0,0.0,72.0,25.0,53.0,65.0,-18.0,46.0,20.0,-24.0,8.21
ofsetni papir 170 g,600 dot,200,52.0,31.0,72.0,25.0,43.0,49.0,-6.0,35.0,74.0,-5.0,8.76
ofsetni papir 170 g,600 dot,201,52.0,72.0,72.0,25.0,32.0,55.0,10.0,23.0,36.0,11.0,6.99
ofsetni papir 170 g,600 dot,202,52.0,100.0,72.0,25.0,26.0,75.0,20.0,20.0,8.0,17.0,5.56
ofsetni papir 170 g,600 dot,203,81.0,0.0,72.0,25.0,43.0,76.0,-31.0,40.0,0.0,-35.0,4.34
ofsetni papir 170 g,600 dot,204,81.0,31.0,72.0,25.0,35.0,69.0,-18.0,27.0,89.0,-19.0,6.81
ofsetni papir 170 g,600 dot,205,81.0,72.0,72.0,25.0,23.0,74.0,-0.0,23.0,7.0,-0.0,0.63
ofsetni papir 170 g,600 dot,206,81.0,100.0,72.0,25.0,20.0,59.0,7.0,17.0,88.0,9.0,2.27
ofsetni papir 170 g,600 dot,207,100.0,0.0,72.0,25.0,39.0,41.0,-40.0,40.0,24.0,-44.0,5.07
ofsetni papir 170 g,600 dot,208,100.0,31.0,72.0,25.0,32.0,24.0,-27.0,26.0,51.0,-24.0,6.0
ofsetni papir 170 g,600 dot,209,100.0,72.0,72.0,25.0,22.0,79.0,-7.0,19.0,53.0,-7.0,2.34
ofsetni papir 170 g,600 dot,210,100.0,100.0,72.0,25.0,18.0,42.0,0.0,14.0,64.0,1.0,2.9
ofsetni papir 170 g,600 dot,211,0.0,0.0,100.0,25.0,68.0,44.0,-2.0,77.0,70.0,-3.0,7.42
ofsetni papir 170 g,600 dot,212,0.0,31.0,100.0,25.0,60.0,31.0,8.0,59.0,48.0,17.0,6.03
ofsetni papir 170 g,600 dot,213,0.0,72.0,100.0,25.0,46.0,12.0,28.0,44.0,96.0,40.0,7.6
ofsetni papir 170 g,600 dot,214,0.0,100.0,100.0,25.0,37.0,78.0,43.0,39.0,82.0,50.0,3.07
ofsetni papir 170 g,600 dot,215,21.0,0.0,100.0,25.0,62.0,38.0,-7.0,60.0,95.0,-4.0,2.5
ofsetni papir 170 g,600 dot,216,21.0,31.0,100.0,25.0,53.0,9.0,2.0,43.0,89.0,2.0,9.45
ofsetni papir 170 g,600 dot,217,21.0,72.0,100.0,25.0,40.0,58.0,21.0,31.0,45.0,25.0,10.33
ofsetni papir 170 g,600 dot,218,21.0,100.0,100.0,25.0,33.0,28.0,34.0,27.0,78.0,32.0,4.56
ofsetni papir 170 g,600 dot,219,52.0,0.0,100.0,25.0,51.0,99.0,-19.0,45.0,83.0,-23.0,7.7
ofsetni papir 170 g,600 dot,220,52.0,31.0,100.0,25.0,42.0,4.0,-7.0,35.0,96.0,-5.0,5.52
ofsetni papir 170 g,600 dot,221,52.0,72.0,100.0,25.0,31.0,8.0,9.0,23.0,9.0,11.0,7.76
ofsetni papir 170 g,600 dot,222,52.0,100.0,100.0,25.0,26.0,79.0,19.0,20.0,38.0,16.0,4.97
ofsetni papir 170 g,600 dot,223,81.0,0.0,100.0,25.0,42.0,49.0,-33.0,38.0,66.0,-37.0,3.89
ofsetni papir 170 g,600 dot,224,81.0,31.0,100.0,25.0,35.0,41.0,-20.0,26.0,47.0,-20.0,7.32
ofsetni papir 170 g,600 dot,225,81.0,72.0,100.0,25.0,27.0,68.0,-2.0,23.0,88.0,-3.0,3.71
ofsetni papir 170 g,600 dot,226,81.0,100.0,100.0,25.0,22.0,39.0,6.0,16.0,85.0,6.0,4.0
ofsetni papir 170 g,600 dot,227,100.0,0.0,100.0,25.0,38.0,56.0,-43.0,40.0,87.0,-48.0,3.08
ofsetni papir 170 g,600 dot,228,100.0,31.0,100.0,25.0,31.0,76.0,-28.0,27.0,14.0,-25.0,4.16
ofsetni papir 170 g,600 dot,229,100.0,72.0,100.0,25.0,24.0,17.0,-8.0,19.0,52.0,-9.0,3.88
ofsetni papir 170 g,600 dot,230,100.0,100.0,100.0,25.0,19.0,31.0,-0.0,19.0,56.0,-1.0,0.84
ofsetni papir 170 g,600 dot,231,0.0,0.0,0.0,60.0,42.0,36.0,-0.0,35.0,73.0,-0.0,5.8
ofsetni papir 170 g,600 dot,232,0.0,31.0,0.0,60.0,40.0,9.0,6.0,30.0,98.0,8.0,7.89
ofsetni papir 170 g,600 dot,233,0.0,72.0,0.0,60.0,29.0,99.0,20.0,22.0,95.0,19.0,5.45
ofsetni papir 170 g,600 dot,234,0.0,100.0,0.0,60.0,26.0,7.0,28.0,21.0,15.0,23.0,4.37
ofsetni papir 170 g,600 dot,235,31.0,0.0,0.0,60.0,40.0,99.0,-5.0,33.0,54.0,-7.0,6.97
ofsetni papir 170 g,600 dot,236,31.0,31.0,0.0,60.0,34.0,61.0,1.0,27.0,10.0,2.0,6.41
ofsetni papir 170 g,600 dot,237,31.0,72.0,0.0,60.0,26.0,34.0,12.0,20.0,83.0,14.0,4.34
ofsetni papir 170 g,600 dot,238,31.0,100.0,0.0,60.0,22.0,16.0,21.0,17.0,48.0,18.0,3.72
ofsetni papir 170 g,600 dot,239,72.0,0.0,0.0,60.0,32.0,65.0,-14.0,30.0,74.0,-14.0,2.36
ofsetni papir 170 g,600 dot,240,72.0,31.0,0.0,60.0,28.0,5.0,-7.0,23.0,46.0,-6.0,3.76
ofsetni papir 170 g,600 dot,241,72.0,72.0,0.0,60.0,21.0,74.0,3.0,16.0,54.0,4.0,4.34
ofsetni papir 170 g,600 dot,242,72.0,100.0,0.0,60.0,18.0,80.0,9.0,14.0,51.0,8.0,3.03
ofsetni papir 170 g,600 dot,243,100.0,0.0,0.0,60.0,28.0,51.0,-18.0,25.0,48.0,-15.0,3.37
ofsetni papir 170 g,600 dot,244,100.0,31.0,0.0,60.0,24.0,15.0,-11.0,20.0,13.0,-7.0,4.8
ofsetni papir 170 g,600 dot,245,100.0,72.0,0.0,60.0,20.0,28.0,-1.0,15.0,21.0,2.0,7.03
ofsetni papir 170 g,600 dot,246,100.0,100.0,0.0,60.0,17.0,87.0,2.0,14.0,35.0,5.0,5.79
ofsetni papir 170 g,600 dot,247,0.0,0.0,31.0,60.0,45.0,18.0,-1.0,37.0,59.0,-2.0,7.99
ofsetni papir 170 g,600 dot,248,0.0,31.0,31.0,60.0,37.0,96.0,5.0,29.0,81.0,6.0,6.8
ofsetni papir 170 g,600 dot,249,0.0,72.0,31.0,60.0,29.0,99.0,19.0,22.0,51.0,17.0,5.95
ofsetni papir 170 g,600 dot,250,0.0,100.0,31.0,60.0,25.0,8.0,26.0,19.0,91.0,21.0,5.13
ofsetni papir 170 g,600 dot,251,31.0,0.0,31.0,60.0,38.0,5.0,-6.0,32.0,0.0,-6.0,5.35
ofsetni papir 170 g,600 dot,252,31.0,31.0,31.0,60.0,32.0,0.0,0.0,30.0,21.0,-0.0,2.55
ofsetni papir 170 g,600 dot,253,31.0,72.0,31.0,60.0,26.0,8.0,12.0,21.0,37.0,14.0,3.81
ofsetni papir 170 g,600 dot,254,31.0,100.0,31.0,60.0,21.0,62.0,19.0,21.0,62.0,18.0,0.9
ofsetni papir 170 g,600 dot,255,72.0,0.0,31.0,60.0,31.0,12.0,-15.0,26.0,39.0,-15.0,4.68
ofsetni papir 170 g,600 dot,256,72.0,31.0,31.0,60.0,25.0,41.0,-7.0,23.0,25.0,-9.0,1.9
ofsetni papir 170 g,600 dot,257,72.0,72.0,31.0,60.0,20.0,92.0,2.0,16.0,44.0,3.0,3.45
ofsetni papir 170 g,600 dot,258,72.0,100.0,31.0,60.0,17.0,99.0,7.0,14.0,14.0,7.0,2.72
ofsetni papir 170 g,600 dot,259,100.0,0.0,31.0,60.0,27.0,34.0,-20.0,23.0,78.0,-18.0,5.93
ofsetni papir 170 g,600 dot,260,100.0,31.0,31.0,60.0,23.0,1.0,-12.0,21.0,0.0,-10.0,2.46
ofsetni papir 170 g,600 dot,261,100.0,72.0,31.0,60.0,18.0,39.0,-2.0,15.0,33.0,0.0,4.87
ofsetni papir 170 g,600 dot,262,100.0,100.0,31.0,60.0,15.0,94.0,1.0,13.0,33.0,4.0,4.13
ofsetni papir 170 g,600 dot,263,0.0,0.0,72.0,60.0,43.0,53.0,-2.0,37.0,89.0,-3.0,5.05
ofsetni papir 170 g,600 dot,264,0.0,31.0,72.0,60.0,37.0,90.0,4.0,29.0,16.0,7.0,8.03
ofsetni papir 170 g,600 dot,265,0.0,72.0,72.0,60.0,29.0,38.0,16.0,22.0,29.0,16.0,5.83
ofsetni papir 170 g,600 dot,266,0.0,100.0,72.0,60.0,24.0,20.0,24.0,20.0,63.0,19.0,4.0
ofsetni papir 170 g,600 dot,267,31.0,0.0,72.0,60.0,37.0,55.0,-7.0,31.0,56.0,-8.0,4.91
ofsetni papir 170 g,600 dot,268,31.0,31.0,72.0,60.0,31.0,18.0,-0.0,28.0,54.0,-2.0,3.27
ofsetni papir 170 g,600 dot,269,31.0,72.0,72.0,60.0,25.0,65.0,10.0,20.0,3.0,10.0,4.06
ofsetni papir 170 g,600 dot,270,31.0,100.0,72.0,60.0,21.0,46.0,16.0,18.0,46.0,13.0,3.19
ofsetni papir 170 g,600 dot,271,72.0,0.0,72.0,60.0,28.0,97.0,-17.0,23.0,72.0,-17.0,4.03
ofsetni papir 170 g,600 dot,272,72.0,31.0,72.0,60.0,25.0,72.0,-9.0,20.0,83.0,-10.0,3.88
ofsetni papir 170 g,600 dot,273,72.0,72.0,72.0,60.0,19.0,55.0,0.0,19.0,7.0,2.0,1.96
ofsetni papir 170 g,600 dot,274,72.0,100.0,72.0,60.0,17.0,17.0,5.0,15.0,94.0,6.0,1.61
ofsetni papir 170 g,600 dot,275,100.0,0.0,72.0,60.0,25.0,66.0,-23.0,21.0,99.0,-19.0,4.47
ofsetni papir 170 g,600 dot,276,100.0,31.0,72.0,60.0,21.0,98.0,-14.0,19.0,84.0,-13.0,3.22
ofsetni papir 170 g,600 dot,277,100.0,72.0,72.0,60.0,17.0,21.0,-3.0,16.0,9.0,-4.0,1.92
ofsetni papir 170 g,600 dot,278,100.0,100.0,72.0,60.0,14.0,29.0,0.0,14.0,53.0,1.0,1.45
ofsetni papir 170 g,600 dot,279,0.0,0.0,100.0,60.0,42.0,64.0,-3.0,36.0,48.0,-3.0,6.36
ofsetni papir 170 g,600 dot,280,0.0,31.0,100.0,60.0,36.0,29.0,3.0,27.0,74.0,5.0,8.58
ofsetni papir 170 g,600 dot,281,0.0,72.0,100.0,60.0,29.0,9.0,15.0,22.0,58.0,13.0,7.32
ofsetni papir 170 g,600 dot,282,0.0,100.0,100.0,60.0,24.0,63.0,22.0,20.0,85.0,16.0,4.4
ofsetni papir 170 g,600 dot,283,31.0,0.0,100.0,60.0,37.0,68.0,-9.0,31.0,39.0,-9.0,6.36
ofsetni papir 170 g,600 dot,284,31.0,31.0,100.0,60.0,32.0,66.0,-1.0,29.0,14.0,-2.0,3.38
ofsetni papir 170 g,600 dot,285,31.0,72.0,100.0,60.0,25.0,95.0,8.0,20.0,31.0,8.0,5.67
ofsetni papir 170 g,600 dot,286,31.0,100.0,100.0,60.0,21.0,52.0,15.0,18.0,27.0,12.0,3.35
ofsetni papir 170 g,600 dot,287,72.0,0.0,100.0,60.0,28.0,78.0,-19.0,23.0,29.0,-17.0,4.66
ofsetni papir 170 g,600 dot,288,72.0,31.0,100.0,60.0,25.0,14.0,-10.0,20.0,80.0,-10.0,3.67
ofsetni papir 170 g,600 dot,289,72.0,72.0,100.0,60.0,19.0,68.0,-0.0,18.0,64.0,0.0,1.43
ofsetni papir 170 g,600 dot,290,72.0,100.0,100.0,60.0,17.0,69.0,4.0,15.0,42.0,4.0,1.7
ofsetni papir 170 g,600 dot,291,100.0,0.0,100.0,60.0,24.0,37.0,-24.0,21.0,23.0,-19.0,3.55
ofsetni papir 170 g,600 dot,292,100.0,31.0,100.0,60.0,22.0,9.0,-16.0,18.0,66.0,-14.0,2.75
ofsetni papir 170 g,600 dot,293,100.0,72.0,100.0,60.0,16.0,55.0,-5.0,16.0,19.0,-6.0,1.74
ofsetni papir 170 g,600 dot,294,100.0,100.0,100.0,60.0,14.0,5.0,-0.0,15.0,90.0,-0.0,1.74
ofsetni papir 170 g,600 dot,295,0.0,0.0,0.0,88.0,22.0,43.0,-0.0,20.0,60.0,-0.0,1.32
ofsetni papir 170 g,600 dot,296,0.0,52.0,0.0,88.0,19.0,84.0,6.0,16.0,90.0,8.0,2.81
ofsetni papir 170 g,600 dot,297,0.0,100.0,0.0,88.0,16.0,86.0,12.0,15.0,16.0,11.0,1.58
ofsetni papir 170 g,600 dot,298,31.0,0.0,0.0,88.0,21.0,48.0,-2.0,19.0,11.0,-3.0,1.82
ofsetni papir 170 g,600 dot,299,31.0,52.0,0.0,88.0,17.0,82.0,3.0,15.0,71.0,5.0,2.33
ofsetni papir 170 g,600 dot,300,31.0,100.0,0.0,88.0,15.0,17.0,8.0,14.0,5.0,9.0,0.91
ofsetni papir 170 g,600 dot,301,72.0,0.0,0.0,88.0,19.0,18.0,-5.0,16.0,79.0,-4.0,2.25
ofsetni papir 170 g,600 dot,302,72.0,52.0,0.0,88.0,15.0,66.0,0.0,13.0,48.0,2.0,4.16
ofsetni papir 170 g,600 dot,303,72.0,100.0,0.0,88.0,13.0,95.0,4.0,13.0,3.0,5.0,1.77
ofsetni papir 170 g,600 dot,304,100.0,0.0,0.0,88.0,17.0,54.0,-6.0,15.0,93.0,-3.0,2.67
ofsetni papir 170 g,600 dot,305,100.0,52.0,0.0,88.0,14.0,97.0,-1.0,13.0,80.0,1.0,4.03
ofsetni papir 170 g,600 dot,306,100.0,100.0,0.0,88.0,14.0,10.0,2.0,12.0,0.0,4.0,3.44
ofsetni papir 170 g,600 dot,307,0.0,0.0,52.0,88.0,24.0,20.0,-1.0,22.0,62.0,-2.0,2.74
ofsetni papir 170 g,600 dot,308,0.0,52.0,52.0,88.0,19.0,17.0,4.0,16.0,67.0,4.0,1.73
ofsetni papir 170 g,600 dot,309,0.0,100.0,52.0,88.0,17.0,41.0,10.0,15.0,91.0,7.0,2.41
ofsetni papir 170 g,600 dot,310,31.0,0.0,52.0,88.0,22.0,22.0,-4.0,20.0,44.0,-6.0,2.53
ofsetni papir 170 g,600 dot,311,31.0,52.0,52.0,88.0,17.0,55.0,1.0,16.0,60.0,3.0,2.46
ofsetni papir 170 g,600 dot,312,31.0,100.0,52.0,88.0,16.0,18.0,6.0,15.0,7.0,6.0,1.83
ofsetni papir 170 g,600 dot,313,72.0,0.0,52.0,88.0,18.0,0.0,-7.0,16.0,77.0,-7.0,2.75
ofsetni papir 170 g,600 dot,314,72.0,52.0,52.0,88.0,14.0,24.0,-0.0,14.0,95.0,-1.0,1.63
ofsetni papir 170 g,600 dot,315,72.0,100.0,52.0,88.0,13.0,43.0,2.0,13.0,5.0,3.0,1.7
ofsetni papir 170 g,600 dot,316,100.0,0.0,52.0,88.0,17.0,33.0,-7.0,15.0,97.0,-7.0,3.36
ofsetni papir 170 g,600 dot,317,100.0,52.0,52.0,88.0,13.0,34.0,-1.0,15.0,29.0,-3.0,2.85
ofsetni papir 170 g,600 dot,318,100.0,100.0,52.0,88.0,13.0,18.0,0.0,13.0,68.0,1.0,1.53
ofsetni papir 170 g,600 dot,319,0.0,0.0,100.0,88.0,24.0,78.0,-3.0,22.0,54.0,-3.0,1.96
ofsetni papir 170 g,600 dot,320,0.0,52.0,100.0,88.0,20.0,25.0,2.0,17.0,59.0,3.0,2.89
ofsetni papir 170 g,600 dot,321,0.0,100.0,100.0,88.0,18.0,11.0,7.0,16.0,18.0,6.0,1.62
ofsetni papir 170 g,600 dot,322,31.0,0.0,100.0,88.0,21.0,43.0,-4.0,21.0,58.0,-4.0,0.35
ofsetni papir 170 g,600 dot,323,31.0,52.0,100.0,88.0,17.0,93.0,0.0,17.0,61.0,1.0,1.45
ofsetni papir 170 g,600 dot,324,31.0,100.0,100.0,88.0,16.0,20.0,4.0,16.0,53.0,4.0,0.88
ofsetni papir 170 g,600 dot,325,72.0,0.0,100.0,88.0,18.0,77.0,-8.0,17.0,50.0,-8.0,0.94
ofsetni papir 170 g,600 dot,326,72.0,52.0,100.0,88.0,15.0,82.0,-2.0,16.0,35.0,-4.0,2.57
ofsetni papir 170 g,600 dot,327,72.0,100.0,100.0,88.0,15.0,51.0,0.0,14.0,98.0,1.0,1.53
ofsetni papir 170 g,600 dot,328,100.0,0.0,100.0,88.0,17.0,75.0,-9.0,16.0,5.0,-8.0,1.59
ofsetni papir 170 g,600 dot,329,100.0,52.0,100.0,88.0,14.0,29.0,-2.0,14.0,92.0,-5.0,3.4
ofsetni papir 170 g,600 dot,330,100.0,100.0,100.0,88.0,14.0,36.0,-0.0,14.0,58.0,-0.0,1.26
ofsetni papir 170 g,600 dot,331,0.0,0.0,0.0,100.0,15.0,77.0,-0.0,16.0,74.0,-0.0,0.74
ofsetni papir 170 g,600 dot,332,0.0,52.0,0.0,100.0,14.0,2.0,2.0,14.0,34.0,3.0,2.05
ofsetni papir 170 g,600 dot,333,0.0,100.0,0.0,100.0,14.0,48.0,3.0,14.0,27.0,5.0,2.46
ofsetni papir 170 g,600 dot,334,52.0,0.0,0.0,100.0,13.0,60.0,-0.0,14.0,12.0,-1.0,1.1
ofsetni papir 170 g,600 dot,335,52.0,52.0,0.0,100.0,13.0,20.0,1.0,12.0,60.0,2.0,2.13
ofsetni papir 170 g,600 dot,336,52.0,100.0,0.0,100.0,11.0,92.0,3.0,12.0,66.0,4.0,1.38
ofsetni papir 170 g,600 dot,337,100.0,0.0,0.0,100.0,14.0,80.0,-2.0,15.0,5.0,-2.0,0.39
ofsetni papir 170 g,600 dot,338,100.0,52.0,0.0,100.0,13.0,0.0,0.0,13.0,86.0,0.0,1.2
ofsetni papir 170 g,600 dot,339,100.0,100.0,0.0,100.0,13.0,39.0,1.0,13.0,54.0,3.0,2.04
ofsetni papir 170 g,600 dot,340,0.0,0.0,52.0,100.0,15.0,16.0,-1.0,16.0,52.0,-1.0,1.94
ofsetni papir 170 g,600 dot,341,0.0,52.0,52.0,100.0,15.0,88.0,1.0,14.0,48.0,2.0,1.84
ofsetni papir 170 g,600 dot,342,0.0,100.0,52.0,100.0,14.0,4.0,3.0,14.0,14.0,3.0,1.63
ofsetni papir 170 g,600 dot,343,52.0,0.0,52.0,100.0,14.0,70.0,-2.0,15.0,6.0,-4.0,3.19
ofsetni papir 170 g,600 dot,344,52.0,52.0,52.0,100.0,13.0,89.0,-0.0,14.0,88.0,-0.0,0.95
ofsetni papir 170 g,600 dot,345,52.0,100.0,52.0,100.0,14.0,5.0,1.0,13.0,87.0,2.0,1.42
ofsetni papir 170 g,600 dot,346,100.0,0.0,52.0,100.0,13.0,91.0,-2.0,14.0,72.0,-4.0,3.38
ofsetni papir 170 g,600 dot,347,100.0,52.0,52.0,100.0,14.0,4.0,-1.0,14.0,18.0,-2.0,1.86
ofsetni papir 170 g,600 dot,348,100.0,100.0,52.0,100.0,14.0,87.0,1.0,13.0,87.0,0.0,3.5
ofsetni papir 170 g,600 dot,349,0.0,0.0,100.0,100.0,14.0,87.0,-2.0,16.0,56.0,-2.0,1.85
ofsetni papir 170 g,600 dot,350,0.0,52.0,100.0,100.0,14.0,28.0,0.0,15.0,91.0,1.0,2.13
ofsetni papir 170 g,600 dot,351,0.0,100.0,100.0,100.0,14.0,97.0,2.0,16.0,7.0,3.0,1.72
ofsetni papir 170 g,600 dot,352,52.0,0.0,100.0,100.0,15.0,51.0,-3.0,16.0,78.0,-5.0,3.07
ofsetni papir 170 g,600 dot,353,52.0,52.0,100.0,100.0,15.0,8.0,-0.0,15.0,41.0,-1.0,1.62
ofsetni papir 170 g,600 dot,354,52.0,100.0,100.0,100.0,14.0,43.0,0.0,14.0,33.0,1.0,1.19
ofsetni papir 170 g,600 dot,355,100.0,0.0,100.0,100.0,15.0,59.0,-4.0,14.0,96.0,-5.0,2.09
ofsetni papir 170 g,600 dot,356,100.0,52.0,100.0,100.0,14.0,41.0,-2.0,14.0,19.0,-3.0,2.02
ofsetni papir 170 g,600 dot,357,100.0,100.0,100.0,100.0,15.0,6.0,-0.0,14.0,98.0,-0.0,0.8
ofsetni papir 170 g,600 dot,358,5.0,0.0,0.0,0.0,92.0,42.0,-0.0,93.0,53.0,0.0,2.74
ofsetni papir 170 g,600 dot,359,28.0,0.0,0.0,0.0,83.0,37.0,-8.0,82.0,55.0,-10.0,1.61
ofsetni papir 170 g,600 dot,360,95.0,0.0,0.0,0.0,53.0,76.0,-33.0,54.0,38.0,-33.0,0.61
ofsetni papir 170 g,600 dot,361,0.0,4.0,0.0,0.0,93.0,40.0,1.0,93.0,54.0,1.0,0.12
ofsetni papir 170 g,600 dot,362,0.0,11.0,0.0,0.0,90.0,58.0,2.0,93.0,23.0,1.0,2.48
ofsetni papir 170 g,600 dot,363,0.0,93.0,0.0,0.0,49.0,91.0,56.0,47.0,30.0,62.0,3.15
ofsetni papir 170 g,600 dot,364,0.0,0.0,4.0,0.0,93.0,97.0,0.0,93.0,67.0,1.0,0.25
ofsetni papir 170 g,600 dot,365,0.0,0.0,11.0,0.0,93.0,21.0,-0.0,93.0,51.0,0.0,3.89
ofsetni papir 170 g,600 dot,366,0.0,0.0,93.0,0.0,86.0,76.0,-3.0,87.0,54.0,-4.0,0.8
ofsetni papir 170 g,600 dot,367,0.0,0.0,0.0,4.0,89.0,0.0,0.0,93.0,22.0,0.0,2.64
ofsetni papir 170 g,600 dot,368,0.0,0.0,0.0,13.0,80.0,56.0,0.0,92.0,40.0,0.0,7.77
ofsetni papir 170 g,600 dot,369,0.0,0.0,0.0,95.0,17.0,81.0,-0.0,18.0,64.0,-0.0,0.6
ofsetni papir 170 g,600 dot,370,9.0,7.0,7.0,0.0,85.0,42.0,0.0,93.0,13.0,0.0,4.98
ofsetni papir 170 g,600 dot,371,19.0,15.0,15.0,0.0,74.0,89.0,-0.0,86.0,70.0,0.0,8.26
ofsetni papir 170 g,600 dot,372,29.0,23.0,23.0,0.0,67.0,15.0,-0.0,62.0,58.0,-0.0,3.84
ofsetni papir 170 g,600 dot,373,39.0,31.0,31.0,0.0,57.0,62.0,-0.0,49.0,63.0,-0.0,7.79
ofsetni papir 170 g,600 dot,374,49.0,39.0,39.0,4.0,45.0,30.0,-0.0,37.0,13.0,-0.0,7.5
ofsetni papir 170 g,600 dot,375,59.0,47.0,47.0,16.0,36.0,6.0,-1.0,31.0,70.0,-0.0,3.84
ofsetni papir 170 g,600 dot,376,69.0,55.0,55.0,31.0,28.0,19.0,-1.0,26.0,47.0,-1.0,2.14
ofsetni papir 170 g,600 dot,377,79.0,63.0,63.0,48.0,22.0,42.0,-2.0,21.0,24.0,-3.0,2.01
ofsetni papir 170 g,600 dot,378,89.0,71.0,71.0,72.0,15.0,81.0,-1.0,17.0,29.0,-3.0,1.86
ofsetni papir 170 g,600 dot,379,99.0,79.0,79.0,100.0,15.0,79.0,-0.0,15.0,76.0,-1.0,0.59
ofsetni papir 170 g,600 dot,380,9.0,7.0,7.0,0.0,85.0,47.0,0.0,93.0,18.0,0.0,4.94
ofsetni papir 170 g,600 dot,381,18.0,14.0,14.0,0.0,76.0,90.0,-0.0,89.0,99.0,0.0,8.88
ofsetni papir 170 g,600 dot,382,27.0,21.0,21.0,0.0,68.0,47.0,-0.0,65.0,39.0,-0.0,2.66
ofsetni papir 170 g,600 dot,383,36.0,29.0,29.0,0.0,59.0,64.0,-0.0,50.0,74.0,-0.0,8.56
ofsetni papir 170 g,600 dot,384,45.0,36.0,36.0,0.0,51.0,87.0,-0.0,41.0,10.0,-0.0,10.69
ofsetni papir 170 g,600 dot,385,54.0,43.0,43.0,0.0,44.0,71.0,-0.0,36.0,48.0,-0.0,7.65
ofsetni papir 170 g,600 dot,386,63.0,50.0,50.0,0.0,37.0,95.0,-1.0,34.0,36.0,-0.0,3.66
ofsetni papir 170 g,600 dot,387,72.0,58.0,58.0,0.0,33.0,96.0,-2.0,30.0,41.0,-2.0,3.49
ofsetni papir 170 g,600 dot,388,81.0,65.0,65.0,2.0,29.0,34.0,-4.0,24.0,92.0,-4.0,3.38
ofsetni papir 170 g,600 dot,389,90.0,72.0,72.0,49.0,20.0,21.0,-3.0,19.0,24.0,-4.0,1.18
ofsetni papir 170 g,600 dot,390,24.0,19.0,19.0,11.0,64.0,20.0,-0.0,58.0,2.0,-0.0,5.46
ofsetni papir 170 g,600 dot,391,49.0,39.0,39.0,30.0,35.0,62.0,-0.0,32.0,89.0,-0.0,2.3
ofsetni papir 170 g,600 dot,392,74.0,59.0,59.0,59.0,21.0,76.0,-1.0,21.0,15.0,-3.0,1.56
ofsetni papir 170 g,600 dot,393,28.0,0.0,0.0,0.0,83.0,77.0,-8.0,81.0,27.0,-12.0,3.42
ofsetni papir 170 g,600 dot,394,64.0,0.0,0.0,0.0,64.0,53.0,-25.0,61.0,22.0,-30.0,3.83
ofsetni papir 170 g,600 dot,395,0.0,21.0,0.0,0.0,86.0,93.0,6.0,91.0,56.0,2.0,5.21
ofsetni papir 170 g,600 dot,396,0.0,52.0,0.0,0.0,72.0,12.0,23.0,64.0,82.0,38.0,8.63
ofsetni papir 170 g,600 dot,397,0.0,0.0,21.0,0.0,92.0,45.0,-0.0,93.0,12.0,0.0,4.27
ofsetni papir 170 g,600 dot,398,0.0,0.0,52.0,0.0,90.0,2.0,-3.0,89.0,58.0,-4.0,8.46
ofsetni papir 170 g,600 dot,399,0.0,0.0,0.0,25.0,70.0,38.0,0.0,64.0,98.0,0.0,4.35
ofsetni papir 170 g,600 dot,400,0.0,0.0,0.0,60.0,40.0,44.0,-0.0,33.0,97.0,-0.0,5.53
ofsetni papir 170 g,stochastic,1,0.0,0.0,0.0,0.0,94.0,8.0,0.0,93.0,59.0,1.0,0.39
ofsetni papir 170 g,stochastic,2,0.0,21.0,0.0,0.0,84.0,58.0,8.0,90.0,26.0,2.0,7.2
ofsetni papir 170 g,stochastic,3,0.0,52.0,0.0,0.0,70.0,61.0,23.0,75.0,24.0,20.0,4.06
ofsetni papir 170 g,stochastic,4,0.0,81.0,0.0,0.0,57.0,24.0,42.0,56.0,81.0,46.0,1.26
ofsetni papir 170 g,stochastic,5,0.0,100.0,0.0,0.0,47.0,84.0,59.0,48.0,28.0,59.0,0.71
ofsetni papir 170 g,stochastic,6,16.0,0.0,0.0,0.0,87.0,11.0,-4.0,91.0,59.0,-0.0,5.43
ofsetni papir 170 g,stochastic,7,16.0,21.0,0.0,0.0,78.0,83.0,3.0,88.0,81.0,1.0,7.61
ofsetni papir 170 g,stochastic,8,16.0,52.0,0.0,0.0,65.0,51.0,19.0,73.0,63.0,19.0,6.41
ofsetni papir 170 g,stochastic,9,16.0,81.0,0.0,0.0,51.0,80.0,36.0,55.0,85.0,43.0,4.71
ofsetni papir 170 g,stochastic,10,16.0,100.0,0.0,0.0,43.0,51.0,53.0,46.0,61.0,57.0,3.37
ofsetni papir 170 g,stochastic,11,39.0,0.0,0.0,0.0,77.0,96.0,-10.0,84.0,81.0,-6.0,6.18
ofsetni papir 170 g,stochastic,12,39.0,21.0,0.0,0.0,71.0,70.0,-3.0,82.0,34.0,-3.0,8.09
ofsetni papir 170 g,stochastic,13,39.0,52.0,0.0,0.0,58.0,93.0,10.0,69.0,30.0,12.0,9.18
ofsetni papir 170 g,stochastic,14,39.0,81.0,0.0,0.0,46.0,30.0,26.0,53.0,53.0,33.0,8.47
ofsetni papir 170 g,stochastic,15,39.0,100.0,0.0,0.0,40.0,21.0,41.0,44.0,17.0,49.0,5.26
ofsetni papir 170 g,stochastic,16,64.0,0.0,0.0,0.0,68.0,7.0,-20.0,73.0,19.0,-18.0,4.18
ofsetni papir 170 g,stochastic,17,64.0,21.0,0.0,0.0,61.0,50.0,-13.0,70.0,96.0,-15.0,7.83
ofsetni papir 170 g,stochastic,18,64.0,52.0,0.0,0.0,50.0,57.0,-1.0,59.0,61.0,-0.0,8.63
ofsetni papir 170 g,stochastic,19,64.0,81.0,0.0,0.0,40.0,57.0,13.0,45.0,39.0,20.0,7.41
ofsetni papir 170 g,stochastic,20,64.0,100.0,0.0,0.0,34.0,20.0,25.0,38.0,15.0,33.0,5.98
ofsetni papir 170 g,stochastic,21,85.0,0.0,0.0,0.0,58.0,40.0,-29.0,62.0,37.0,-27.0,3.56
ofsetni papir 170 g,stochastic,22,85.0,21.0,0.0,0.0,53.0,46.0,-23.0,59.0,49.0,-26.0,5.79
ofsetni papir 170 g,stochastic,23,85.0,52.0,0.0,0.0,44.0,17.0,-10.0,51.0,12.0,-11.0,6.88
ofsetni papir 170 g,stochastic,24,85.0,81.0,0.0,0.0,35.0,47.0,3.0,39.0,33.0,7.0,4.06
ofsetni papir 170 g,stochastic,25,85.0,100.0,0.0,0.0,29.0,68.0,12.0,32.0,95.0,19.0,5.47
ofsetni papir 170 g,stochastic,26,100.0,0.0,0.0,0.0,52.0,56.0,-34.0,55.0,75.0,-33.0,3.12
ofsetni papir 170 g,stochastic,27,100.0,21.0,0.0,0.0,47.0,2.0,-29.0,53.0,43.0,-31.0,6.48
ofsetni papir 170 g,stochastic,28,100.0,52.0,0.0,0.0,40.0,18.0,-17.0,46.0,98.0,-19.0,6.48
ofsetni papir 170 g,stochastic,29,100.0,81.0,0.0,0.0,32.0,18.0,-2.0,36.0,39.0,-1.0,3.46
ofsetni papir 170 g,stochastic,30,100.0,100.0,0.0,0.0,27.0,72.0,6.0,29.0,58.0,8.0,1.87
ofsetni papir 170 g,stochastic,31,0.0,0.0,21.0,0.0,91.0,59.0,-1.0,91.0,22.0,-1.0,0.57
ofsetni papir 170 g,stochastic,32,0.0,21.0,21.0,0.0,82.0,76.0,6.0,88.0,42.0,1.0,8.11
ofsetni papir 170 g,stochastic,33,0.0,52.0,21.0,0.0,68.0,84.0,24.0,72.0,68.0,21.0,3.32
ofsetni papir 170 g,stochastic,34,0.0,81.0,21.0,0.0,57.0,5.0,42.0,56.0,14.0,46.0,1.52
ofsetni papir 170 g,stochastic,35,0.0,100.0,21.0,0.0,47.0,25.0,59.0,47.0,90.0,58.0,0.79
ofsetni papir 170 g,stochastic,36,16.0,0.0,21.0,0.0,85.0,29.0,-5.0,89.0,53.0,-2.0,5.21
ofsetni papir 170 g,stochastic,37,16.0,21.0,21.0,0.0,73.0,63.0,2.0,84.0,87.0,0.0,8.86
ofsetni papir 170 g,stochastic,38,16.0,52.0,21.0,0.0,60.0,71.0,18.0,71.0,54.0,16.0,8.89
ofsetni papir 170 g,stochastic,39,16.0,81.0,21.0,0.0,49.0,93.0,35.0,55.0,22.0,41.0,5.56
ofsetni papir 170 g,stochastic,40,16.0,100.0,21.0,0.0,42.0,92.0,50.0,47.0,27.0,55.0,4.4
ofsetni papir 170 g,stochastic,41,39.0,0.0,21.0,0.0,75.0,99.0,-13.0,83.0,60.0,-8.0,7.02
ofsetni papir 170 g,stochastic,42,39.0,21.0,21.0,0.0,64.0,96.0,-4.0,78.0,43.0,-1.0,10.8
ofsetni papir 170 g,stochastic,43,39.0,52.0,21.0,0.0,53.0,39.0,11.0,67.0,95.0,10.0,12.77
ofsetni papir 170 g,stochastic,44,39.0,81.0,21.0,0.0,43.0,40.0,26.0,51.0,16.0,32.0,8.09
ofsetni papir 170 g,stochastic,45,39.0,100.0,21.0,0.0,37.0,19.0,39.0,43.0,12.0,49.0,6.36
ofsetni papir 170 g,stochastic,46,64.0,0.0,21.0,0.0,64.0,61.0,-25.0,70.0,53.0,-23.0,5.47
ofsetni papir 170 g,stochastic,47,64.0,21.0,21.0,0.0,54.0,94.0,-15.0,68.0,9.0,-14.0,11.38
ofsetni papir 170 g,stochastic,48,64.0,52.0,21.0,0.0,45.0,10.0,0.0,59.0,38.0,-0.0,14.08
ofsetni papir 170 g,stochastic,49,64.0,81.0,21.0,0.0,35.0,62.0,14.0,45.0,34.0,21.0,9.73
ofsetni papir 170 g,stochastic,50,64.0,100.0,21.0,0.0,31.0,75.0,24.0,37.0,56.0,33.0,6.7
ofsetni papir 170 g,stochastic,51,85.0,0.0,21.0,0.0,56.0,42.0,-34.0,60.0,53.0,-33.0,3.81
ofsetni papir 170 g,stochastic,52,85.0,21.0,21.0,0.0,47.0,76.0,-24.0,57.0,75.0,-27.0,9.84
ofsetni papir 170 g,stochastic,53,85.0,52.0,21.0,0.0,38.0,82.0,-10.0,51.0,47.0,-12.0,12.16
ofsetni papir 170 g,stochastic,54,85.0,81.0,21.0,0.0,30.0,91.0,2.0,38.0,83.0,6.0,6.95
ofsetni papir 170 g,stochastic,55,85.0,100.0,21.0,0.0,27.0,36.0,10.0,33.0,15.0,17.0,6.63
ofsetni papir 170 g,stochastic,56,100.0,0.0,21.0,0.0,50.0,11.0,-41.0,53.0,69.0,-39.0,3.69
ofsetni papir 170 g,stochastic,57,100.0,21.0,21.0,0.0,44.0,37.0,-32.0,51.0,90.0,-35.0,7.55
ofsetni papir 170 g,stochastic,58,100.0,52.0,21.0,0.0,36.0,19.0,-16.0,45.0,72.0,-22.0,9.13
ofsetni papir 170 g,stochastic,59,100.0,81.0,21.0,0.0,29.0,26.0,-3.0,35.0,13.0,-4.0,4.94
ofsetni papir 170 g,stochastic,60,100.0,100.0,21.0,0.0,25.0,51.0,2.0,30.0,60.0,5.0,3.98
ofsetni papir 170 g,stochastic,61,0.0,0.0,52.0,0.0,88.0,78.0,-2.0,89.0,45.0,-3.0,1.28
ofsetni papir 170 g,stochastic,62,0.0,21.0,52.0,0.0,80.0,42.0,6.0,85.0,98.0,0.0,6.78
ofsetni papir 170 g,stochastic,63,0.0,52.0,52.0,0.0,67.0,70.0,23.0,71.0,23.0,20.0,3.66
ofsetni papir 170 g,stochastic,64,0.0,81.0,52.0,0.0,55.0,40.0,42.0,54.0,57.0,45.0,1.52
ofsetni papir 170 g,stochastic,65,0.0,100.0,52.0,0.0,46.0,67.0,57.0,47.0,30.0,56.0,0.62
ofsetni papir 170 g,stochastic,66,16.0,0.0,52.0,0.0,81.0,59.0,-6.0,87.0,40.0,-4.0,4.65
ofsetni papir 170 g,stochastic,67,16.0,21.0,52.0,0.0,71.0,37.0,2.0,83.0,50.0,-1.0,10.06
ofsetni papir 170 g,stochastic,68,16.0,52.0,52.0,0.0,59.0,58.0,18.0,70.0,3.0,15.0,9.48
ofsetni papir 170 g,stochastic,69,16.0,81.0,52.0,0.0,50.0,3.0,34.0,54.0,71.0,39.0,5.01
ofsetni papir 170 g,stochastic,70,16.0,100.0,52.0,0.0,42.0,44.0,49.0,45.0,90.0,54.0,3.66
ofsetni papir 170 g,stochastic,71,39.0,0.0,52.0,0.0,73.0,3.0,-15.0,81.0,80.0,-11.0,8.71
ofsetni papir 170 g,stochastic,72,39.0,21.0,52.0,0.0,60.0,42.0,-5.0,73.0,97.0,-3.0,11.38
ofsetni papir 170 g,stochastic,73,39.0,52.0,52.0,0.0,50.0,71.0,9.0,63.0,82.0,6.0,12.55
ofsetni papir 170 g,stochastic,74,39.0,81.0,52.0,0.0,42.0,60.0,24.0,50.0,4.0,29.0,7.54
ofsetni papir 170 g,stochastic,75,39.0,100.0,52.0,0.0,37.0,22.0,36.0,42.0,40.0,44.0,5.25
ofsetni papir 170 g,stochastic,76,64.0,0.0,52.0,0.0,61.0,49.0,-28.0,69.0,60.0,-25.0,7.74
ofsetni papir 170 g,stochastic,77,64.0,21.0,52.0,0.0,53.0,30.0,-17.0,65.0,92.0,-16.0,11.71
ofsetni papir 170 g,stochastic,78,64.0,52.0,52.0,0.0,38.0,56.0,-1.0,46.0,50.0,-1.0,7.42
ofsetni papir 170 g,stochastic,79,64.0,81.0,52.0,0.0,32.0,64.0,12.0,39.0,64.0,13.0,5.95
ofsetni papir 170 g,stochastic,80,64.0,100.0,52.0,0.0,29.0,71.0,21.0,35.0,34.0,26.0,5.19
ofsetni papir 170 g,stochastic,81,85.0,0.0,52.0,0.0,53.0,67.0,-39.0,58.0,76.0,-38.0,5.24
ofsetni papir 170 g,stochastic,82,85.0,21.0,52.0,0.0,45.0,89.0,-29.0,56.0,54.0,-30.0,10.72
ofsetni papir 170 g,stochastic,83,85.0,52.0,52.0,0.0,34.0,63.0,-12.0,44.0,6.0,-12.0,8.33
ofsetni papir 170 g,stochastic,84,85.0,81.0,52.0,0.0,27.0,71.0,2.0,34.0,36.0,2.0,5.25
ofsetni papir 170 g,stochastic,85,85.0,100.0,52.0,0.0,25.0,9.0,8.0,30.0,72.0,13.0,5.67
ofsetni papir 170 g,stochastic,86,100.0,0.0,52.0,0.0,48.0,35.0,-47.0,51.0,87.0,-46.0,3.83
ofsetni papir 170 g,stochastic,87,100.0,21.0,52.0,0.0,42.0,64.0,-36.0,50.0,32.0,-41.0,7.87
ofsetni papir 170 g,stochastic,88,100.0,52.0,52.0,0.0,32.0,77.0,-19.0,40.0,43.0,-23.0,6.79
ofsetni papir 170 g,stochastic,89,100.0,81.0,52.0,0.0,24.0,78.0,-4.0,31.0,99.0,-7.0,5.94
ofsetni papir 170 g,stochastic,90,100.0,100.0,52.0,0.0,22.0,15.0,1.0,27.0,93.0,3.0,4.86
ofsetni papir 170 g,stochastic,91,0.0,0.0,81.0,0.0,86.0,17.0,-2.0,87.0,25.0,-4.0,1.51
ofsetni papir 170 g,stochastic,92,0.0,21.0,81.0,0.0,78.0,97.0,6.0,83.0,5.0,0.0,4.74
ofsetni papir 170 g,stochastic,93,0.0,52.0,81.0,0.0,65.0,44.0,25.0,66.0,98.0,23.0,1.89
ofsetni papir 170 g,stochastic,94,0.0,81.0,81.0,0.0,53.0,73.0,43.0,52.0,91.0,46.0,2.01
ofsetni papir 170 g,stochastic,95,0.0,100.0,81.0,0.0,45.0,88.0,58.0,46.0,46.0,57.0,0.68
ofsetni papir 170 g,stochastic,96,16.0,0.0,81.0,0.0,79.0,31.0,-7.0,85.0,37.0,-5.0,4.61
ofsetni papir 170 g,stochastic,97,16.0,21.0,81.0,0.0,69.0,97.0,2.0,81.0,20.0,-2.0,9.11
ofsetni papir 170 g,stochastic,98,16.0,52.0,81.0,0.0,58.0,9.0,17.0,66.0,51.0,17.0,7.6
ofsetni papir 170 g,stochastic,99,16.0,81.0,81.0,0.0,49.0,7.0,35.0,52.0,73.0,40.0,4.3
ofsetni papir 170 g,stochastic,100,16.0,100.0,81.0,0.0,41.0,82.0,49.0,45.0,61.0,53.0,3.8
ofsetni papir 170 g,stochastic,101,39.0,0.0,81.0,0.0,70.0,84.0,-16.0,79.0,94.0,-12.0,7.84
ofsetni papir 170 g,stochastic,102,39.0,21.0,81.0,0.0,60.0,13.0,-5.0,72.0,12.0,-5.0,10.27
ofsetni papir 170 g,stochastic,103,39.0,52.0,81.0,0.0,49.0,40.0,9.0,59.0,91.0,6.0,10.98
ofsetni papir 170 g,stochastic,104,39.0,81.0,81.0,0.0,40.0,97.0,24.0,48.0,37.0,28.0,7.3
ofsetni papir 170 g,stochastic,105,39.0,100.0,81.0,0.0,36.0,62.0,35.0,41.0,46.0,42.0,4.98
ofsetni papir 170 g,stochastic,106,64.0,0.0,81.0,0.0,59.0,81.0,-29.0,66.0,70.0,-28.0,6.74
ofsetni papir 170 g,stochastic,107,64.0,21.0,81.0,0.0,51.0,87.0,-19.0,63.0,29.0,-19.0,11.65
ofsetni papir 170 g,stochastic,108,64.0,52.0,81.0,0.0,39.0,81.0,-2.0,48.0,90.0,-3.0,9.01
ofsetni papir 170 g,stochastic,109,64.0,81.0,81.0,0.0,31.0,99.0,11.0,39.0,11.0,10.0,6.29
ofsetni papir 170 g,stochastic,110,64.0,100.0,81.0,0.0,28.0,77.0,19.0,33.0,14.0,22.0,3.76
ofsetni papir 170 g,stochastic,111,85.0,0.0,81.0,0.0,51.0,97.0,-42.0,57.0,40.0,-41.0,6.06
ofsetni papir 170 g,stochastic,112,85.0,21.0,81.0,0.0,45.0,40.0,-32.0,55.0,50.0,-33.0,10.91
ofsetni papir 170 g,stochastic,113,85.0,52.0,81.0,0.0,34.0,48.0,-14.0,43.0,13.0,-14.0,8.29
ofsetni papir 170 g,stochastic,114,85.0,81.0,81.0,0.0,25.0,51.0,1.0,33.0,56.0,-0.0,6.78
ofsetni papir 170 g,stochastic,115,85.0,100.0,81.0,0.0,23.0,98.0,8.0,30.0,34.0,8.0,4.8
ofsetni papir 170 g,stochastic,116,100.0,0.0,81.0,0.0,46.0,75.0,-51.0,50.0,75.0,-50.0,4.29
ofsetni papir 170 g,stochastic,117,100.0,21.0,81.0,0.0,41.0,11.0,-40.0,49.0,94.0,-44.0,8.95
ofsetni papir 170 g,stochastic,118,100.0,52.0,81.0,0.0,31.0,53.0,-22.0,40.0,40.0,-24.0,7.92
ofsetni papir 170 g,stochastic,119,100.0,81.0,81.0,0.0,23.0,56.0,-5.0,28.0,89.0,-6.0,4.71
ofsetni papir 170 g,stochastic,120,100.0,100.0,81.0,0.0,20.0,82.0,0.0,26.0,47.0,-0.0,4.22
ofsetni papir 170 g,stochastic,121,0.0,0.0,100.0,0.0,85.0,49.0,-2.0,86.0,51.0,-3.0,1.03
ofsetni papir 170 g,stochastic,122,0.0,21.0,100.0,0.0,77.0,45.0,7.0,81.0,91.0,1.0,5.05
ofsetni papir 170 g,stochastic,123,0.0,52.0,100.0,0.0,64.0,2.0,26.0,66.0,81.0,23.0,3.31
ofsetni papir 170 g,stochastic,124,0.0,81.0,100.0,0.0,53.0,9.0,45.0,52.0,56.0,45.0,1.05
ofsetni papir 170 g,stochastic,125,0.0,100.0,100.0,0.0,45.0,49.0,57.0,45.0,89.0,56.0,0.49
ofsetni papir 170 g,stochastic,126,16.0,0.0,100.0,0.0,78.0,80.0,-7.0,84.0,26.0,-5.0,4.19
ofsetni papir 170 g,stochastic,127,16.0,21.0,100.0,0.0,69.0,77.0,1.0,80.0,26.0,-1.0,8.35
ofsetni papir 170 g,stochastic,128,16.0,52.0,100.0,0.0,58.0,45.0,17.0,66.0,0.0,18.0,6.95
ofsetni papir 170 g,stochastic,129,16.0,81.0,100.0,0.0,48.0,47.0,34.0,52.0,26.0,41.0,4.52
ofsetni papir 170 g,stochastic,130,16.0,100.0,100.0,0.0,41.0,96.0,47.0,45.0,70.0,53.0,3.95
ofsetni papir 170 g,stochastic,131,39.0,0.0,100.0,0.0,70.0,36.0,-16.0,78.0,73.0,-12.0,7.23
ofsetni papir 170 g,stochastic,132,39.0,21.0,100.0,0.0,59.0,91.0,-6.0,72.0,81.0,-5.0,10.91
ofsetni papir 170 g,stochastic,133,39.0,52.0,100.0,0.0,48.0,37.0,8.0,59.0,74.0,6.0,11.72
ofsetni papir 170 g,stochastic,134,39.0,81.0,100.0,0.0,40.0,87.0,22.0,46.0,93.0,28.0,6.29
ofsetni papir 170 g,stochastic,135,39.0,100.0,100.0,0.0,36.0,52.0,34.0,41.0,38.0,42.0,5.07
ofsetni papir 170 g,stochastic,136,64.0,0.0,100.0,0.0,58.0,74.0,-30.0,65.0,76.0,-28.0,6.81
ofsetni papir 170 g,stochastic,137,64.0,21.0,100.0,0.0,51.0,9.0,-19.0,63.0,81.0,-18.0,12.47
ofsetni papir 170 g,stochastic,138,64.0,52.0,100.0,0.0,39.0,19.0,-3.0,48.0,11.0,-3.0,9.02
ofsetni papir 170 g,stochastic,139,64.0,81.0,100.0,0.0,31.0,75.0,9.0,39.0,54.0,10.0,6.93
ofsetni papir 170 g,stochastic,140,64.0,100.0,100.0,0.0,28.0,94.0,17.0,33.0,16.0,20.0,3.72
ofsetni papir 170 g,stochastic,141,85.0,0.0,100.0,0.0,51.0,23.0,-43.0,55.0,94.0,-42.0,5.06
ofsetni papir 170 g,stochastic,142,85.0,21.0,100.0,0.0,43.0,84.0,-33.0,54.0,24.0,-34.0,11.24
ofsetni papir 170 g,stochastic,143,85.0,52.0,100.0,0.0,35.0,17.0,-14.0,42.0,82.0,-14.0,7.63
ofsetni papir 170 g,stochastic,144,85.0,81.0,100.0,0.0,30.0,10.0,-0.0,33.0,35.0,-0.0,3.45
ofsetni papir 170 g,stochastic,145,85.0,100.0,100.0,0.0,26.0,29.0,6.0,28.0,71.0,6.0,2.43
ofsetni papir 170 g,stochastic,146,100.0,0.0,100.0,0.0,46.0,82.0,-52.0,50.0,29.0,-50.0,3.73
ofsetni papir 170 g,stochastic,147,100.0,21.0,100.0,0.0,41.0,81.0,-42.0,48.0,82.0,-46.0,7.07
ofsetni papir 170 g,stochastic,148,100.0,52.0,100.0,0.0,32.0,33.0,-24.0,38.0,59.0,-26.0,5.78
ofsetni papir 170 g,stochastic,149,100.0,81.0,100.0,0.0,24.0,72.0,-6.0,30.0,12.0,-7.0,4.92
ofsetni papir 170 g,stochastic,150,100.0,100.0,100.0,0.0,20.0,36.0,-0.0,25.0,24.0,-0.0,3.89
ofsetni papir 170 g,stochastic,151,0.0,0.0,0.0,25.0,72.0,62.0,0.0,83.0,68.0,0.0,7.91
ofsetni papir 170 g,stochastic,152,0.0,31.0,0.0,25.0,63.0,11.0,10.0,77.0,55.0,7.0,11.54
ofsetni papir 170 g,stochastic,153,0.0,72.0,0.0,25.0,47.0,78.0,31.0,54.0,64.0,36.0,7.13
ofsetni papir 170 g,stochastic,154,0.0,100.0,0.0,25.0,38.0,5.0,49.0,43.0,52.0,54.0,5.19
ofsetni papir 170 g,stochastic,155,21.0,0.0,0.0,25.0,67.0,91.0,-5.0,82.0,63.0,-3.0,11.12
ofsetni papir 170 g,stochastic,156,21.0,31.0,0.0,25.0,58.0,1.0,5.0,75.0,30.0,4.0,14.07
ofsetni papir 170 g,stochastic,157,21.0,72.0,0.0,25.0,44.0,28.0,24.0,52.0,96.0,30.0,9.07
ofsetni papir 170 g,stochastic,158,21.0,100.0,0.0,25.0,35.0,3.0,40.0,41.0,91.0,50.0,6.84
ofsetni papir 170 g,stochastic,159,52.0,0.0,0.0,25.0,58.0,52.0,-13.0,71.0,71.0,-13.0,10.85
ofsetni papir 170 g,stochastic,160,52.0,31.0,0.0,25.0,51.0,44.0,-3.0,66.0,9.0,-5.0,13.19
ofsetni papir 170 g,stochastic,161,52.0,72.0,0.0,25.0,38.0,69.0,13.0,46.0,94.0,19.0,8.89
ofsetni papir 170 g,stochastic,162,52.0,100.0,0.0,25.0,30.0,67.0,27.0,36.0,40.0,36.0,6.17
ofsetni papir 170 g,stochastic,163,81.0,0.0,0.0,25.0,48.0,68.0,-24.0,58.0,36.0,-25.0,9.42
ofsetni papir 170 g,stochastic,164,81.0,31.0,0.0,25.0,42.0,22.0,-14.0,53.0,24.0,-18.0,11.08
ofsetni papir 170 g,stochastic,165,81.0,72.0,0.0,25.0,31.0,13.0,0.0,38.0,86.0,4.0,6.81
ofsetni papir 170 g,stochastic,166,81.0,100.0,0.0,25.0,25.0,55.0,11.0,30.0,32.0,18.0,5.62
ofsetni papir 170 g,stochastic,167,100.0,0.0,0.0,25.0,43.0,15.0,-31.0,51.0,39.0,-34.0,8.18
ofsetni papir 170 g,stochastic,168,100.0,31.0,0.0,25.0,37.0,26.0,-20.0,46.0,93.0,-26.0,9.15
ofsetni papir 170 g,stochastic,169,100.0,72.0,0.0,25.0,28.0,53.0,-5.0,34.0,83.0,-5.0,5.13
ofsetni papir 170 g,stochastic,170,100.0,100.0,0.0,25.0,23.0,99.0,4.0,26.0,84.0,7.0,2.54
ofsetni papir 170 g,stochastic,171,0.0,0.0,31.0,25.0,71.0,37.0,-1.0,83.0,19.0,-2.0,8.56
ofsetni papir 170 g,stochastic,172,0.0,31.0,31.0,25.0,62.0,39.0,9.0,75.0,44.0,5.0,11.56
ofsetni papir 170 g,stochastic,173,0.0,72.0,31.0,25.0,47.0,64.0,29.0,53.0,85.0,35.0,6.61
ofsetni papir 170 g,stochastic,174,0.0,100.0,31.0,25.0,38.0,14.0,46.0,44.0,8.0,53.0,5.7
ofsetni papir 170 g,stochastic,175,21.0,0.0,31.0,25.0,65.0,42.0,-6.0,78.0,31.0,-4.0,11.23
ofsetni papir 170 g,stochastic,176,21.0,31.0,31.0,25.0,54.0,25.0,4.0,65.0,99.0,0.0,11.4
ofsetni papir 170 g,stochastic,177,21.0,72.0,31.0,25.0,41.0,42.0,24.0,48.0,7.0,27.0,6.47
ofsetni papir 170 g,stochastic,178,21.0,100.0,31.0,25.0,34.0,80.0,38.0,39.0,51.0,44.0,4.63
ofsetni papir 170 g,stochastic,179,52.0,0.0,31.0,25.0,56.0,1.0,-15.0,68.0,96.0,-14.0,11.54
ofsetni papir 170 g,stochastic,180,52.0,31.0,31.0,25.0,44.0,73.0,-5.0,55.0,92.0,-3.0,11.44
ofsetni papir 170 g,stochastic,181,52.0,72.0,31.0,25.0,34.0,39.0,12.0,42.0,16.0,15.0,7.0
ofsetni papir 170 g,stochastic,182,52.0,100.0,31.0,25.0,27.0,86.0,24.0,31.0,96.0,32.0,4.95
ofsetni papir 170 g,stochastic,183,81.0,0.0,31.0,25.0,45.0,83.0,-27.0,56.0,20.0,-29.0,10.37
ofsetni papir 170 g,stochastic,184,81.0,31.0,31.0,25.0,37.0,9.0,-15.0,46.0,96.0,-16.0,8.99
ofsetni papir 170 g,stochastic,185,81.0,72.0,31.0,25.0,27.0,31.0,1.0,34.0,61.0,1.0,5.78
ofsetni papir 170 g,stochastic,186,81.0,100.0,31.0,25.0,23.0,50.0,8.0,27.0,58.0,14.0,5.79
ofsetni papir 170 g,stochastic,187,100.0,0.0,31.0,25.0,40.0,17.0,-35.0,49.0,54.0,-40.0,9.14
ofsetni papir 170 g,stochastic,188,100.0,31.0,31.0,25.0,33.0,83.0,-23.0,42.0,84.0,-28.0,8.15
ofsetni papir 170 g,stochastic,189,100.0,72.0,31.0,25.0,23.0,93.0,-5.0,31.0,71.0,-8.0,6.41
ofsetni papir 170 g,stochastic,190,100.0,100.0,31.0,25.0,21.0,25.0,1.0,25.0,27.0,3.0,3.28
ofsetni papir 170 g,stochastic,191,0.0,0.0,72.0,25.0,68.0,51.0,-2.0,79.0,97.0,-4.0,8.97
ofsetni papir 170 g,stochastic,192,0.0,31.0,72.0,25.0,58.0,93.0,8.0,71.0,55.0,4.0,11.43
ofsetni papir 170 g,stochastic,193,0.0,72.0,72.0,25.0,45.0,96.0,28.0,51.0,62.0,34.0,6.24
ofsetni papir 170 g,stochastic,194,0.0,100.0,72.0,25.0,37.0,5.0,43.0,42.0,32.0,51.0,5.27
ofsetni papir 170 g,stochastic,195,21.0,0.0,72.0,25.0,61.0,38.0,-7.0,73.0,99.0,-5.0,10.37
ofsetni papir 170 g,stochastic,196,21.0,31.0,72.0,25.0,52.0,34.0,3.0,62.0,47.0,-0.0,10.14
ofsetni papir 170 g,stochastic,197,21.0,72.0,72.0,25.0,42.0,60.0,21.0,47.0,17.0,25.0,4.86
ofsetni papir 170 g,stochastic,198,21.0,100.0,72.0,25.0,34.0,36.0,34.0,38.0,38.0,43.0,4.53
ofsetni papir 170 g,stochastic,199,52.0,0.0,72.0,25.0,53.0,65.0,-18.0,64.0,96.0,-17.0,10.89
ofsetni papir 170 g,stochastic,200,52.0,31.0,72.0,25.0,43.0,49.0,-6.0,52.0,42.0,-4.0,9.83
ofsetni papir 170 g,stochastic,201,52.0,72.0,72.0,25.0,32.0,55.0,10.0,38.0,71.0,10.0,5.32
ofsetni papir 170 g,stochastic,202,52.0,100.0,72.0,25.0,26.0,75.0,20.0,30.0,66.0,25.0,3.86
ofsetni papir 170 g,stochastic,203,81.0,0.0,72.0,25.0,43.0,76.0,-31.0,53.0,26.0,-33.0,10.15
ofsetni papir 170 g,stochastic,204,81.0,31.0,72.0,25.0,35.0,69.0,-18.0,43.0,92.0,-19.0,7.96
ofsetni papir 170 g,stochastic,205,81.0,72.0,72.0,25.0,23.0,74.0,-0.0,29.0,52.0,-1.0,4.78
ofsetni papir 170 g,stochastic,206,81.0,100.0,72.0,25.0,20.0,59.0,7.0,25.0,0.0,8.0,3.3
ofsetni papir 170 g,stochastic,207,100.0,0.0,72.0,25.0,39.0,41.0,-40.0,47.0,68.0,-44.0,7.99
ofsetni papir 170 g,stochastic,208,100.0,31.0,72.0,25.0,32.0,24.0,-27.0,39.0,56.0,-30.0,6.42
ofsetni papir 170 g,stochastic,209,100.0,72.0,72.0,25.0,22.0,79.0,-7.0,28.0,35.0,-9.0,4.52
ofsetni papir 170 g,stochastic,210,100.0,100.0,72.0,25.0,18.0,42.0,0.0,24.0,6.0,-0.0,4.27
ofsetni papir 170 g,stochastic,211,0.0,0.0,100.0,25.0,68.0,44.0,-2.0,78.0,56.0,-3.0,7.93
ofsetni papir 170 g,stochastic,212,0.0,31.0,100.0,25.0,60.0,31.0,8.0,70.0,90.0,5.0,9.59
ofsetni papir 170 g,stochastic,213,0.0,72.0,100.0,25.0,46.0,12.0,28.0,51.0,43.0,34.0,6.03
ofsetni papir 170 g,stochastic,214,0.0,100.0,100.0,25.0,37.0,78.0,43.0,42.0,30.0,51.0,4.73
ofsetni papir 170 g,stochastic,215,21.0,0.0,100.0,25.0,62.0,38.0,-7.0,73.0,26.0,-6.0,9.46
ofsetni papir 170 g,stochastic,216,21.0,31.0,100.0,25.0,53.0,9.0,2.0,64.0,51.0,-1.0,11.24
ofsetni papir 170 g,stochastic,217,21.0,72.0,100.0,25.0,40.0,58.0,21.0,46.0,79.0,26.0,6.2
ofsetni papir 170 g,stochastic,218,21.0,100.0,100.0,25.0,33.0,28.0,34.0,37.0,90.0,42.0,4.7
ofsetni papir 170 g,stochastic,219,52.0,0.0,100.0,25.0,51.0,99.0,-19.0,63.0,0.0,-17.0,11.08
ofsetni papir 170 g,stochastic,220,52.0,31.0,100.0,25.0,42.0,4.0,-7.0,51.0,94.0,-6.0,10.45
ofsetni papir 170 g,stochastic,221,52.0,72.0,100.0,25.0,31.0,8.0,9.0,38.0,11.0,9.0,6.26
ofsetni papir 170 g,stochastic,222,52.0,100.0,100.0,25.0,26.0,79.0,19.0,30.0,1.0,24.0,3.48
ofsetni papir 170 g,stochastic,223,81.0,0.0,100.0,25.0,42.0,49.0,-33.0,52.0,22.0,-34.0,10.26
ofsetni papir 170 g,stochastic,224,81.0,31.0,100.0,25.0,35.0,41.0,-20.0,44.0,87.0,-19.0,9.24
ofsetni papir 170 g,stochastic,225,81.0,72.0,100.0,25.0,27.0,68.0,-2.0,32.0,64.0,-2.0,4.72
ofsetni papir 170 g,stochastic,226,81.0,100.0,100.0,25.0,22.0,39.0,6.0,25.0,58.0,6.0,2.61
ofsetni papir 170 g,stochastic,227,100.0,0.0,100.0,25.0,38.0,56.0,-43.0,46.0,39.0,-46.0,7.5
ofsetni papir 170 g,stochastic,228,100.0,31.0,100.0,25.0,31.0,76.0,-28.0,38.0,48.0,-32.0,6.22
ofsetni papir 170 g,stochastic,229,100.0,72.0,100.0,25.0,24.0,17.0,-8.0,28.0,86.0,-10.0,4.77
ofsetni papir 170 g,stochastic,230,100.0,100.0,100.0,25.0,19.0,31.0,-0.0,22.0,82.0,-1.0,3.09
ofsetni papir 170 g,stochastic,231,0.0,0.0,0.0,60.0,42.0,36.0,-0.0,50.0,40.0,-0.0,7.82
ofsetni papir 170 g,stochastic,232,0.0,31.0,0.0,60.0,40.0,9.0,6.0,49.0,40.0,3.0,9.26
ofsetni papir 170 g,stochastic,233,0.0,72.0,0.0,60.0,29.0,99.0,20.0,34.0,81.0,22.0,4.03
ofsetni papir 170 g,stochastic,234,0.0,100.0,0.0,60.0,26.0,7.0,28.0,29.0,84.0,32.0,3.44
ofsetni papir 170 g,stochastic,235,31.0,0.0,0.0,60.0,40.0,99.0,-5.0,52.0,94.0,-4.0,11.8
ofsetni papir 170 g,stochastic,236,31.0,31.0,0.0,60.0,34.0,61.0,1.0,45.0,69.0,0.0,9.96
ofsetni papir 170 g,stochastic,237,31.0,72.0,0.0,60.0,26.0,34.0,12.0,33.0,12.0,17.0,6.33
ofsetni papir 170 g,stochastic,238,31.0,100.0,0.0,60.0,22.0,16.0,21.0,27.0,93.0,27.0,5.53
ofsetni papir 170 g,stochastic,239,72.0,0.0,0.0,60.0,32.0,65.0,-14.0,41.0,87.0,-16.0,7.91
ofsetni papir 170 g,stochastic,240,72.0,31.0,0.0,60.0,28.0,5.0,-7.0,37.0,17.0,-10.0,7.66
ofsetni papir 170 g,stochastic,241,72.0,72.0,0.0,60.0,21.0,74.0,3.0,27.0,71.0,5.0,4.92
ofsetni papir 170 g,stochastic,242,72.0,100.0,0.0,60.0,18.0,80.0,9.0,22.0,64.0,14.0,4.6
ofsetni papir 170 g,stochastic,243,100.0,0.0,0.0,60.0,28.0,51.0,-18.0,35.0,55.0,-24.0,6.38
ofsetni papir 170 g,stochastic,244,100.0,31.0,0.0,60.0,24.0,15.0,-11.0,31.0,64.0,-17.0,6.69
ofsetni papir 170 g,stochastic,245,100.0,72.0,0.0,60.0,20.0,28.0,-1.0,23.0,90.0,-3.0,3.61
ofsetni papir 170 g,stochastic,246,100.0,100.0,0.0,60.0,17.0,87.0,2.0,20.0,60.0,2.0,2.57
ofsetni papir 170 g,stochastic,247,0.0,0.0,31.0,60.0,45.0,18.0,-1.0,54.0,23.0,-1.0,9.17
ofsetni papir 170 g,stochastic,248,0.0,31.0,31.0,60.0,37.0,96.0,5.0,47.0,81.0,2.0,10.14
ofsetni papir 170 g,stochastic,249,0.0,72.0,31.0,60.0,29.0,99.0,19.0,35.0,68.0,21.0,4.66
ofsetni papir 170 g,stochastic,250,0.0,100.0,31.0,60.0,25.0,8.0,26.0,28.0,96.0,31.0,3.8
ofsetni papir 170 g,stochastic,251,31.0,0.0,31.0,60.0,38.0,5.0,-6.0,47.0,42.0,-4.0,9.22
ofsetni papir 170 g,stochastic,252,31.0,31.0,31.0,60.0,32.0,0.0,0.0,40.0,30.0,-0.0,7.3
ofsetni papir 170 g,stochastic,253,31.0,72.0,31.0,60.0,26.0,8.0,12.0,31.0,70.0,13.0,4.36
ofsetni papir 170 g,stochastic,254,31.0,100.0,31.0,60.0,21.0,62.0,19.0,26.0,4.0,23.0,3.91
ofsetni papir 170 g,stochastic,255,72.0,0.0,31.0,60.0,31.0,12.0,-15.0,39.0,66.0,-17.0,7.3
ofsetni papir 170 g,stochastic,256,72.0,31.0,31.0,60.0,25.0,41.0,-7.0,33.0,95.0,-9.0,6.74
ofsetni papir 170 g,stochastic,257,72.0,72.0,31.0,60.0,20.0,92.0,2.0,26.0,87.0,2.0,4.3
ofsetni papir 170 g,stochastic,258,72.0,100.0,31.0,60.0,17.0,99.0,7.0,21.0,85.0,11.0,4.24
ofsetni papir 170 g,stochastic,259,100.0,0.0,31.0,60.0,27.0,34.0,-20.0,34.0,9.0,-26.0,6.0
ofsetni papir 170 g,stochastic,260,100.0,31.0,31.0,60.0,23.0,1.0,-12.0,28.0,43.0,-17.0,5.1
ofsetni papir 170 g,stochastic,261,100.0,72.0,31.0,60.0,18.0,39.0,-2.0,22.0,81.0,-5.0,4.06
ofsetni papir 170 g,stochastic,262,100.0,100.0,31.0,60.0,15.0,94.0,1.0,19.0,50.0,1.0,2.87
ofsetni papir 170 g,stochastic,263,0.0,0.0,72.0,60.0,43.0,53.0,-2.0,53.0,42.0,-3.0,10.19
ofsetni papir 170 g,stochastic,264,0.0,31.0,72.0,60.0,37.0,90.0,4.0,47.0,13.0,1.0,9.4
ofsetni papir 170 g,stochastic,265,0.0,72.0,72.0,60.0,29.0,38.0,16.0,35.0,29.0,20.0,5.24
ofsetni papir 170 g,stochastic,266,0.0,100.0,72.0,60.0,24.0,20.0,24.0,28.0,67.0,30.0,4.17
ofsetni papir 170 g,stochastic,267,31.0,0.0,72.0,60.0,37.0,55.0,-7.0,46.0,57.0,-5.0,9.19
ofsetni papir 170 g,stochastic,268,31.0,31.0,72.0,60.0,31.0,18.0,-0.0,38.0,90.0,-2.0,7.13
ofsetni papir 170 g,stochastic,269,31.0,72.0,72.0,60.0,25.0,65.0,10.0,29.0,91.0,12.0,3.57
ofsetni papir 170 g,stochastic,270,31.0,100.0,72.0,60.0,21.0,46.0,16.0,24.0,46.0,21.0,3.68
ofsetni papir 170 g,stochastic,271,72.0,0.0,72.0,60.0,28.0,97.0,-17.0,37.0,19.0,-19.0,7.34
ofsetni papir 170 g,stochastic,272,72.0,31.0,72.0,60.0,25.0,72.0,-9.0,32.0,38.0,-9.0,5.86
ofsetni papir 170 g,stochastic,273,72.0,72.0,72.0,60.0,19.0,55.0,0.0,24.0,50.0,-0.0,4.38
ofsetni papir 170 g,stochastic,274,72.0,100.0,72.0,60.0,17.0,17.0,5.0,19.0,79.0,7.0,2.54
ofsetni papir 170 g,stochastic,275,100.0,0.0,72.0,60.0,25.0,66.0,-23.0,30.0,64.0,-29.0,5.05
ofsetni papir 170 g,stochastic,276,100.0,31.0,72.0,60.0,21.0,98.0,-14.0,26.0,86.0,-18.0,4.75
ofsetni papir 170 g,stochastic,277,100.0,72.0,72.0,60.0,17.0,21.0,-3.0,21.0,65.0,-6.0,4.36
ofsetni papir 170 g,stochastic,278,100.0,100.0,72.0,60.0,14.0,29.0,0.0,18.0,80.0,-0.0,3.5
ofsetni papir 170 g,stochastic,279,0.0,0.0,100.0,60.0,42.0,64.0,-3.0,50.0,97.0,-3.0,8.59
ofsetni papir 170 g,stochastic,280,0.0,31.0,100.0,60.0,36.0,29.0,3.0,45.0,22.0,0.0,9.27
ofsetni papir 170 g,stochastic,281,0.0,72.0,100.0,60.0,29.0,9.0,15.0,33.0,84.0,19.0,4.57
ofsetni papir 170 g,stochastic,282,0.0,100.0,100.0,60.0,24.0,63.0,22.0,28.0,13.0,28.0,3.93
ofsetni papir 170 g,stochastic,283,31.0,0.0,100.0,60.0,37.0,68.0,-9.0,46.0,32.0,-7.0,8.94
ofsetni papir 170 g,stochastic,284,31.0,31.0,100.0,60.0,32.0,66.0,-1.0,38.0,89.0,-3.0,6.15
ofsetni papir 170 g,stochastic,285,31.0,72.0,100.0,60.0,25.0,95.0,8.0,30.0,45.0,10.0,4.26
ofsetni papir 170 g,stochastic,286,31.0,100.0,100.0,60.0,21.0,52.0,15.0,24.0,41.0,20.0,3.71
ofsetni papir 170 g,stochastic,287,72.0,0.0,100.0,60.0,28.0,78.0,-19.0,35.0,52.0,-20.0,6.62
ofsetni papir 170 g,stochastic,288,72.0,31.0,100.0,60.0,25.0,14.0,-10.0,30.0,33.0,-10.0,5.48
ofsetni papir 170 g,stochastic,289,72.0,72.0,100.0,60.0,19.0,68.0,-0.0,25.0,67.0,-0.0,5.33
ofsetni papir 170 g,stochastic,290,72.0,100.0,100.0,60.0,17.0,69.0,4.0,19.0,77.0,5.0,2.26
ofsetni papir 170 g,stochastic,291,100.0,0.0,100.0,60.0,24.0,37.0,-24.0,29.0,96.0,-30.0,5.24
ofsetni papir 170 g,stochastic,292,100.0,31.0,100.0,60.0,22.0,9.0,-16.0,25.0,84.0,-20.0,4.14
ofsetni papir 170 g,stochastic,293,100.0,72.0,100.0,60.0,16.0,55.0,-5.0,21.0,25.0,-6.0,3.78
ofsetni papir 170 g,stochastic,294,100.0,100.0,100.0,60.0,14.0,5.0,-0.0,19.0,52.0,-1.0,4.5
ofsetni papir 170 g,stochastic,295,0.0,0.0,0.0,88.0,22.0,43.0,-0.0,26.0,31.0,-0.0,2.82
ofsetni papir 170 g,stochastic,296,0.0,52.0,0.0,88.0,19.0,84.0,6.0,24.0,18.0,6.0,3.08
ofsetni papir 170 g,stochastic,297,0.0,100.0,0.0,88.0,16.0,86.0,12.0,18.0,40.0,15.0,2.64
ofsetni papir 170 g,stochastic,298,31.0,0.0,0.0,88.0,21.0,48.0,-2.0,27.0,65.0,-4.0,4.91
ofsetni papir 170 g,stochastic,299,31.0,52.0,0.0,88.0,17.0,82.0,3.0,22.0,1.0,4.0,3.11
ofsetni papir 170 g,stochastic,300,31.0,100.0,0.0,88.0,15.0,17.0,8.0,17.0,77.0,12.0,3.5
ofsetni papir 170 g,stochastic,301,72.0,0.0,0.0,88.0,19.0,18.0,-5.0,22.0,57.0,-9.0,4.59
ofsetni papir 170 g,stochastic,302,72.0,52.0,0.0,88.0,15.0,66.0,0.0,19.0,78.0,-2.0,4.17
ofsetni papir 170 g,stochastic,303,72.0,100.0,0.0,88.0,13.0,95.0,4.0,16.0,66.0,5.0,2.26
ofsetni papir 170 g,stochastic,304,100.0,0.0,0.0,88.0,17.0,54.0,-6.0,21.0,39.0,-10.0,5.02
ofsetni papir 170 g,stochastic,305,100.0,52.0,0.0,88.0,14.0,97.0,-1.0,18.0,56.0,-4.0,4.81
ofsetni papir 170 g,stochastic,306,100.0,100.0,0.0,88.0,14.0,10.0,2.0,16.0,96.0,1.0,2.44
ofsetni papir 170 g,stochastic,307,0.0,0.0,52.0,88.0,24.0,20.0,-1.0,28.0,97.0,-2.0,4.54
ofsetni papir 170 g,stochastic,308,0.0,52.0,52.0,88.0,19.0,17.0,4.0,23.0,29.0,5.0,3.47
ofsetni papir 170 g,stochastic,309,0.0,100.0,52.0,88.0,17.0,41.0,10.0,19.0,16.0,12.0,2.51
ofsetni papir 170 g,stochastic,310,31.0,0.0,52.0,88.0,22.0,22.0,-4.0,27.0,22.0,-4.0,4.72
ofsetni papir 170 g,stochastic,311,31.0,52.0,52.0,88.0,17.0,55.0,1.0,21.0,71.0,1.0,3.25
ofsetni papir 170 g,stochastic,312,31.0,100.0,52.0,88.0,16.0,18.0,6.0,17.0,69.0,8.0,2.31
ofsetni papir 170 g,stochastic,313,72.0,0.0,52.0,88.0,18.0,0.0,-7.0,22.0,24.0,-9.0,4.16
ofsetni papir 170 g,stochastic,314,72.0,52.0,52.0,88.0,14.0,24.0,-0.0,19.0,39.0,-2.0,4.1
ofsetni papir 170 g,stochastic,315,72.0,100.0,52.0,88.0,13.0,43.0,2.0,16.0,84.0,2.0,2.26
ofsetni papir 170 g,stochastic,316,100.0,0.0,52.0,88.0,17.0,33.0,-7.0,20.0,45.0,-11.0,3.76
ofsetni papir 170 g,stochastic,317,100.0,52.0,52.0,88.0,13.0,34.0,-1.0,17.0,73.0,-5.0,5.28
ofsetni papir 170 g,stochastic,318,100.0,100.0,52.0,88.0,13.0,18.0,0.0,16.0,85.0,-0.0,3.4
ofsetni papir 170 g,stochastic,319,0.0,0.0,100.0,88.0,24.0,78.0,-3.0,30.0,70.0,-3.0,5.52
ofsetni papir 170 g,stochastic,320,0.0,52.0,100.0,88.0,20.0,25.0,2.0,22.0,81.0,3.0,3.56
ofsetni papir 170 g,stochastic,321,0.0,100.0,100.0,88.0,18.0,11.0,7.0,19.0,64.0,10.0,3.05
ofsetni papir 170 g,stochastic,322,31.0,0.0,100.0,88.0,21.0,43.0,-4.0,25.0,34.0,-3.0,4.29
ofsetni papir 170 g,stochastic,323,31.0,52.0,100.0,88.0,17.0,93.0,0.0,21.0,79.0,0.0,4.04
ofsetni papir 170 g,stochastic,324,31.0,100.0,100.0,88.0,16.0,20.0,4.0,17.0,59.0,5.0,1.87
ofsetni papir 170 g,stochastic,325,72.0,0.0,100.0,88.0,18.0,77.0,-8.0,20.0,96.0,-9.0,2.61
ofsetni papir 170 g,stochastic,326,72.0,52.0,100.0,88.0,15.0,82.0,-2.0,19.0,71.0,-3.0,3.64
ofsetni papir 170 g,stochastic,327,72.0,100.0,100.0,88.0,15.0,51.0,0.0,17.0,65.0,1.0,1.95
ofsetni papir 170 g,stochastic,328,100.0,0.0,100.0,88.0,17.0,75.0,-9.0,19.0,84.0,-11.0,2.52
ofsetni papir 170 g,stochastic,329,100.0,52.0,100.0,88.0,14.0,29.0,-2.0,17.0,18.0,-5.0,4.17
ofsetni papir 170 g,stochastic,330,100.0,100.0,100.0,88.0,14.0,36.0,-0.0,17.0,75.0,-1.0,2.91
ofsetni papir 170 g,stochastic,331,0.0,0.0,0.0,100.0,15.0,77.0,-0.0,18.0,47.0,-0.0,1.84
ofsetni papir 170 g,stochastic,332,0.0,52.0,0.0,100.0,14.0,2.0,2.0,16.0,88.0,2.0,2.05
ofsetni papir 170 g,stochastic,333,0.0,100.0,0.0,100.0,14.0,48.0,3.0,16.0,68.0,6.0,3.21
ofsetni papir 170 g,stochastic,334,52.0,0.0,0.0,100.0,13.0,60.0,-0.0,16.0,71.0,-4.0,4.85
ofsetni papir 170 g,stochastic,335,52.0,52.0,0.0,100.0,13.0,20.0,1.0,15.0,79.0,-0.0,3.0
ofsetni papir 170 g,stochastic,336,52.0,100.0,0.0,100.0,11.0,92.0,3.0,15.0,81.0,3.0,2.84
ofsetni papir 170 g,stochastic,337,100.0,0.0,0.0,100.0,14.0,80.0,-2.0,16.0,86.0,-5.0,3.72
ofsetni papir 170 g,stochastic,338,100.0,52.0,0.0,100.0,13.0,0.0,0.0,15.0,31.0,-2.0,4.15
ofsetni papir 170 g,stochastic,339,100.0,100.0,0.0,100.0,13.0,39.0,1.0,15.0,39.0,0.0,2.8
ofsetni papir 170 g,stochastic,340,0.0,0.0,52.0,100.0,15.0,16.0,-1.0,19.0,21.0,-1.0,3.73
ofsetni papir 170 g,stochastic,341,0.0,52.0,52.0,100.0,15.0,88.0,1.0,17.0,42.0,1.0,1.57
ofsetni papir 170 g,stochastic,342,0.0,100.0,52.0,100.0,14.0,4.0,3.0,16.0,21.0,4.0,1.99
ofsetni papir 170 g,stochastic,343,52.0,0.0,52.0,100.0,14.0,70.0,-2.0,17.0,49.0,-4.0,3.36
ofsetni papir 170 g,stochastic,344,52.0,52.0,52.0,100.0,13.0,89.0,-0.0,17.0,56.0,-1.0,3.07
ofsetni papir 170 g,stochastic,345,52.0,100.0,52.0,100.0,14.0,5.0,1.0,16.0,23.0,1.0,1.51
ofsetni papir 170 g,stochastic,346,100.0,0.0,52.0,100.0,13.0,91.0,-2.0,15.0,88.0,-5.0,3.89
ofsetni papir 170 g,stochastic,347,100.0,52.0,52.0,100.0,14.0,4.0,-1.0,16.0,38.0,-2.0,2.62
ofsetni papir 170 g,stochastic,348,100.0,100.0,52.0,100.0,14.0,87.0,1.0,16.0,94.0,-0.0,5.44
ofsetni papir 170 g,stochastic,349,0.0,0.0,100.0,100.0,14.0,87.0,-2.0,19.0,31.0,-2.0,4.57
ofsetni papir 170 g,stochastic,350,0.0,52.0,100.0,100.0,14.0,28.0,0.0,18.0,12.0,0.0,3.34
ofsetni papir 170 g,stochastic,351,0.0,100.0,100.0,100.0,14.0,97.0,2.0,16.0,87.0,3.0,1.95
ofsetni papir 170 g,stochastic,352,52.0,0.0,100.0,100.0,15.0,51.0,-3.0,17.0,29.0,-4.0,2.25
ofsetni papir 170 g,stochastic,353,52.0,52.0,100.0,100.0,15.0,8.0,-0.0,17.0,41.0,-1.0,2.34
ofsetni papir 170 g,stochastic,354,52.0,100.0,100.0,100.0,14.0,43.0,0.0,17.0,5.0,1.0,1.99
ofsetni papir 170 g,stochastic,355,100.0,0.0,100.0,100.0,15.0,59.0,-4.0,16.0,19.0,-6.0,2.38
ofsetni papir 170 g,stochastic,356,100.0,52.0,100.0,100.0,14.0,41.0,-2.0,15.0,99.0,-3.0,1.84
ofsetni papir 170 g,stochastic,357,100.0,100.0,100.0,100.0,15.0,6.0,-0.0,17.0,48.0,-0.0,2.21
ofsetni papir 170 g,stochastic,358,5.0,0.0,0.0,0.0,92.0,42.0,-0.0,93.0,26.0,0.0,2.22
ofsetni papir 170 g,stochastic,359,28.0,0.0,0.0,0.0,83.0,37.0,-8.0,89.0,31.0,-3.0,7.0
ofsetni papir 170 g,stochastic,360,95.0,0.0,0.0,0.0,53.0,76.0,-33.0,56.0,4.0,-32.0,2.24
ofsetni papir 170 g,stochastic,361,0.0,4.0,0.0,0.0,93.0,40.0,1.0,93.0,10.0,0.0,0.27
ofsetni papir 170 g,stochastic,362,0.0,11.0,0.0,0.0,90.0,58.0,2.0,92.0,46.0,0.0,2.31
ofsetni papir 170 g,stochastic,363,0.0,93.0,0.0,0.0,49.0,91.0,56.0,49.0,67.0,57.0,0.44
ofsetni papir 170 g,stochastic,364,0.0,0.0,4.0,0.0,93.0,97.0,0.0,93.0,49.0,0.0,0.31
ofsetni papir 170 g,stochastic,365,0.0,0.0,11.0,0.0,93.0,21.0,-0.0,92.0,45.0,-0.0,0.49
ofsetni papir 170 g,stochastic,366,0.0,0.0,93.0,0.0,86.0,76.0,-3.0,87.0,64.0,-4.0,1.23
ofsetni papir 170 g,stochastic,367,0.0,0.0,0.0,4.0,89.0,0.0,0.0,91.0,65.0,0.0,1.71
ofsetni papir 170 g,stochastic,368,0.0,0.0,0.0,13.0,80.0,56.0,0.0,88.0,97.0,0.0,5.63
ofsetni papir 170 g,stochastic,369,0.0,0.0,0.0,95.0,17.0,81.0,-0.0,20.0,94.0,-0.0,2.17
ofsetni papir 170 g,stochastic,370,9.0,7.0,7.0,0.0,85.0,42.0,0.0,91.0,21.0,0.0,3.77
ofsetni papir 170 g,stochastic,371,19.0,15.0,15.0,0.0,74.0,89.0,-0.0,86.0,53.0,0.0,8.01
ofsetni papir 170 g,stochastic,372,29.0,23.0,23.0,0.0,67.0,15.0,-0.0,78.0,62.0,-0.0,8.6
ofsetni papir 170 g,stochastic,373,39.0,31.0,31.0,0.0,57.0,62.0,-0.0,67.0,60.0,-0.0,8.48
ofsetni papir 170 g,stochastic,374,49.0,39.0,39.0,4.0,45.0,30.0,-0.0,54.0,44.0,-0.0,9.14
ofsetni papir 170 g,stochastic,375,59.0,47.0,47.0,16.0,36.0,6.0,-1.0,44.0,29.0,-0.0,7.29
ofsetni papir 170 g,stochastic,376,69.0,55.0,55.0,31.0,28.0,19.0,-1.0,34.0,70.0,-1.0,5.56
ofsetni papir 170 g,stochastic,377,79.0,63.0,63.0,48.0,22.0,42.0,-2.0,27.0,76.0,-2.0,4.11
ofsetni papir 170 g,stochastic,378,89.0,71.0,71.0,72.0,15.0,81.0,-1.0,21.0,30.0,-3.0,4.18
ofsetni papir 170 g,stochastic,379,99.0,79.0,79.0,100.0,15.0,79.0,-0.0,17.0,16.0,-1.0,2.13
ofsetni papir 170 g,stochastic,380,9.0,7.0,7.0,0.0,85.0,47.0,0.0,91.0,21.0,0.0,3.7
ofsetni papir 170 g,stochastic,381,18.0,14.0,14.0,0.0,76.0,90.0,-0.0,87.0,48.0,0.0,7.19
ofsetni papir 170 g,stochastic,382,27.0,21.0,21.0,0.0,68.0,47.0,-0.0,80.0,58.0,0.0,8.93
ofsetni papir 170 g,stochastic,383,36.0,29.0,29.0,0.0,59.0,64.0,-0.0,70.0,83.0,-0.0,9.19
ofsetni papir 170 g,stochastic,384,45.0,36.0,36.0,0.0,51.0,87.0,-0.0,60.0,33.0,-0.0,7.89
ofsetni papir 170 g,stochastic,385,54.0,43.0,43.0,0.0,44.0,71.0,-0.0,53.0,84.0,-0.0,9.14
ofsetni papir 170 g,stochastic,386,63.0,50.0,50.0,0.0,37.0,95.0,-1.0,45.0,93.0,-0.0,7.34
ofsetni papir 170 g,stochastic,387,72.0,58.0,58.0,0.0,33.0,96.0,-2.0,41.0,71.0,-1.0,7.0
ofsetni papir 170 g,stochastic,388,81.0,65.0,65.0,2.0,29.0,34.0,-4.0,36.0,17.0,-3.0,5.84
ofsetni papir 170 g,stochastic,389,90.0,72.0,72.0,49.0,20.0,21.0,-3.0,24.0,64.0,-4.0,3.39
ofsetni papir 170 g,stochastic,390,24.0,19.0,19.0,11.0,64.0,20.0,-0.0,76.0,61.0,0.0,9.57
ofsetni papir 170 g,stochastic,391,49.0,39.0,39.0,30.0,35.0,62.0,-0.0,42.0,85.0,-0.0,6.31
ofsetni papir 170 g,stochastic,392,74.0,59.0,59.0,59.0,21.0,76.0,-1.0,26.0,88.0,-1.0,4.06
ofsetni papir 170 g,stochastic,393,28.0,0.0,0.0,0.0,83.0,77.0,-8.0,89.0,55.0,-3.0,6.63
ofsetni papir 170 g,stochastic,394,64.0,0.0,0.0,0.0,64.0,53.0,-25.0,70.0,46.0,-21.0,5.13
ofsetni papir 170 g,stochastic,395,0.0,21.0,0.0,0.0,86.0,93.0,6.0,91.0,64.0,1.0,6.48
ofsetni papir 170 g,stochastic,396,0.0,52.0,0.0,0.0,72.0,12.0,23.0,76.0,77.0,19.0,3.97
ofsetni papir 170 g,stochastic,397,0.0,0.0,21.0,0.0,92.0,45.0,-0.0,92.0,7.0,-0.0,0.31
ofsetni papir 170 g,stochastic,398,0.0,0.0,52.0,0.0,90.0,2.0,-3.0,90.0,42.0,-3.0,1.2
ofsetni papir 170 g,stochastic,399,0.0,0.0,0.0,25.0,70.0,38.0,0.0,81.0,54.0,0.0,8.15
ofsetni papir 170 g,stochastic,400,0.0,0.0,0.0,60.0,40.0,44.0,-0.0,47.0,44.0,-0.0,6.54
teksturirani papir 300 g,150 dot,1,0.0,0.0,0.0,0.0,85.0,75.0,2.0,85.0,66.0,2.0,0.07
teksturirani papir 300 g,150 dot,2,0.0,21.0,0.0,0.0,76.0,84.0,9.0,73.0,94.0,9.0,2.26
teksturirani papir 300 g,150 dot,3,0.0,52.0,0.0,0.0,64.0,0.0,25.0,63.0,64.0,22.0,1.42
teksturirani papir 300 g,150 dot,4,0.0,81.0,0.0,0.0,53.0,84.0,41.0,51.0,87.0,39.0,2.4
teksturirani papir 300 g,150 dot,5,0.0,100.0,0.0,0.0,45.0,70.0,57.0,45.0,26.0,53.0,1.39
teksturirani papir 300 g,150 dot,6,16.0,0.0,0.0,0.0,79.0,94.0,-3.0,78.0,9.0,-3.0,2.1
teksturirani papir 300 g,150 dot,7,16.0,21.0,0.0,0.0,72.0,60.0,3.0,69.0,39.0,3.0,2.83
teksturirani papir 300 g,150 dot,8,16.0,52.0,0.0,0.0,60.0,35.0,19.0,57.0,71.0,17.0,2.61
teksturirani papir 300 g,150 dot,9,16.0,81.0,0.0,0.0,48.0,78.0,34.0,47.0,76.0,31.0,1.53
teksturirani papir 300 g,150 dot,10,16.0,100.0,0.0,0.0,41.0,76.0,49.0,41.0,13.0,46.0,1.33
teksturirani papir 300 g,150 dot,11,39.0,0.0,0.0,0.0,70.0,60.0,-12.0,68.0,7.0,-10.0,2.27
teksturirani papir 300 g,150 dot,12,39.0,21.0,0.0,0.0,64.0,12.0,-4.0,61.0,66.0,-3.0,2.25
teksturirani papir 300 g,150 dot,13,39.0,52.0,0.0,0.0,52.0,50.0,9.0,51.0,6.0,8.0,1.68
teksturirani papir 300 g,150 dot,14,39.0,81.0,0.0,0.0,42.0,41.0,25.0,42.0,9.0,22.0,1.25
teksturirani papir 300 g,150 dot,15,39.0,100.0,0.0,0.0,36.0,66.0,38.0,37.0,43.0,35.0,1.46
teksturirani papir 300 g,150 dot,16,64.0,0.0,0.0,0.0,61.0,85.0,-22.0,60.0,1.0,-20.0,1.77
teksturirani papir 300 g,150 dot,17,64.0,21.0,0.0,0.0,55.0,46.0,-15.0,53.0,94.0,-13.0,2.01
teksturirani papir 300 g,150 dot,18,64.0,52.0,0.0,0.0,47.0,9.0,-2.0,45.0,41.0,-1.0,1.71
teksturirani papir 300 g,150 dot,19,64.0,81.0,0.0,0.0,37.0,80.0,11.0,37.0,98.0,11.0,1.03
teksturirani papir 300 g,150 dot,20,64.0,100.0,0.0,0.0,32.0,37.0,22.0,33.0,25.0,21.0,1.21
teksturirani papir 300 g,150 dot,21,85.0,0.0,0.0,0.0,55.0,14.0,-30.0,53.0,81.0,-27.0,1.58
teksturirani papir 300 g,150 dot,22,85.0,21.0,0.0,0.0,49.0,48.0,-24.0,47.0,64.0,-22.0,2.21
teksturirani papir 300 g,150 dot,23,85.0,52.0,0.0,0.0,40.0,48.0,-11.0,40.0,2.0,-9.0,1.19
teksturirani papir 300 g,150 dot,24,85.0,81.0,0.0,0.0,33.0,3.0,2.0,32.0,83.0,2.0,1.08
teksturirani papir 300 g,150 dot,25,85.0,100.0,0.0,0.0,28.0,40.0,10.0,28.0,32.0,10.0,0.85
teksturirani papir 300 g,150 dot,26,100.0,0.0,0.0,0.0,48.0,31.0,-36.0,47.0,72.0,-35.0,0.78
teksturirani papir 300 g,150 dot,27,100.0,21.0,0.0,0.0,42.0,7.0,-30.0,41.0,71.0,-28.0,0.59
teksturirani papir 300 g,150 dot,28,100.0,52.0,0.0,0.0,35.0,65.0,-17.0,35.0,52.0,-16.0,0.66
teksturirani papir 300 g,150 dot,29,100.0,81.0,0.0,0.0,29.0,27.0,-4.0,30.0,66.0,-3.0,1.17
teksturirani papir 300 g,150 dot,30,100.0,100.0,0.0,0.0,25.0,3.0,5.0,26.0,31.0,4.0,1.01
teksturirani papir 300 g,150 dot,31,0.0,0.0,21.0,0.0,84.0,7.0,0.0,82.0,21.0,0.0,1.4
teksturirani papir 300 g,150 dot,32,0.0,21.0,21.0,0.0,76.0,0.0,8.0,72.0,58.0,8.0,2.63
teksturirani papir 300 g,150 dot,33,0.0,52.0,21.0,0.0,64.0,77.0,24.0,62.0,62.0,22.0,3.01
teksturirani papir 300 g,150 dot,34,0.0,81.0,21.0,0.0,53.0,59.0,42.0,52.0,61.0,38.0,1.97
teksturirani papir 300 g,150 dot,35,0.0,100.0,21.0,0.0,45.0,4.0,57.0,44.0,13.0,54.0,1.37
teksturirani papir 300 g,150 dot,36,16.0,0.0,21.0,0.0,78.0,67.0,-4.0,73.0,80.0,-5.0,3.66
teksturirani papir 300 g,150 dot,37,16.0,21.0,21.0,0.0,65.0,82.0,3.0,64.0,76.0,3.0,1.05
teksturirani papir 300 g,150 dot,38,16.0,52.0,21.0,0.0,54.0,75.0,17.0,54.0,86.0,17.0,1.62
teksturirani papir 300 g,150 dot,39,16.0,81.0,21.0,0.0,45.0,87.0,34.0,45.0,64.0,33.0,1.76
teksturirani papir 300 g,150 dot,40,16.0,100.0,21.0,0.0,39.0,77.0,48.0,40.0,21.0,46.0,1.46
teksturirani papir 300 g,150 dot,41,39.0,0.0,21.0,0.0,68.0,91.0,-13.0,66.0,6.0,-13.0,2.29
teksturirani papir 300 g,150 dot,42,39.0,21.0,21.0,0.0,57.0,10.0,-4.0,56.0,90.0,-4.0,1.43
teksturirani papir 300 g,150 dot,43,39.0,52.0,21.0,0.0,47.0,37.0,10.0,48.0,8.0,10.0,1.02
teksturirani papir 300 g,150 dot,44,39.0,81.0,21.0,0.0,39.0,48.0,25.0,40.0,57.0,23.0,1.15
teksturirani papir 300 g,150 dot,45,39.0,100.0,21.0,0.0,35.0,19.0,36.0,35.0,1.0,34.0,0.88
teksturirani papir 300 g,150 dot,46,64.0,0.0,21.0,0.0,58.0,71.0,-26.0,58.0,11.0,-23.0,2.32
teksturirani papir 300 g,150 dot,47,64.0,21.0,21.0,0.0,49.0,49.0,-16.0,49.0,55.0,-14.0,0.85
teksturirani papir 300 g,150 dot,48,64.0,52.0,21.0,0.0,40.0,46.0,-1.0,40.0,11.0,-0.0,1.98
teksturirani papir 300 g,150 dot,49,64.0,81.0,21.0,0.0,33.0,61.0,11.0,34.0,0.0,11.0,0.51
teksturirani papir 300 g,150 dot,50,64.0,100.0,21.0,0.0,29.0,26.0,21.0,28.0,41.0,21.0,0.88
teksturirani papir 300 g,150 dot,51,85.0,0.0,21.0,0.0,53.0,5.0,-35.0,51.0,22.0,-32.0,2.22
teksturirani papir 300 g,150 dot,52,85.0,21.0,21.0,0.0,43.0,31.0,-25.0,43.0,43.0,-23.0,0.94
teksturirani papir 300 g,150 dot,53,85.0,52.0,21.0,0.0,33.0,93.0,-10.0,36.0,19.0,-9.0,2.08
teksturirani papir 300 g,150 dot,54,85.0,81.0,21.0,0.0,28.0,0.0,2.0,30.0,19.0,1.0,1.79
teksturirani papir 300 g,150 dot,55,85.0,100.0,21.0,0.0,24.0,54.0,10.0,24.0,96.0,9.0,0.59
teksturirani papir 300 g,150 dot,56,100.0,0.0,21.0,0.0,46.0,51.0,-42.0,45.0,81.0,-40.0,1.17
teksturirani papir 300 g,150 dot,57,100.0,21.0,21.0,0.0,40.0,68.0,-32.0,39.0,99.0,-31.0,0.8
teksturirani papir 300 g,150 dot,58,100.0,52.0,21.0,0.0,32.0,63.0,-16.0,33.0,76.0,-15.0,1.13
teksturirani papir 300 g,150 dot,59,100.0,81.0,21.0,0.0,25.0,59.0,-3.0,27.0,63.0,-3.0,1.56
teksturirani papir 300 g,150 dot,60,100.0,100.0,21.0,0.0,23.0,42.0,2.0,24.0,12.0,3.0,1.04
teksturirani papir 300 g,150 dot,61,0.0,0.0,52.0,0.0,82.0,41.0,0.0,80.0,69.0,0.0,1.72
teksturirani papir 300 g,150 dot,62,0.0,21.0,52.0,0.0,75.0,29.0,8.0,71.0,60.0,9.0,3.68
teksturirani papir 300 g,150 dot,63,0.0,52.0,52.0,0.0,63.0,67.0,24.0,61.0,17.0,23.0,2.69
teksturirani papir 300 g,150 dot,64,0.0,81.0,52.0,0.0,52.0,73.0,42.0,51.0,3.0,40.0,2.16
teksturirani papir 300 g,150 dot,65,0.0,100.0,52.0,0.0,43.0,90.0,55.0,43.0,57.0,51.0,1.27
teksturirani papir 300 g,150 dot,66,16.0,0.0,52.0,0.0,75.0,39.0,-4.0,72.0,11.0,-5.0,2.79
teksturirani papir 300 g,150 dot,67,16.0,21.0,52.0,0.0,64.0,85.0,3.0,64.0,75.0,4.0,0.82
teksturirani papir 300 g,150 dot,68,16.0,52.0,52.0,0.0,54.0,55.0,17.0,54.0,45.0,17.0,0.28
teksturirani papir 300 g,150 dot,69,16.0,81.0,52.0,0.0,44.0,94.0,33.0,45.0,31.0,33.0,0.53
teksturirani papir 300 g,150 dot,70,16.0,100.0,52.0,0.0,38.0,0.0,48.0,39.0,24.0,46.0,1.21
teksturirani papir 300 g,150 dot,71,39.0,0.0,52.0,0.0,66.0,1.0,-14.0,64.0,86.0,-13.0,1.8
teksturirani papir 300 g,150 dot,72,39.0,21.0,52.0,0.0,54.0,41.0,-4.0,56.0,41.0,-4.0,1.94
teksturirani papir 300 g,150 dot,73,39.0,52.0,52.0,0.0,44.0,93.0,9.0,46.0,68.0,10.0,2.43
teksturirani papir 300 g,150 dot,74,39.0,81.0,52.0,0.0,37.0,17.0,23.0,39.0,93.0,23.0,2.98
teksturirani papir 300 g,150 dot,75,39.0,100.0,52.0,0.0,33.0,62.0,34.0,35.0,52.0,34.0,2.17
teksturirani papir 300 g,150 dot,76,64.0,0.0,52.0,0.0,56.0,82.0,-29.0,55.0,47.0,-25.0,2.19
teksturirani papir 300 g,150 dot,77,64.0,21.0,52.0,0.0,48.0,33.0,-17.0,47.0,37.0,-17.0,1.35
teksturirani papir 300 g,150 dot,78,64.0,52.0,52.0,0.0,33.0,12.0,-1.0,37.0,57.0,-1.0,3.76
teksturirani papir 300 g,150 dot,79,64.0,81.0,52.0,0.0,27.0,33.0,10.0,32.0,48.0,12.0,4.12
teksturirani papir 300 g,150 dot,80,64.0,100.0,52.0,0.0,24.0,83.0,18.0,29.0,29.0,19.0,3.37
teksturirani papir 300 g,150 dot,81,85.0,0.0,52.0,0.0,50.0,32.0,-39.0,49.0,40.0,-35.0,1.94
teksturirani papir 300 g,150 dot,82,85.0,21.0,52.0,0.0,41.0,91.0,-28.0,42.0,32.0,-26.0,0.94
teksturirani papir 300 g,150 dot,83,85.0,52.0,52.0,0.0,29.0,93.0,-11.0,33.0,48.0,-12.0,3.08
teksturirani papir 300 g,150 dot,84,85.0,81.0,52.0,0.0,23.0,45.0,1.0,26.0,39.0,1.0,2.72
teksturirani papir 300 g,150 dot,85,85.0,100.0,52.0,0.0,21.0,91.0,6.0,24.0,30.0,8.0,2.25
teksturirani papir 300 g,150 dot,86,100.0,0.0,52.0,0.0,45.0,12.0,-47.0,44.0,23.0,-44.0,1.87
teksturirani papir 300 g,150 dot,87,100.0,21.0,52.0,0.0,39.0,98.0,-36.0,39.0,68.0,-34.0,0.79
teksturirani papir 300 g,150 dot,88,100.0,52.0,52.0,0.0,28.0,58.0,-19.0,32.0,36.0,-19.0,2.98
teksturirani papir 300 g,150 dot,89,100.0,81.0,52.0,0.0,21.0,62.0,-3.0,23.0,74.0,-3.0,2.02
teksturirani papir 300 g,150 dot,90,100.0,100.0,52.0,0.0,19.0,77.0,0.0,22.0,15.0,1.0,2.08
teksturirani papir 300 g,150 dot,91,0.0,0.0,81.0,0.0,81.0,27.0,0.0,79.0,19.0,1.0,2.64
teksturirani papir 300 g,150 dot,92,0.0,21.0,81.0,0.0,73.0,66.0,9.0,70.0,88.0,9.0,3.78
teksturirani papir 300 g,150 dot,93,0.0,52.0,81.0,0.0,61.0,42.0,25.0,59.0,91.0,23.0,2.99
teksturirani papir 300 g,150 dot,94,0.0,81.0,81.0,0.0,50.0,83.0,43.0,49.0,59.0,40.0,2.15
teksturirani papir 300 g,150 dot,95,0.0,100.0,81.0,0.0,43.0,75.0,57.0,43.0,22.0,54.0,1.71
teksturirani papir 300 g,150 dot,96,16.0,0.0,81.0,0.0,73.0,99.0,-5.0,71.0,15.0,-5.0,3.41
teksturirani papir 300 g,150 dot,97,16.0,21.0,81.0,0.0,63.0,77.0,3.0,63.0,17.0,4.0,1.89
teksturirani papir 300 g,150 dot,98,16.0,52.0,81.0,0.0,53.0,15.0,18.0,52.0,89.0,18.0,1.92
teksturirani papir 300 g,150 dot,99,16.0,81.0,81.0,0.0,44.0,64.0,34.0,45.0,83.0,33.0,2.46
teksturirani papir 300 g,150 dot,100,16.0,100.0,81.0,0.0,38.0,50.0,48.0,39.0,41.0,46.0,1.88
teksturirani papir 300 g,150 dot,101,39.0,0.0,81.0,0.0,66.0,31.0,-14.0,64.0,29.0,-13.0,3.28
teksturirani papir 300 g,150 dot,102,39.0,21.0,81.0,0.0,54.0,16.0,-5.0,55.0,74.0,-4.0,2.02
teksturirani papir 300 g,150 dot,103,39.0,52.0,81.0,0.0,44.0,13.0,8.0,45.0,82.0,10.0,2.48
teksturirani papir 300 g,150 dot,104,39.0,81.0,81.0,0.0,36.0,56.0,22.0,38.0,50.0,24.0,2.41
teksturirani papir 300 g,150 dot,105,39.0,100.0,81.0,0.0,33.0,36.0,33.0,34.0,9.0,34.0,0.68
teksturirani papir 300 g,150 dot,106,64.0,0.0,81.0,0.0,55.0,48.0,-30.0,53.0,81.0,-27.0,3.1
teksturirani papir 300 g,150 dot,107,64.0,21.0,81.0,0.0,45.0,62.0,-20.0,46.0,52.0,-18.0,1.91
teksturirani papir 300 g,150 dot,108,64.0,52.0,81.0,0.0,34.0,46.0,-2.0,38.0,72.0,-2.0,3.76
teksturirani papir 300 g,150 dot,109,64.0,81.0,81.0,0.0,27.0,11.0,10.0,31.0,17.0,11.0,3.95
teksturirani papir 300 g,150 dot,110,64.0,100.0,81.0,0.0,24.0,82.0,17.0,28.0,47.0,19.0,3.55
teksturirani papir 300 g,150 dot,111,85.0,0.0,81.0,0.0,48.0,3.0,-42.0,47.0,23.0,-38.0,3.25
teksturirani papir 300 g,150 dot,112,85.0,21.0,81.0,0.0,41.0,76.0,-31.0,41.0,23.0,-29.0,1.73
teksturirani papir 300 g,150 dot,113,85.0,52.0,81.0,0.0,30.0,33.0,-13.0,33.0,77.0,-14.0,2.78
teksturirani papir 300 g,150 dot,114,85.0,81.0,81.0,0.0,21.0,56.0,0.0,25.0,68.0,0.0,3.02
teksturirani papir 300 g,150 dot,115,85.0,100.0,81.0,0.0,19.0,90.0,6.0,23.0,75.0,7.0,2.97
teksturirani papir 300 g,150 dot,116,100.0,0.0,81.0,0.0,43.0,72.0,-52.0,43.0,82.0,-47.0,3.1
teksturirani papir 300 g,150 dot,117,100.0,21.0,81.0,0.0,38.0,68.0,-40.0,38.0,83.0,-37.0,2.3
teksturirani papir 300 g,150 dot,118,100.0,52.0,81.0,0.0,28.0,1.0,-21.0,30.0,70.0,-21.0,2.21
teksturirani papir 300 g,150 dot,119,100.0,81.0,81.0,0.0,19.0,66.0,-5.0,22.0,19.0,-6.0,2.07
teksturirani papir 300 g,150 dot,120,100.0,100.0,81.0,0.0,17.0,0.0,0.0,20.0,35.0,0.0,2.59
teksturirani papir 300 g,150 dot,121,0.0,0.0,100.0,0.0,80.0,40.0,0.0,80.0,33.0,0.0,1.82
teksturirani papir 300 g,150 dot,122,0.0,21.0,100.0,0.0,73.0,39.0,9.0,70.0,66.0,8.0,2.81
teksturirani papir 300 g,150 dot,123,0.0,52.0,100.0,0.0,60.0,59.0,26.0,59.0,8.0,23.0,2.09
teksturirani papir 300 g,150 dot,124,0.0,81.0,100.0,0.0,49.0,36.0,45.0,49.0,13.0,41.0,1.81
teksturirani papir 300 g,150 dot,125,0.0,100.0,100.0,0.0,42.0,53.0,57.0,42.0,96.0,53.0,2.35
teksturirani papir 300 g,150 dot,126,16.0,0.0,100.0,0.0,73.0,74.0,-4.0,70.0,83.0,-6.0,3.38
teksturirani papir 300 g,150 dot,127,16.0,21.0,100.0,0.0,64.0,12.0,3.0,64.0,56.0,3.0,1.92
teksturirani papir 300 g,150 dot,128,16.0,52.0,100.0,0.0,53.0,57.0,18.0,53.0,60.0,17.0,1.82
teksturirani papir 300 g,150 dot,129,16.0,81.0,100.0,0.0,45.0,24.0,34.0,44.0,83.0,34.0,1.71
teksturirani papir 300 g,150 dot,130,16.0,100.0,100.0,0.0,39.0,30.0,46.0,39.0,26.0,46.0,1.67
teksturirani papir 300 g,150 dot,131,39.0,0.0,100.0,0.0,66.0,6.0,-14.0,63.0,88.0,-14.0,3.53
teksturirani papir 300 g,150 dot,132,39.0,21.0,100.0,0.0,54.0,34.0,-5.0,55.0,9.0,-5.0,1.83
teksturirani papir 300 g,150 dot,133,39.0,52.0,100.0,0.0,43.0,76.0,8.0,44.0,56.0,10.0,1.67
teksturirani papir 300 g,150 dot,134,39.0,81.0,100.0,0.0,36.0,83.0,22.0,38.0,65.0,23.0,1.62
teksturirani papir 300 g,150 dot,135,39.0,100.0,100.0,0.0,33.0,47.0,32.0,33.0,96.0,33.0,0.58
teksturirani papir 300 g,150 dot,136,64.0,0.0,100.0,0.0,54.0,18.0,-31.0,53.0,64.0,-27.0,3.17
teksturirani papir 300 g,150 dot,137,64.0,21.0,100.0,0.0,45.0,53.0,-19.0,45.0,94.0,-18.0,1.86
teksturirani papir 300 g,150 dot,138,64.0,52.0,100.0,0.0,33.0,11.0,-2.0,38.0,27.0,-3.0,4.3
teksturirani papir 300 g,150 dot,139,64.0,81.0,100.0,0.0,26.0,85.0,8.0,32.0,46.0,9.0,4.42
teksturirani papir 300 g,150 dot,140,64.0,100.0,100.0,0.0,24.0,48.0,16.0,28.0,18.0,17.0,2.89
teksturirani papir 300 g,150 dot,141,85.0,0.0,100.0,0.0,48.0,40.0,-43.0,47.0,55.0,-40.0,3.31
teksturirani papir 300 g,150 dot,142,85.0,21.0,100.0,0.0,41.0,11.0,-32.0,41.0,86.0,-29.0,2.47
teksturirani papir 300 g,150 dot,143,85.0,52.0,100.0,0.0,29.0,65.0,-15.0,33.0,41.0,-14.0,2.97
teksturirani papir 300 g,150 dot,144,85.0,81.0,100.0,0.0,23.0,28.0,-0.0,27.0,28.0,0.0,3.27
teksturirani papir 300 g,150 dot,145,85.0,100.0,100.0,0.0,21.0,12.0,5.0,23.0,55.0,6.0,2.44
teksturirani papir 300 g,150 dot,146,100.0,0.0,100.0,0.0,43.0,13.0,-53.0,43.0,16.0,-48.0,3.75
teksturirani papir 300 g,150 dot,147,100.0,21.0,100.0,0.0,38.0,89.0,-42.0,37.0,91.0,-39.0,2.34
teksturirani papir 300 g,150 dot,148,100.0,52.0,100.0,0.0,28.0,46.0,-23.0,31.0,54.0,-23.0,2.58
teksturirani papir 300 g,150 dot,149,100.0,81.0,100.0,0.0,19.0,59.0,-6.0,23.0,24.0,-7.0,3.11
teksturirani papir 300 g,150 dot,150,100.0,100.0,100.0,0.0,17.0,21.0,-0.0,20.0,3.0,-0.0,2.0
teksturirani papir 300 g,150 dot,151,0.0,0.0,0.0,25.0,63.0,83.0,0.0,64.0,43.0,0.0,0.57
teksturirani papir 300 g,150 dot,152,0.0,31.0,0.0,25.0,55.0,96.0,10.0,55.0,56.0,10.0,0.5
teksturirani papir 300 g,150 dot,153,0.0,72.0,0.0,25.0,42.0,66.0,29.0,44.0,4.0,28.0,2.13
teksturirani papir 300 g,150 dot,154,0.0,100.0,0.0,25.0,35.0,28.0,45.0,35.0,68.0,44.0,0.97
teksturirani papir 300 g,150 dot,155,21.0,0.0,0.0,25.0,61.0,26.0,-5.0,60.0,52.0,-5.0,1.2
teksturirani papir 300 g,150 dot,156,21.0,31.0,0.0,25.0,52.0,3.0,4.0,50.0,49.0,5.0,1.77
teksturirani papir 300 g,150 dot,157,21.0,72.0,0.0,25.0,39.0,74.0,23.0,39.0,96.0,22.0,0.8
teksturirani papir 300 g,150 dot,158,21.0,100.0,0.0,25.0,31.0,59.0,39.0,31.0,8.0,37.0,0.81
teksturirani papir 300 g,150 dot,159,52.0,0.0,0.0,25.0,51.0,38.0,-14.0,50.0,99.0,-12.0,1.46
teksturirani papir 300 g,150 dot,160,52.0,31.0,0.0,25.0,44.0,69.0,-5.0,44.0,43.0,-3.0,1.93
teksturirani papir 300 g,150 dot,161,52.0,72.0,0.0,25.0,33.0,53.0,11.0,33.0,90.0,10.0,0.41
teksturirani papir 300 g,150 dot,162,52.0,100.0,0.0,25.0,26.0,53.0,25.0,27.0,23.0,24.0,0.96
teksturirani papir 300 g,150 dot,163,81.0,0.0,0.0,25.0,43.0,76.0,-24.0,43.0,84.0,-22.0,0.97
teksturirani papir 300 g,150 dot,164,81.0,31.0,0.0,25.0,36.0,96.0,-14.0,37.0,28.0,-12.0,1.22
teksturirani papir 300 g,150 dot,165,81.0,72.0,0.0,25.0,26.0,65.0,1.0,29.0,27.0,0.0,2.1
teksturirani papir 300 g,150 dot,166,81.0,100.0,0.0,25.0,21.0,65.0,12.0,22.0,51.0,12.0,0.88
teksturirani papir 300 g,150 dot,167,100.0,0.0,0.0,25.0,39.0,40.0,-32.0,38.0,16.0,-31.0,1.15
teksturirani papir 300 g,150 dot,168,100.0,31.0,0.0,25.0,33.0,58.0,-20.0,33.0,46.0,-19.0,0.61
teksturirani papir 300 g,150 dot,169,100.0,72.0,0.0,25.0,25.0,30.0,-4.0,26.0,0.0,-4.0,0.72
teksturirani papir 300 g,150 dot,170,100.0,100.0,0.0,25.0,19.0,80.0,5.0,20.0,79.0,5.0,0.75
teksturirani papir 300 g,150 dot,171,0.0,0.0,31.0,25.0,64.0,88.0,-0.0,62.0,98.0,-0.0,1.78
teksturirani papir 300 g,150 dot,172,0.0,31.0,31.0,25.0,55.0,57.0,9.0,55.0,4.0,10.0,1.27
teksturirani papir 300 g,150 dot,173,0.0,72.0,31.0,25.0,42.0,84.0,29.0,43.0,0.0,28.0,1.63
teksturirani papir 300 g,150 dot,174,0.0,100.0,31.0,25.0,34.0,61.0,44.0,35.0,26.0,43.0,0.94
teksturirani papir 300 g,150 dot,175,21.0,0.0,31.0,25.0,57.0,84.0,-6.0,57.0,34.0,-6.0,1.53
teksturirani papir 300 g,150 dot,176,21.0,31.0,31.0,25.0,46.0,89.0,4.0,48.0,96.0,4.0,2.73
teksturirani papir 300 g,150 dot,177,21.0,72.0,31.0,25.0,37.0,7.0,21.0,39.0,59.0,22.0,3.59
teksturirani papir 300 g,150 dot,178,21.0,100.0,31.0,25.0,30.0,65.0,35.0,33.0,4.0,36.0,2.54
teksturirani papir 300 g,150 dot,179,52.0,0.0,31.0,25.0,49.0,75.0,-16.0,48.0,59.0,-16.0,2.47
teksturirani papir 300 g,150 dot,180,52.0,31.0,31.0,25.0,38.0,73.0,-4.0,43.0,1.0,-4.0,3.86
teksturirani papir 300 g,150 dot,181,52.0,72.0,31.0,25.0,28.0,40.0,11.0,33.0,12.0,11.0,3.71
teksturirani papir 300 g,150 dot,182,52.0,100.0,31.0,25.0,23.0,41.0,21.0,26.0,72.0,22.0,2.48
teksturirani papir 300 g,150 dot,183,81.0,0.0,31.0,25.0,41.0,95.0,-27.0,42.0,8.0,-25.0,1.15
teksturirani papir 300 g,150 dot,184,81.0,31.0,31.0,25.0,32.0,58.0,-15.0,35.0,77.0,-15.0,2.61
teksturirani papir 300 g,150 dot,185,81.0,72.0,31.0,25.0,23.0,89.0,0.0,26.0,43.0,1.0,2.29
teksturirani papir 300 g,150 dot,186,81.0,100.0,31.0,25.0,19.0,23.0,8.0,21.0,82.0,9.0,2.07
teksturirani papir 300 g,150 dot,187,100.0,0.0,31.0,25.0,38.0,45.0,-34.0,36.0,88.0,-34.0,1.69
teksturirani papir 300 g,150 dot,188,100.0,31.0,31.0,25.0,30.0,19.0,-22.0,31.0,92.0,-23.0,1.51
teksturirani papir 300 g,150 dot,189,100.0,72.0,31.0,25.0,21.0,29.0,-4.0,23.0,38.0,-4.0,1.95
teksturirani papir 300 g,150 dot,190,100.0,100.0,31.0,25.0,17.0,56.0,2.0,19.0,66.0,2.0,1.59
teksturirani papir 300 g,150 dot,191,0.0,0.0,72.0,25.0,62.0,9.0,-0.0,61.0,66.0,-0.0,1.68
teksturirani papir 300 g,150 dot,192,0.0,31.0,72.0,25.0,52.0,95.0,9.0,53.0,59.0,10.0,1.63
teksturirani papir 300 g,150 dot,193,0.0,72.0,72.0,25.0,41.0,53.0,27.0,41.0,84.0,27.0,0.38
teksturirani papir 300 g,150 dot,194,0.0,100.0,72.0,25.0,33.0,77.0,42.0,34.0,20.0,42.0,0.72
teksturirani papir 300 g,150 dot,195,21.0,0.0,72.0,25.0,56.0,1.0,-5.0,55.0,61.0,-6.0,2.29
teksturirani papir 300 g,150 dot,196,21.0,31.0,72.0,25.0,45.0,94.0,3.0,48.0,74.0,4.0,3.06
teksturirani papir 300 g,150 dot,197,21.0,72.0,72.0,25.0,34.0,81.0,20.0,38.0,38.0,21.0,3.06
teksturirani papir 300 g,150 dot,198,21.0,100.0,72.0,25.0,29.0,71.0,33.0,32.0,15.0,35.0,1.98
teksturirani papir 300 g,150 dot,199,52.0,0.0,72.0,25.0,47.0,22.0,-18.0,47.0,49.0,-17.0,2.0
teksturirani papir 300 g,150 dot,200,52.0,31.0,72.0,25.0,36.0,67.0,-5.0,41.0,31.0,-6.0,4.04
teksturirani papir 300 g,150 dot,201,52.0,72.0,72.0,25.0,27.0,88.0,9.0,31.0,68.0,10.0,3.63
teksturirani papir 300 g,150 dot,202,52.0,100.0,72.0,25.0,22.0,75.0,18.0,26.0,17.0,21.0,3.36
teksturirani papir 300 g,150 dot,203,81.0,0.0,72.0,25.0,39.0,79.0,-31.0,39.0,90.0,-28.0,2.07
teksturirani papir 300 g,150 dot,204,81.0,31.0,72.0,25.0,31.0,85.0,-17.0,34.0,50.0,-17.0,2.19
teksturirani papir 300 g,150 dot,205,81.0,72.0,72.0,25.0,19.0,65.0,-0.0,24.0,29.0,-0.0,3.33
teksturirani papir 300 g,150 dot,206,81.0,100.0,72.0,25.0,18.0,20.0,5.0,21.0,39.0,7.0,2.69
teksturirani papir 300 g,150 dot,207,100.0,0.0,72.0,25.0,35.0,89.0,-40.0,35.0,95.0,-38.0,1.95
teksturirani papir 300 g,150 dot,208,100.0,31.0,72.0,25.0,28.0,88.0,-25.0,30.0,58.0,-26.0,1.63
teksturirani papir 300 g,150 dot,209,100.0,72.0,72.0,25.0,19.0,58.0,-6.0,22.0,29.0,-8.0,2.59
teksturirani papir 300 g,150 dot,210,100.0,100.0,72.0,25.0,16.0,48.0,0.0,17.0,55.0,0.0,1.29
teksturirani papir 300 g,150 dot,211,0.0,0.0,100.0,25.0,61.0,29.0,-1.0,61.0,69.0,-1.0,1.38
teksturirani papir 300 g,150 dot,212,0.0,31.0,100.0,25.0,53.0,31.0,9.0,54.0,21.0,9.0,1.62
teksturirani papir 300 g,150 dot,213,0.0,72.0,100.0,25.0,41.0,43.0,28.0,42.0,56.0,27.0,1.69
teksturirani papir 300 g,150 dot,214,0.0,100.0,100.0,25.0,33.0,98.0,42.0,34.0,93.0,41.0,1.87
teksturirani papir 300 g,150 dot,215,21.0,0.0,100.0,25.0,55.0,82.0,-6.0,55.0,92.0,-7.0,1.96
teksturirani papir 300 g,150 dot,216,21.0,31.0,100.0,25.0,47.0,7.0,2.0,48.0,31.0,4.0,2.02
teksturirani papir 300 g,150 dot,217,21.0,72.0,100.0,25.0,36.0,59.0,21.0,37.0,56.0,22.0,0.94
teksturirani papir 300 g,150 dot,218,21.0,100.0,100.0,25.0,29.0,45.0,34.0,31.0,89.0,34.0,2.02
teksturirani papir 300 g,150 dot,219,52.0,0.0,100.0,25.0,45.0,91.0,-19.0,46.0,80.0,-18.0,1.91
teksturirani papir 300 g,150 dot,220,52.0,31.0,100.0,25.0,36.0,30.0,-6.0,40.0,53.0,-7.0,3.71
teksturirani papir 300 g,150 dot,221,52.0,72.0,100.0,25.0,26.0,5.0,8.0,30.0,11.0,9.0,3.43
teksturirani papir 300 g,150 dot,222,52.0,100.0,100.0,25.0,22.0,83.0,18.0,26.0,25.0,20.0,2.84
teksturirani papir 300 g,150 dot,223,81.0,0.0,100.0,25.0,39.0,14.0,-33.0,39.0,58.0,-31.0,2.76
teksturirani papir 300 g,150 dot,224,81.0,31.0,100.0,25.0,31.0,33.0,-19.0,34.0,37.0,-19.0,2.64
teksturirani papir 300 g,150 dot,225,81.0,72.0,100.0,25.0,21.0,73.0,-2.0,25.0,43.0,-2.0,2.83
teksturirani papir 300 g,150 dot,226,81.0,100.0,100.0,25.0,16.0,96.0,5.0,21.0,4.0,6.0,3.2
teksturirani papir 300 g,150 dot,227,100.0,0.0,100.0,25.0,35.0,48.0,-44.0,35.0,92.0,-41.0,3.16
teksturirani papir 300 g,150 dot,228,100.0,31.0,100.0,25.0,27.0,93.0,-28.0,30.0,28.0,-28.0,2.22
teksturirani papir 300 g,150 dot,229,100.0,72.0,100.0,25.0,19.0,3.0,-8.0,23.0,75.0,-9.0,3.55
teksturirani papir 300 g,150 dot,230,100.0,100.0,100.0,25.0,14.0,40.0,-0.0,17.0,22.0,-1.0,2.16
teksturirani papir 300 g,150 dot,231,0.0,0.0,0.0,60.0,35.0,72.0,-0.0,41.0,26.0,-0.0,4.78
teksturirani papir 300 g,150 dot,232,0.0,31.0,0.0,60.0,34.0,42.0,5.0,38.0,72.0,6.0,3.82
teksturirani papir 300 g,150 dot,233,0.0,72.0,0.0,60.0,27.0,7.0,16.0,30.0,20.0,18.0,3.24
teksturirani papir 300 g,150 dot,234,0.0,100.0,0.0,60.0,21.0,52.0,26.0,25.0,70.0,28.0,3.34
teksturirani papir 300 g,150 dot,235,31.0,0.0,0.0,60.0,34.0,28.0,-5.0,38.0,37.0,-5.0,3.57
teksturirani papir 300 g,150 dot,236,31.0,31.0,0.0,60.0,28.0,93.0,0.0,33.0,44.0,1.0,3.79
teksturirani papir 300 g,150 dot,237,31.0,72.0,0.0,60.0,22.0,59.0,11.0,26.0,17.0,11.0,2.67
teksturirani papir 300 g,150 dot,238,31.0,100.0,0.0,60.0,18.0,74.0,18.0,21.0,51.0,20.0,2.32
teksturirani papir 300 g,150 dot,239,72.0,0.0,0.0,60.0,27.0,93.0,-13.0,31.0,19.0,-14.0,2.82
teksturirani papir 300 g,150 dot,240,72.0,31.0,0.0,60.0,24.0,91.0,-6.0,27.0,5.0,-7.0,2.12
teksturirani papir 300 g,150 dot,241,72.0,72.0,0.0,60.0,18.0,31.0,2.0,20.0,92.0,2.0,1.95
teksturirani papir 300 g,150 dot,242,72.0,100.0,0.0,60.0,14.0,90.0,9.0,16.0,37.0,10.0,1.55
teksturirani papir 300 g,150 dot,243,100.0,0.0,0.0,60.0,24.0,32.0,-17.0,25.0,73.0,-19.0,1.49
teksturirani papir 300 g,150 dot,244,100.0,31.0,0.0,60.0,20.0,51.0,-10.0,22.0,68.0,-11.0,2.27
teksturirani papir 300 g,150 dot,245,100.0,72.0,0.0,60.0,15.0,94.0,-0.0,18.0,47.0,-1.0,2.62
teksturirani papir 300 g,150 dot,246,100.0,100.0,0.0,60.0,14.0,55.0,3.0,16.0,6.0,2.0,2.09
teksturirani papir 300 g,150 dot,247,0.0,0.0,31.0,60.0,37.0,56.0,-1.0,42.0,55.0,-1.0,4.8
teksturirani papir 300 g,150 dot,248,0.0,31.0,31.0,60.0,31.0,57.0,4.0,36.0,62.0,5.0,4.9
teksturirani papir 300 g,150 dot,249,0.0,72.0,31.0,60.0,25.0,99.0,16.0,30.0,90.0,18.0,4.44
teksturirani papir 300 g,150 dot,250,0.0,100.0,31.0,60.0,21.0,52.0,24.0,25.0,6.0,27.0,3.38
teksturirani papir 300 g,150 dot,251,31.0,0.0,31.0,60.0,32.0,32.0,-5.0,35.0,53.0,-6.0,3.12
teksturirani papir 300 g,150 dot,252,31.0,31.0,31.0,60.0,26.0,66.0,0.0,32.0,25.0,0.0,4.34
teksturirani papir 300 g,150 dot,253,31.0,72.0,31.0,60.0,22.0,21.0,10.0,26.0,23.0,12.0,3.35
teksturirani papir 300 g,150 dot,254,31.0,100.0,31.0,60.0,18.0,1.0,18.0,23.0,13.0,20.0,3.94
teksturirani papir 300 g,150 dot,255,72.0,0.0,31.0,60.0,26.0,58.0,-14.0,31.0,82.0,-15.0,4.17
teksturirani papir 300 g,150 dot,256,72.0,31.0,31.0,60.0,21.0,47.0,-7.0,25.0,94.0,-8.0,3.41
teksturirani papir 300 g,150 dot,257,72.0,72.0,31.0,60.0,16.0,43.0,2.0,18.0,95.0,2.0,2.03
teksturirani papir 300 g,150 dot,258,72.0,100.0,31.0,60.0,15.0,27.0,6.0,16.0,53.0,7.0,1.41
teksturirani papir 300 g,150 dot,259,100.0,0.0,31.0,60.0,23.0,34.0,-20.0,25.0,41.0,-22.0,2.1
teksturirani papir 300 g,150 dot,260,100.0,31.0,31.0,60.0,19.0,8.0,-11.0,21.0,95.0,-14.0,3.2
teksturirani papir 300 g,150 dot,261,100.0,72.0,31.0,60.0,14.0,37.0,-1.0,16.0,27.0,-2.0,2.43
teksturirani papir 300 g,150 dot,262,100.0,100.0,31.0,60.0,12.0,36.0,2.0,15.0,39.0,1.0,3.15
teksturirani papir 300 g,150 dot,263,0.0,0.0,72.0,60.0,37.0,34.0,-2.0,41.0,88.0,-2.0,4.05
teksturirani papir 300 g,150 dot,264,0.0,31.0,72.0,60.0,32.0,9.0,4.0,36.0,74.0,4.0,3.95
teksturirani papir 300 g,150 dot,265,0.0,72.0,72.0,60.0,25.0,37.0,16.0,28.0,88.0,16.0,2.88
teksturirani papir 300 g,150 dot,266,0.0,100.0,72.0,60.0,21.0,59.0,22.0,24.0,40.0,25.0,2.39
teksturirani papir 300 g,150 dot,267,31.0,0.0,72.0,60.0,32.0,29.0,-7.0,37.0,29.0,-7.0,4.12
teksturirani papir 300 g,150 dot,268,31.0,31.0,72.0,60.0,27.0,11.0,-1.0,31.0,83.0,-0.0,3.75
teksturirani papir 300 g,150 dot,269,31.0,72.0,72.0,60.0,21.0,68.0,9.0,26.0,9.0,11.0,3.65
teksturirani papir 300 g,150 dot,270,31.0,100.0,72.0,60.0,17.0,58.0,15.0,21.0,61.0,19.0,3.62
teksturirani papir 300 g,150 dot,271,72.0,0.0,72.0,60.0,24.0,79.0,-16.0,29.0,76.0,-17.0,3.75
teksturirani papir 300 g,150 dot,272,72.0,31.0,72.0,60.0,20.0,83.0,-9.0,24.0,98.0,-10.0,3.25
teksturirani papir 300 g,150 dot,273,72.0,72.0,72.0,60.0,16.0,35.0,0.0,18.0,10.0,0.0,1.67
teksturirani papir 300 g,150 dot,274,72.0,100.0,72.0,60.0,13.0,69.0,5.0,15.0,34.0,5.0,1.34
teksturirani papir 300 g,150 dot,275,100.0,0.0,72.0,60.0,20.0,98.0,-22.0,24.0,50.0,-24.0,2.93
teksturirani papir 300 g,150 dot,276,100.0,31.0,72.0,60.0,17.0,67.0,-13.0,21.0,24.0,-16.0,3.59
teksturirani papir 300 g,150 dot,277,100.0,72.0,72.0,60.0,13.0,71.0,-3.0,15.0,44.0,-5.0,2.78
teksturirani papir 300 g,150 dot,278,100.0,100.0,72.0,60.0,11.0,79.0,0.0,13.0,86.0,0.0,1.6
teksturirani papir 300 g,150 dot,279,0.0,0.0,100.0,60.0,36.0,73.0,-3.0,40.0,82.0,-3.0,3.67
teksturirani papir 300 g,150 dot,280,0.0,31.0,100.0,60.0,30.0,35.0,2.0,35.0,39.0,4.0,4.44
teksturirani papir 300 g,150 dot,281,0.0,72.0,100.0,60.0,26.0,62.0,13.0,30.0,5.0,16.0,3.17
teksturirani papir 300 g,150 dot,282,0.0,100.0,100.0,60.0,21.0,59.0,21.0,24.0,31.0,24.0,2.63
teksturirani papir 300 g,150 dot,283,31.0,0.0,100.0,60.0,32.0,71.0,-8.0,37.0,5.0,-8.0,3.71
teksturirani papir 300 g,150 dot,284,31.0,31.0,100.0,60.0,27.0,46.0,-1.0,32.0,46.0,-1.0,4.21
teksturirani papir 300 g,150 dot,285,31.0,72.0,100.0,60.0,20.0,77.0,8.0,26.0,75.0,9.0,4.81
teksturirani papir 300 g,150 dot,286,31.0,100.0,100.0,60.0,17.0,97.0,14.0,21.0,22.0,17.0,2.99
teksturirani papir 300 g,150 dot,287,72.0,0.0,100.0,60.0,24.0,79.0,-18.0,28.0,79.0,-19.0,3.03
teksturirani papir 300 g,150 dot,288,72.0,31.0,100.0,60.0,20.0,29.0,-10.0,24.0,35.0,-11.0,3.16
teksturirani papir 300 g,150 dot,289,72.0,72.0,100.0,60.0,16.0,30.0,-0.0,19.0,66.0,-0.0,2.84
teksturirani papir 300 g,150 dot,290,72.0,100.0,100.0,60.0,14.0,51.0,3.0,16.0,93.0,4.0,2.35
teksturirani papir 300 g,150 dot,291,100.0,0.0,100.0,60.0,21.0,82.0,-23.0,25.0,19.0,-26.0,2.97
teksturirani papir 300 g,150 dot,292,100.0,31.0,100.0,60.0,18.0,84.0,-14.0,22.0,3.0,-17.0,3.04
teksturirani papir 300 g,150 dot,293,100.0,72.0,100.0,60.0,14.0,83.0,-4.0,15.0,88.0,-5.0,2.07
teksturirani papir 300 g,150 dot,294,100.0,100.0,100.0,60.0,12.0,22.0,-0.0,13.0,54.0,-0.0,1.02
teksturirani papir 300 g,150 dot,295,0.0,0.0,0.0,88.0,20.0,3.0,-0.0,24.0,47.0,-0.0,3.15
teksturirani papir 300 g,150 dot,296,0.0,52.0,0.0,88.0,17.0,4.0,4.0,20.0,92.0,5.0,2.81
teksturirani papir 300 g,150 dot,297,0.0,100.0,0.0,88.0,14.0,47.0,10.0,15.0,84.0,13.0,2.84
teksturirani papir 300 g,150 dot,298,31.0,0.0,0.0,88.0,17.0,69.0,-2.0,21.0,27.0,-3.0,2.48
teksturirani papir 300 g,150 dot,299,31.0,52.0,0.0,88.0,15.0,64.0,2.0,17.0,85.0,3.0,1.62
teksturirani papir 300 g,150 dot,300,31.0,100.0,0.0,88.0,12.0,81.0,8.0,14.0,26.0,9.0,1.3
teksturirani papir 300 g,150 dot,301,72.0,0.0,0.0,88.0,15.0,16.0,-4.0,18.0,43.0,-6.0,3.05
teksturirani papir 300 g,150 dot,302,72.0,52.0,0.0,88.0,12.0,52.0,0.0,14.0,91.0,-0.0,2.57
teksturirani papir 300 g,150 dot,303,72.0,100.0,0.0,88.0,11.0,89.0,4.0,13.0,82.0,4.0,1.72
teksturirani papir 300 g,150 dot,304,100.0,0.0,0.0,88.0,13.0,59.0,-4.0,16.0,1.0,-8.0,3.75
teksturirani papir 300 g,150 dot,305,100.0,52.0,0.0,88.0,12.0,23.0,-0.0,14.0,1.0,-1.0,2.78
teksturirani papir 300 g,150 dot,306,100.0,100.0,0.0,88.0,12.0,35.0,2.0,12.0,54.0,2.0,1.51
teksturirani papir 300 g,150 dot,307,0.0,0.0,52.0,88.0,20.0,65.0,-1.0,24.0,45.0,-2.0,2.96
teksturirani papir 300 g,150 dot,308,0.0,52.0,52.0,88.0,16.0,51.0,3.0,20.0,0.0,4.0,2.83
teksturirani papir 300 g,150 dot,309,0.0,100.0,52.0,88.0,14.0,4.0,9.0,16.0,68.0,11.0,2.93
teksturirani papir 300 g,150 dot,310,31.0,0.0,52.0,88.0,18.0,52.0,-3.0,22.0,96.0,-4.0,3.39
teksturirani papir 300 g,150 dot,311,31.0,52.0,52.0,88.0,14.0,46.0,1.0,18.0,5.0,1.0,2.68
teksturirani papir 300 g,150 dot,312,31.0,100.0,52.0,88.0,13.0,92.0,5.0,15.0,40.0,7.0,2.02
teksturirani papir 300 g,150 dot,313,72.0,0.0,52.0,88.0,15.0,74.0,-6.0,18.0,13.0,-8.0,2.89
teksturirani papir 300 g,150 dot,314,72.0,52.0,52.0,88.0,11.0,80.0,-0.0,14.0,81.0,-1.0,2.38
teksturirani papir 300 g,150 dot,315,72.0,100.0,52.0,88.0,10.0,62.0,2.0,12.0,12.0,1.0,1.21
teksturirani papir 300 g,150 dot,316,100.0,0.0,52.0,88.0,14.0,10.0,-7.0,15.0,80.0,-10.0,3.36
teksturirani papir 300 g,150 dot,317,100.0,52.0,52.0,88.0,11.0,68.0,-1.0,13.0,81.0,-3.0,3.5
teksturirani papir 300 g,150 dot,318,100.0,100.0,52.0,88.0,11.0,87.0,0.0,11.0,44.0,0.0,0.35
teksturirani papir 300 g,150 dot,319,0.0,0.0,100.0,88.0,21.0,17.0,-3.0,24.0,65.0,-3.0,3.88
teksturirani papir 300 g,150 dot,320,0.0,52.0,100.0,88.0,16.0,28.0,1.0,19.0,13.0,3.0,2.98
teksturirani papir 300 g,150 dot,321,0.0,100.0,100.0,88.0,14.0,80.0,6.0,16.0,66.0,9.0,2.86
teksturirani papir 300 g,150 dot,322,31.0,0.0,100.0,88.0,18.0,9.0,-4.0,21.0,82.0,-4.0,3.36
teksturirani papir 300 g,150 dot,323,31.0,52.0,100.0,88.0,15.0,85.0,0.0,18.0,85.0,1.0,2.86
teksturirani papir 300 g,150 dot,324,31.0,100.0,100.0,88.0,14.0,54.0,3.0,16.0,24.0,5.0,2.22
teksturirani papir 300 g,150 dot,325,72.0,0.0,100.0,88.0,15.0,56.0,-8.0,18.0,12.0,-9.0,1.91
teksturirani papir 300 g,150 dot,326,72.0,52.0,100.0,88.0,13.0,63.0,-2.0,14.0,59.0,-2.0,1.02
teksturirani papir 300 g,150 dot,327,72.0,100.0,100.0,88.0,11.0,90.0,1.0,12.0,15.0,1.0,0.3
teksturirani papir 300 g,150 dot,328,100.0,0.0,100.0,88.0,14.0,21.0,-8.0,16.0,84.0,-11.0,2.89
teksturirani papir 300 g,150 dot,329,100.0,52.0,100.0,88.0,10.0,92.0,-2.0,12.0,87.0,-4.0,2.26
teksturirani papir 300 g,150 dot,330,100.0,100.0,100.0,88.0,12.0,89.0,-0.0,12.0,16.0,-0.0,0.63
teksturirani papir 300 g,150 dot,331,0.0,0.0,0.0,100.0,15.0,15.0,-0.0,15.0,21.0,-0.0,0.22
teksturirani papir 300 g,150 dot,332,0.0,52.0,0.0,100.0,11.0,45.0,2.0,12.0,63.0,2.0,0.78
teksturirani papir 300 g,150 dot,333,0.0,100.0,0.0,100.0,11.0,34.0,4.0,12.0,90.0,4.0,1.27
teksturirani papir 300 g,150 dot,334,52.0,0.0,0.0,100.0,11.0,17.0,-0.0,13.0,12.0,-2.0,2.56
teksturirani papir 300 g,150 dot,335,52.0,52.0,0.0,100.0,10.0,79.0,1.0,11.0,62.0,0.0,0.67
teksturirani papir 300 g,150 dot,336,52.0,100.0,0.0,100.0,10.0,24.0,3.0,11.0,76.0,2.0,1.26
teksturirani papir 300 g,150 dot,337,100.0,0.0,0.0,100.0,12.0,39.0,-1.0,14.0,5.0,-4.0,3.9
teksturirani papir 300 g,150 dot,338,100.0,52.0,0.0,100.0,11.0,33.0,0.0,12.0,24.0,0.0,1.67
teksturirani papir 300 g,150 dot,339,100.0,100.0,0.0,100.0,10.0,98.0,2.0,11.0,74.0,1.0,0.99
teksturirani papir 300 g,150 dot,340,0.0,0.0,52.0,100.0,14.0,19.0,-1.0,14.0,69.0,-1.0,0.85
teksturirani papir 300 g,150 dot,341,0.0,52.0,52.0,100.0,12.0,55.0,1.0,13.0,89.0,1.0,0.94
teksturirani papir 300 g,150 dot,342,0.0,100.0,52.0,100.0,10.0,92.0,2.0,13.0,37.0,3.0,1.75
teksturirani papir 300 g,150 dot,343,52.0,0.0,52.0,100.0,11.0,59.0,-1.0,12.0,65.0,-2.0,1.18
teksturirani papir 300 g,150 dot,344,52.0,52.0,52.0,100.0,12.0,58.0,0.0,12.0,53.0,-0.0,0.3
teksturirani papir 300 g,150 dot,345,52.0,100.0,52.0,100.0,11.0,51.0,1.0,11.0,72.0,1.0,0.28
teksturirani papir 300 g,150 dot,346,100.0,0.0,52.0,100.0,11.0,9.0,-2.0,13.0,39.0,-5.0,3.47
teksturirani papir 300 g,150 dot,347,100.0,52.0,52.0,100.0,11.0,49.0,-1.0,11.0,6.0,-1.0,0.47
teksturirani papir 300 g,150 dot,348,100.0,100.0,52.0,100.0,12.0,21.0,0.0,11.0,63.0,0.0,0.74
teksturirani papir 300 g,150 dot,349,0.0,0.0,100.0,100.0,13.0,84.0,-2.0,15.0,63.0,-2.0,1.51
teksturirani papir 300 g,150 dot,350,0.0,52.0,100.0,100.0,13.0,75.0,0.0,15.0,35.0,0.0,1.67
teksturirani papir 300 g,150 dot,351,0.0,100.0,100.0,100.0,12.0,78.0,1.0,14.0,82.0,2.0,1.46
teksturirani papir 300 g,150 dot,352,52.0,0.0,100.0,100.0,12.0,96.0,-3.0,13.0,55.0,-3.0,0.48
teksturirani papir 300 g,150 dot,353,52.0,52.0,100.0,100.0,14.0,17.0,-0.0,13.0,5.0,-0.0,0.98
teksturirani papir 300 g,150 dot,354,52.0,100.0,100.0,100.0,12.0,89.0,0.0,13.0,39.0,0.0,0.52
teksturirani papir 300 g,150 dot,355,100.0,0.0,100.0,100.0,11.0,79.0,-4.0,14.0,59.0,-6.0,2.87
teksturirani papir 300 g,150 dot,356,100.0,52.0,100.0,100.0,10.0,75.0,-1.0,13.0,69.0,-2.0,2.13
teksturirani papir 300 g,150 dot,357,100.0,100.0,100.0,100.0,12.0,32.0,-0.0,12.0,84.0,-0.0,0.65
teksturirani papir 300 g,150 dot,358,5.0,0.0,0.0,0.0,83.0,89.0,0.0,82.0,40.0,-0.0,2.11
teksturirani papir 300 g,150 dot,359,28.0,0.0,0.0,0.0,75.0,87.0,-8.0,75.0,22.0,-8.0,1.13
teksturirani papir 300 g,150 dot,360,95.0,0.0,0.0,0.0,50.0,5.0,-35.0,49.0,78.0,-34.0,0.59
teksturirani papir 300 g,150 dot,361,0.0,4.0,0.0,0.0,84.0,26.0,2.0,82.0,96.0,2.0,1.03
teksturirani papir 300 g,150 dot,362,0.0,11.0,0.0,0.0,80.0,98.0,3.0,77.0,98.0,4.0,2.41
teksturirani papir 300 g,150 dot,363,0.0,93.0,0.0,0.0,46.0,50.0,54.0,47.0,31.0,49.0,2.19
teksturirani papir 300 g,150 dot,364,0.0,0.0,4.0,0.0,85.0,32.0,2.0,85.0,21.0,2.0,0.12
teksturirani papir 300 g,150 dot,365,0.0,0.0,11.0,0.0,85.0,14.0,1.0,83.0,63.0,1.0,1.88
teksturirani papir 300 g,150 dot,366,0.0,0.0,93.0,0.0,82.0,15.0,-0.0,81.0,90.0,-0.0,2.48
teksturirani papir 300 g,150 dot,367,0.0,0.0,0.0,4.0,80.0,66.0,1.0,78.0,19.0,1.0,1.72
teksturirani papir 300 g,150 dot,368,0.0,0.0,0.0,13.0,72.0,68.0,1.0,72.0,17.0,1.0,0.41
teksturirani papir 300 g,150 dot,369,0.0,0.0,0.0,95.0,15.0,78.0,-0.0,19.0,40.0,-0.0,2.48
teksturirani papir 300 g,150 dot,370,9.0,7.0,7.0,0.0,77.0,80.0,0.0,74.0,96.0,0.0,2.21
teksturirani papir 300 g,150 dot,371,19.0,15.0,15.0,0.0,67.0,24.0,0.0,65.0,29.0,-0.0,1.76
teksturirani papir 300 g,150 dot,372,29.0,23.0,23.0,0.0,58.0,14.0,0.0,58.0,54.0,-0.0,0.78
teksturirani papir 300 g,150 dot,373,39.0,31.0,31.0,0.0,48.0,89.0,-0.0,52.0,8.0,-0.0,3.2
teksturirani papir 300 g,150 dot,374,49.0,39.0,39.0,4.0,39.0,3.0,-0.0,43.0,42.0,-0.0,3.99
teksturirani papir 300 g,150 dot,375,59.0,47.0,47.0,16.0,29.0,62.0,-1.0,36.0,68.0,-1.0,5.76
teksturirani papir 300 g,150 dot,376,69.0,55.0,55.0,31.0,24.0,92.0,-1.0,29.0,5.0,-1.0,3.19
teksturirani papir 300 g,150 dot,377,79.0,63.0,63.0,48.0,19.0,99.0,-2.0,23.0,19.0,-3.0,2.53
teksturirani papir 300 g,150 dot,378,89.0,71.0,71.0,72.0,15.0,21.0,-1.0,16.0,78.0,-2.0,1.79
teksturirani papir 300 g,150 dot,379,99.0,79.0,79.0,100.0,13.0,60.0,-0.0,14.0,16.0,-0.0,0.49
teksturirani papir 300 g,150 dot,380,9.0,7.0,7.0,0.0,77.0,50.0,1.0,75.0,0.0,0.0,2.06
teksturirani papir 300 g,150 dot,381,18.0,14.0,14.0,0.0,69.0,68.0,0.0,66.0,86.0,0.0,2.35
teksturirani papir 300 g,150 dot,382,27.0,21.0,21.0,0.0,60.0,54.0,0.0,60.0,47.0,-0.0,0.56
teksturirani papir 300 g,150 dot,383,36.0,29.0,29.0,0.0,52.0,69.0,-0.0,54.0,73.0,-0.0,2.04
teksturirani papir 300 g,150 dot,384,45.0,36.0,36.0,0.0,44.0,54.0,-0.0,47.0,97.0,-0.0,3.42
teksturirani papir 300 g,150 dot,385,54.0,43.0,43.0,0.0,37.0,40.0,-0.0,42.0,74.0,-0.0,4.77
teksturirani papir 300 g,150 dot,386,63.0,50.0,50.0,0.0,32.0,87.0,-1.0,36.0,70.0,-1.0,3.3
teksturirani papir 300 g,150 dot,387,72.0,58.0,58.0,0.0,28.0,41.0,-2.0,33.0,50.0,-3.0,4.2
teksturirani papir 300 g,150 dot,388,81.0,65.0,65.0,2.0,24.0,86.0,-3.0,28.0,80.0,-4.0,3.15
teksturirani papir 300 g,150 dot,389,90.0,72.0,72.0,49.0,17.0,25.0,-3.0,20.0,17.0,-4.0,2.7
teksturirani papir 300 g,150 dot,390,24.0,19.0,19.0,11.0,55.0,39.0,0.0,57.0,39.0,-0.0,2.04
teksturirani papir 300 g,150 dot,391,49.0,39.0,39.0,30.0,30.0,99.0,-0.0,36.0,30.0,-0.0,4.34
teksturirani papir 300 g,150 dot,392,74.0,59.0,59.0,59.0,19.0,52.0,-1.0,23.0,25.0,-2.0,2.86
teksturirani papir 300 g,150 dot,393,28.0,0.0,0.0,0.0,76.0,29.0,-8.0,75.0,24.0,-8.0,1.19
teksturirani papir 300 g,150 dot,394,64.0,0.0,0.0,0.0,59.0,50.0,-26.0,57.0,98.0,-23.0,1.84
teksturirani papir 300 g,150 dot,395,0.0,21.0,0.0,0.0,79.0,67.0,7.0,75.0,78.0,7.0,3.06
teksturirani papir 300 g,150 dot,396,0.0,52.0,0.0,0.0,66.0,41.0,23.0,63.0,28.0,23.0,2.71
teksturirani papir 300 g,150 dot,397,0.0,0.0,21.0,0.0,85.0,0.0,0.0,82.0,20.0,0.0,3.38
teksturirani papir 300 g,150 dot,398,0.0,0.0,52.0,0.0,84.0,5.0,-0.0,81.0,62.0,-0.0,1.69
teksturirani papir 300 g,150 dot,399,0.0,0.0,0.0,25.0,62.0,44.0,0.0,62.0,22.0,0.0,0.38
teksturirani papir 300 g,150 dot,400,0.0,0.0,0.0,60.0,34.0,59.0,-0.0,40.0,37.0,-0.0,4.94
teksturirani papir 300 g,200 dot,1,0.0,0.0,0.0,0.0,85.0,75.0,2.0,85.0,35.0,2.0,0.26
teksturirani papir 300 g,200 dot,2,0.0,21.0,0.0,0.0,76.0,84.0,9.0,76.0,91.0,9.0,0.45
teksturirani papir 300 g,200 dot,3,0.0,52.0,0.0,0.0,64.0,0.0,25.0,64.0,64.0,24.0,0.67
teksturirani papir 300 g,200 dot,4,0.0,81.0,0.0,0.0,53.0,84.0,41.0,52.0,43.0,43.0,1.55
teksturirani papir 300 g,200 dot,5,0.0,100.0,0.0,0.0,45.0,70.0,57.0,45.0,0.0,57.0,0.67
teksturirani papir 300 g,200 dot,6,16.0,0.0,0.0,0.0,79.0,94.0,-3.0,78.0,50.0,-3.0,1.13
teksturirani papir 300 g,200 dot,7,16.0,21.0,0.0,0.0,72.0,60.0,3.0,72.0,23.0,3.0,0.32
teksturirani papir 300 g,200 dot,8,16.0,52.0,0.0,0.0,60.0,35.0,19.0,59.0,65.0,19.0,0.67
teksturirani papir 300 g,200 dot,9,16.0,81.0,0.0,0.0,48.0,78.0,34.0,47.0,82.0,35.0,1.04
teksturirani papir 300 g,200 dot,10,16.0,100.0,0.0,0.0,41.0,76.0,49.0,40.0,24.0,50.0,1.44
teksturirani papir 300 g,200 dot,11,39.0,0.0,0.0,0.0,70.0,60.0,-12.0,69.0,90.0,-11.0,0.71
teksturirani papir 300 g,200 dot,12,39.0,21.0,0.0,0.0,64.0,12.0,-4.0,64.0,18.0,-4.0,0.08
teksturirani papir 300 g,200 dot,13,39.0,52.0,0.0,0.0,52.0,50.0,9.0,51.0,75.0,10.0,0.8
teksturirani papir 300 g,200 dot,14,39.0,81.0,0.0,0.0,42.0,41.0,25.0,42.0,39.0,25.0,0.17
teksturirani papir 300 g,200 dot,15,39.0,100.0,0.0,0.0,36.0,66.0,38.0,36.0,4.0,39.0,0.55
teksturirani papir 300 g,200 dot,16,64.0,0.0,0.0,0.0,61.0,85.0,-22.0,60.0,36.0,-23.0,1.35
teksturirani papir 300 g,200 dot,17,64.0,21.0,0.0,0.0,55.0,46.0,-15.0,54.0,37.0,-15.0,1.03
teksturirani papir 300 g,200 dot,18,64.0,52.0,0.0,0.0,47.0,9.0,-2.0,45.0,60.0,-2.0,1.47
teksturirani papir 300 g,200 dot,19,64.0,81.0,0.0,0.0,37.0,80.0,11.0,35.0,44.0,12.0,2.08
teksturirani papir 300 g,200 dot,20,64.0,100.0,0.0,0.0,32.0,37.0,22.0,30.0,52.0,23.0,1.71
teksturirani papir 300 g,200 dot,21,85.0,0.0,0.0,0.0,55.0,14.0,-30.0,53.0,86.0,-31.0,1.3
teksturirani papir 300 g,200 dot,22,85.0,21.0,0.0,0.0,49.0,48.0,-24.0,48.0,94.0,-24.0,0.61
teksturirani papir 300 g,200 dot,23,85.0,52.0,0.0,0.0,40.0,48.0,-11.0,40.0,47.0,-10.0,0.26
teksturirani papir 300 g,200 dot,24,85.0,81.0,0.0,0.0,33.0,3.0,2.0,31.0,46.0,3.0,1.47
teksturirani papir 300 g,200 dot,25,85.0,100.0,0.0,0.0,28.0,40.0,10.0,28.0,88.0,10.0,0.74
teksturirani papir 300 g,200 dot,26,100.0,0.0,0.0,0.0,48.0,31.0,-36.0,48.0,15.0,-35.0,0.35
teksturirani papir 300 g,200 dot,27,100.0,21.0,0.0,0.0,42.0,7.0,-30.0,42.0,82.0,-29.0,0.72
teksturirani papir 300 g,200 dot,28,100.0,52.0,0.0,0.0,35.0,65.0,-17.0,36.0,23.0,-17.0,0.49
teksturirani papir 300 g,200 dot,29,100.0,81.0,0.0,0.0,29.0,27.0,-4.0,29.0,14.0,-3.0,0.38
teksturirani papir 300 g,200 dot,30,100.0,100.0,0.0,0.0,25.0,3.0,5.0,24.0,0.0,5.0,0.78
teksturirani papir 300 g,200 dot,31,0.0,0.0,21.0,0.0,84.0,7.0,0.0,83.0,85.0,0.0,0.77
teksturirani papir 300 g,200 dot,32,0.0,21.0,21.0,0.0,76.0,0.0,8.0,75.0,7.0,8.0,0.82
teksturirani papir 300 g,200 dot,33,0.0,52.0,21.0,0.0,64.0,77.0,24.0,63.0,38.0,25.0,1.34
teksturirani papir 300 g,200 dot,34,0.0,81.0,21.0,0.0,53.0,59.0,42.0,51.0,87.0,43.0,1.75
teksturirani papir 300 g,200 dot,35,0.0,100.0,21.0,0.0,45.0,4.0,57.0,44.0,38.0,58.0,0.69
teksturirani papir 300 g,200 dot,36,16.0,0.0,21.0,0.0,78.0,67.0,-4.0,77.0,81.0,-4.0,0.65
teksturirani papir 300 g,200 dot,37,16.0,21.0,21.0,0.0,65.0,82.0,3.0,66.0,16.0,3.0,0.6
teksturirani papir 300 g,200 dot,38,16.0,52.0,21.0,0.0,54.0,75.0,17.0,54.0,29.0,18.0,0.98
teksturirani papir 300 g,200 dot,39,16.0,81.0,21.0,0.0,45.0,87.0,34.0,45.0,8.0,35.0,0.97
teksturirani papir 300 g,200 dot,40,16.0,100.0,21.0,0.0,39.0,77.0,48.0,39.0,51.0,48.0,0.63
teksturirani papir 300 g,200 dot,41,39.0,0.0,21.0,0.0,68.0,91.0,-13.0,68.0,52.0,-13.0,0.63
teksturirani papir 300 g,200 dot,42,39.0,21.0,21.0,0.0,57.0,10.0,-4.0,56.0,99.0,-4.0,0.2
teksturirani papir 300 g,200 dot,43,39.0,52.0,21.0,0.0,47.0,37.0,10.0,45.0,52.0,10.0,1.81
teksturirani papir 300 g,200 dot,44,39.0,81.0,21.0,0.0,39.0,48.0,25.0,37.0,30.0,26.0,1.94
teksturirani papir 300 g,200 dot,45,39.0,100.0,21.0,0.0,35.0,19.0,36.0,32.0,23.0,37.0,2.44
teksturirani papir 300 g,200 dot,46,64.0,0.0,21.0,0.0,58.0,71.0,-26.0,58.0,79.0,-27.0,0.24
teksturirani papir 300 g,200 dot,47,64.0,21.0,21.0,0.0,49.0,49.0,-16.0,48.0,85.0,-15.0,0.66
teksturirani papir 300 g,200 dot,48,64.0,52.0,21.0,0.0,40.0,46.0,-1.0,38.0,68.0,-1.0,1.66
teksturirani papir 300 g,200 dot,49,64.0,81.0,21.0,0.0,33.0,61.0,11.0,31.0,43.0,12.0,1.88
teksturirani papir 300 g,200 dot,50,64.0,100.0,21.0,0.0,29.0,26.0,21.0,27.0,43.0,22.0,1.49
teksturirani papir 300 g,200 dot,51,85.0,0.0,21.0,0.0,53.0,5.0,-35.0,52.0,53.0,-34.0,0.55
teksturirani papir 300 g,200 dot,52,85.0,21.0,21.0,0.0,43.0,31.0,-25.0,43.0,25.0,-24.0,0.63
teksturirani papir 300 g,200 dot,53,85.0,52.0,21.0,0.0,33.0,93.0,-10.0,34.0,92.0,-10.0,0.86
teksturirani papir 300 g,200 dot,54,85.0,81.0,21.0,0.0,28.0,0.0,2.0,28.0,7.0,2.0,0.07
teksturirani papir 300 g,200 dot,55,85.0,100.0,21.0,0.0,24.0,54.0,10.0,23.0,91.0,10.0,0.47
teksturirani papir 300 g,200 dot,56,100.0,0.0,21.0,0.0,46.0,51.0,-42.0,46.0,68.0,-41.0,0.3
teksturirani papir 300 g,200 dot,57,100.0,21.0,21.0,0.0,40.0,68.0,-32.0,40.0,30.0,-32.0,0.37
teksturirani papir 300 g,200 dot,58,100.0,52.0,21.0,0.0,32.0,63.0,-16.0,32.0,0.0,-16.0,0.54
teksturirani papir 300 g,200 dot,59,100.0,81.0,21.0,0.0,25.0,59.0,-3.0,25.0,3.0,-3.0,0.46
teksturirani papir 300 g,200 dot,60,100.0,100.0,21.0,0.0,23.0,42.0,2.0,22.0,23.0,3.0,0.95
teksturirani papir 300 g,200 dot,61,0.0,0.0,52.0,0.0,82.0,41.0,0.0,81.0,77.0,0.0,0.56
teksturirani papir 300 g,200 dot,62,0.0,21.0,52.0,0.0,75.0,29.0,8.0,74.0,48.0,8.0,0.66
teksturirani papir 300 g,200 dot,63,0.0,52.0,52.0,0.0,63.0,67.0,24.0,61.0,98.0,25.0,1.61
teksturirani papir 300 g,200 dot,64,0.0,81.0,52.0,0.0,52.0,73.0,42.0,51.0,34.0,44.0,1.54
teksturirani papir 300 g,200 dot,65,0.0,100.0,52.0,0.0,43.0,90.0,55.0,43.0,42.0,55.0,0.72
teksturirani papir 300 g,200 dot,66,16.0,0.0,52.0,0.0,75.0,39.0,-4.0,74.0,73.0,-4.0,0.58
teksturirani papir 300 g,200 dot,67,16.0,21.0,52.0,0.0,64.0,85.0,3.0,64.0,73.0,4.0,0.73
teksturirani papir 300 g,200 dot,68,16.0,52.0,52.0,0.0,54.0,55.0,17.0,54.0,94.0,18.0,0.42
teksturirani papir 300 g,200 dot,69,16.0,81.0,52.0,0.0,44.0,94.0,33.0,45.0,25.0,34.0,0.55
teksturirani papir 300 g,200 dot,70,16.0,100.0,52.0,0.0,38.0,0.0,48.0,38.0,63.0,48.0,0.56
teksturirani papir 300 g,200 dot,71,39.0,0.0,52.0,0.0,66.0,1.0,-14.0,65.0,90.0,-14.0,0.22
teksturirani papir 300 g,200 dot,72,39.0,21.0,52.0,0.0,54.0,41.0,-4.0,53.0,87.0,-4.0,0.54
teksturirani papir 300 g,200 dot,73,39.0,52.0,52.0,0.0,44.0,93.0,9.0,43.0,34.0,9.0,1.66
teksturirani papir 300 g,200 dot,74,39.0,81.0,52.0,0.0,37.0,17.0,23.0,36.0,92.0,23.0,0.22
teksturirani papir 300 g,200 dot,75,39.0,100.0,52.0,0.0,33.0,62.0,34.0,32.0,5.0,35.0,1.3
teksturirani papir 300 g,200 dot,76,64.0,0.0,52.0,0.0,56.0,82.0,-29.0,56.0,65.0,-28.0,0.67
teksturirani papir 300 g,200 dot,77,64.0,21.0,52.0,0.0,48.0,33.0,-17.0,47.0,0.0,-18.0,1.4
teksturirani papir 300 g,200 dot,78,64.0,52.0,52.0,0.0,33.0,12.0,-1.0,32.0,44.0,-1.0,0.56
teksturirani papir 300 g,200 dot,79,64.0,81.0,52.0,0.0,27.0,33.0,10.0,26.0,81.0,11.0,0.54
teksturirani papir 300 g,200 dot,80,64.0,100.0,52.0,0.0,24.0,83.0,18.0,25.0,80.0,18.0,0.73
teksturirani papir 300 g,200 dot,81,85.0,0.0,52.0,0.0,50.0,32.0,-39.0,49.0,44.0,-39.0,0.94
teksturirani papir 300 g,200 dot,82,85.0,21.0,52.0,0.0,41.0,91.0,-28.0,41.0,42.0,-29.0,0.52
teksturirani papir 300 g,200 dot,83,85.0,52.0,52.0,0.0,29.0,93.0,-11.0,29.0,64.0,-11.0,0.54
teksturirani papir 300 g,200 dot,84,85.0,81.0,52.0,0.0,23.0,45.0,1.0,22.0,86.0,1.0,0.7
teksturirani papir 300 g,200 dot,85,85.0,100.0,52.0,0.0,21.0,91.0,6.0,20.0,65.0,7.0,1.16
teksturirani papir 300 g,200 dot,86,100.0,0.0,52.0,0.0,45.0,12.0,-47.0,44.0,17.0,-48.0,1.08
teksturirani papir 300 g,200 dot,87,100.0,21.0,52.0,0.0,39.0,98.0,-36.0,38.0,58.0,-36.0,1.35
teksturirani papir 300 g,200 dot,88,100.0,52.0,52.0,0.0,28.0,58.0,-19.0,27.0,27.0,-18.0,1.0
teksturirani papir 300 g,200 dot,89,100.0,81.0,52.0,0.0,21.0,62.0,-3.0,20.0,51.0,-3.0,0.88
teksturirani papir 300 g,200 dot,90,100.0,100.0,52.0,0.0,19.0,77.0,0.0,19.0,66.0,1.0,0.72
teksturirani papir 300 g,200 dot,91,0.0,0.0,81.0,0.0,81.0,27.0,0.0,80.0,98.0,0.0,0.52
teksturirani papir 300 g,200 dot,92,0.0,21.0,81.0,0.0,73.0,66.0,9.0,73.0,18.0,9.0,0.42
teksturirani papir 300 g,200 dot,93,0.0,52.0,81.0,0.0,61.0,42.0,25.0,60.0,60.0,26.0,1.19
teksturirani papir 300 g,200 dot,94,0.0,81.0,81.0,0.0,50.0,83.0,43.0,49.0,14.0,44.0,1.84
teksturirani papir 300 g,200 dot,95,0.0,100.0,81.0,0.0,43.0,75.0,57.0,43.0,7.0,57.0,0.84
teksturirani papir 300 g,200 dot,96,16.0,0.0,81.0,0.0,73.0,99.0,-5.0,73.0,61.0,-5.0,0.39
teksturirani papir 300 g,200 dot,97,16.0,21.0,81.0,0.0,63.0,77.0,3.0,63.0,73.0,3.0,0.26
teksturirani papir 300 g,200 dot,98,16.0,52.0,81.0,0.0,53.0,15.0,18.0,52.0,54.0,19.0,0.82
teksturirani papir 300 g,200 dot,99,16.0,81.0,81.0,0.0,44.0,64.0,34.0,43.0,81.0,35.0,1.42
teksturirani papir 300 g,200 dot,100,16.0,100.0,81.0,0.0,38.0,50.0,48.0,38.0,5.0,48.0,0.79
teksturirani papir 300 g,200 dot,101,39.0,0.0,81.0,0.0,66.0,31.0,-14.0,64.0,22.0,-15.0,1.78
teksturirani papir 300 g,200 dot,102,39.0,21.0,81.0,0.0,54.0,16.0,-5.0,52.0,31.0,-5.0,1.82
teksturirani papir 300 g,200 dot,103,39.0,52.0,81.0,0.0,44.0,13.0,8.0,42.0,46.0,9.0,1.6
teksturirani papir 300 g,200 dot,104,39.0,81.0,81.0,0.0,36.0,56.0,22.0,35.0,70.0,23.0,1.09
teksturirani papir 300 g,200 dot,105,39.0,100.0,81.0,0.0,33.0,36.0,33.0,31.0,62.0,34.0,1.45
teksturirani papir 300 g,200 dot,106,64.0,0.0,81.0,0.0,55.0,48.0,-30.0,53.0,74.0,-31.0,1.76
teksturirani papir 300 g,200 dot,107,64.0,21.0,81.0,0.0,45.0,62.0,-20.0,45.0,25.0,-20.0,0.38
teksturirani papir 300 g,200 dot,108,64.0,52.0,81.0,0.0,34.0,46.0,-2.0,33.0,62.0,-2.0,0.71
teksturirani papir 300 g,200 dot,109,64.0,81.0,81.0,0.0,27.0,11.0,10.0,26.0,49.0,10.0,0.68
teksturirani papir 300 g,200 dot,110,64.0,100.0,81.0,0.0,24.0,82.0,17.0,24.0,62.0,17.0,0.57
teksturirani papir 300 g,200 dot,111,85.0,0.0,81.0,0.0,48.0,3.0,-42.0,48.0,5.0,-42.0,0.13
teksturirani papir 300 g,200 dot,112,85.0,21.0,81.0,0.0,41.0,76.0,-31.0,40.0,60.0,-32.0,1.27
teksturirani papir 300 g,200 dot,113,85.0,52.0,81.0,0.0,30.0,33.0,-13.0,27.0,85.0,-14.0,1.95
teksturirani papir 300 g,200 dot,114,85.0,81.0,81.0,0.0,21.0,56.0,0.0,20.0,42.0,0.0,0.83
teksturirani papir 300 g,200 dot,115,85.0,100.0,81.0,0.0,19.0,90.0,6.0,19.0,74.0,6.0,0.22
teksturirani papir 300 g,200 dot,116,100.0,0.0,81.0,0.0,43.0,72.0,-52.0,42.0,72.0,-53.0,1.22
teksturirani papir 300 g,200 dot,117,100.0,21.0,81.0,0.0,38.0,68.0,-40.0,37.0,44.0,-41.0,1.19
teksturirani papir 300 g,200 dot,118,100.0,52.0,81.0,0.0,28.0,1.0,-21.0,27.0,30.0,-20.0,0.86
teksturirani papir 300 g,200 dot,119,100.0,81.0,81.0,0.0,19.0,66.0,-5.0,17.0,69.0,-5.0,1.34
teksturirani papir 300 g,200 dot,120,100.0,100.0,81.0,0.0,17.0,0.0,0.0,16.0,59.0,0.0,0.75
teksturirani papir 300 g,200 dot,121,0.0,0.0,100.0,0.0,80.0,40.0,0.0,80.0,15.0,0.0,0.21
teksturirani papir 300 g,200 dot,122,0.0,21.0,100.0,0.0,73.0,39.0,9.0,71.0,75.0,10.0,1.34
teksturirani papir 300 g,200 dot,123,0.0,52.0,100.0,0.0,60.0,59.0,26.0,59.0,5.0,27.0,1.79
teksturirani papir 300 g,200 dot,124,0.0,81.0,100.0,0.0,49.0,36.0,45.0,48.0,52.0,46.0,1.18
teksturirani papir 300 g,200 dot,125,0.0,100.0,100.0,0.0,42.0,53.0,57.0,42.0,24.0,57.0,0.31
teksturirani papir 300 g,200 dot,126,16.0,0.0,100.0,0.0,73.0,74.0,-4.0,73.0,17.0,-5.0,0.48
teksturirani papir 300 g,200 dot,127,16.0,21.0,100.0,0.0,64.0,12.0,3.0,63.0,13.0,3.0,0.98
teksturirani papir 300 g,200 dot,128,16.0,52.0,100.0,0.0,53.0,57.0,18.0,52.0,37.0,19.0,1.48
teksturirani papir 300 g,200 dot,129,16.0,81.0,100.0,0.0,45.0,24.0,34.0,43.0,15.0,35.0,2.11
teksturirani papir 300 g,200 dot,130,16.0,100.0,100.0,0.0,39.0,30.0,46.0,38.0,28.0,47.0,0.96
teksturirani papir 300 g,200 dot,131,39.0,0.0,100.0,0.0,66.0,6.0,-14.0,64.0,25.0,-15.0,1.57
teksturirani papir 300 g,200 dot,132,39.0,21.0,100.0,0.0,54.0,34.0,-5.0,53.0,11.0,-5.0,1.19
teksturirani papir 300 g,200 dot,133,39.0,52.0,100.0,0.0,43.0,76.0,8.0,43.0,4.0,8.0,0.7
teksturirani papir 300 g,200 dot,134,39.0,81.0,100.0,0.0,36.0,83.0,22.0,36.0,65.0,22.0,0.29
teksturirani papir 300 g,200 dot,135,39.0,100.0,100.0,0.0,33.0,47.0,32.0,31.0,96.0,34.0,1.32
teksturirani papir 300 g,200 dot,136,64.0,0.0,100.0,0.0,54.0,18.0,-31.0,53.0,38.0,-30.0,1.13
teksturirani papir 300 g,200 dot,137,64.0,21.0,100.0,0.0,45.0,53.0,-19.0,44.0,69.0,-20.0,0.86
teksturirani papir 300 g,200 dot,138,64.0,52.0,100.0,0.0,33.0,11.0,-2.0,33.0,75.0,-2.0,0.64
teksturirani papir 300 g,200 dot,139,64.0,81.0,100.0,0.0,26.0,85.0,8.0,27.0,27.0,9.0,0.43
teksturirani papir 300 g,200 dot,140,64.0,100.0,100.0,0.0,24.0,48.0,16.0,23.0,74.0,17.0,0.75
teksturirani papir 300 g,200 dot,141,85.0,0.0,100.0,0.0,48.0,40.0,-43.0,47.0,33.0,-43.0,1.13
teksturirani papir 300 g,200 dot,142,85.0,21.0,100.0,0.0,41.0,11.0,-32.0,39.0,88.0,-33.0,1.16
teksturirani papir 300 g,200 dot,143,85.0,52.0,100.0,0.0,29.0,65.0,-15.0,28.0,10.0,-15.0,1.18
teksturirani papir 300 g,200 dot,144,85.0,81.0,100.0,0.0,23.0,28.0,-0.0,21.0,65.0,-0.0,1.17
teksturirani papir 300 g,200 dot,145,85.0,100.0,100.0,0.0,21.0,12.0,5.0,20.0,45.0,5.0,0.66
teksturirani papir 300 g,200 dot,146,100.0,0.0,100.0,0.0,43.0,13.0,-53.0,43.0,35.0,-51.0,0.65
teksturirani papir 300 g,200 dot,147,100.0,21.0,100.0,0.0,38.0,89.0,-42.0,37.0,57.0,-42.0,1.27
teksturirani papir 300 g,200 dot,148,100.0,52.0,100.0,0.0,28.0,46.0,-23.0,27.0,48.0,-23.0,0.78
teksturirani papir 300 g,200 dot,149,100.0,81.0,100.0,0.0,19.0,59.0,-6.0,19.0,44.0,-6.0,0.14
teksturirani papir 300 g,200 dot,150,100.0,100.0,100.0,0.0,17.0,21.0,-0.0,16.0,44.0,-0.0,0.54
teksturirani papir 300 g,200 dot,151,0.0,0.0,0.0,25.0,63.0,83.0,0.0,64.0,15.0,0.0,0.28
teksturirani papir 300 g,200 dot,152,0.0,31.0,0.0,25.0,55.0,96.0,10.0,55.0,3.0,10.0,1.02
teksturirani papir 300 g,200 dot,153,0.0,72.0,0.0,25.0,42.0,66.0,29.0,43.0,31.0,30.0,0.86
teksturirani papir 300 g,200 dot,154,0.0,100.0,0.0,25.0,35.0,28.0,45.0,34.0,42.0,46.0,0.82
teksturirani papir 300 g,200 dot,155,21.0,0.0,0.0,25.0,61.0,26.0,-5.0,59.0,77.0,-5.0,1.44
teksturirani papir 300 g,200 dot,156,21.0,31.0,0.0,25.0,52.0,3.0,4.0,50.0,61.0,4.0,1.46
teksturirani papir 300 g,200 dot,157,21.0,72.0,0.0,25.0,39.0,74.0,23.0,37.0,85.0,23.0,1.69
teksturirani papir 300 g,200 dot,158,21.0,100.0,0.0,25.0,31.0,59.0,39.0,31.0,41.0,38.0,0.38
teksturirani papir 300 g,200 dot,159,52.0,0.0,0.0,25.0,51.0,38.0,-14.0,49.0,94.0,-15.0,1.46
teksturirani papir 300 g,200 dot,160,52.0,31.0,0.0,25.0,44.0,69.0,-5.0,43.0,82.0,-5.0,0.85
teksturirani papir 300 g,200 dot,161,52.0,72.0,0.0,25.0,33.0,53.0,11.0,31.0,74.0,11.0,1.49
teksturirani papir 300 g,200 dot,162,52.0,100.0,0.0,25.0,26.0,53.0,25.0,25.0,23.0,25.0,0.96
teksturirani papir 300 g,200 dot,163,81.0,0.0,0.0,25.0,43.0,76.0,-24.0,43.0,46.0,-23.0,0.4
teksturirani papir 300 g,200 dot,164,81.0,31.0,0.0,25.0,36.0,96.0,-14.0,36.0,69.0,-14.0,0.47
teksturirani papir 300 g,200 dot,165,81.0,72.0,0.0,25.0,26.0,65.0,1.0,26.0,35.0,1.0,0.32
teksturirani papir 300 g,200 dot,166,81.0,100.0,0.0,25.0,21.0,65.0,12.0,20.0,65.0,13.0,0.86
teksturirani papir 300 g,200 dot,167,100.0,0.0,0.0,25.0,39.0,40.0,-32.0,39.0,30.0,-31.0,0.22
teksturirani papir 300 g,200 dot,168,100.0,31.0,0.0,25.0,33.0,58.0,-20.0,32.0,77.0,-20.0,0.74
teksturirani papir 300 g,200 dot,169,100.0,72.0,0.0,25.0,25.0,30.0,-4.0,24.0,13.0,-3.0,1.08
teksturirani papir 300 g,200 dot,170,100.0,100.0,0.0,25.0,19.0,80.0,5.0,18.0,74.0,6.0,1.14
teksturirani papir 300 g,200 dot,171,0.0,0.0,31.0,25.0,64.0,88.0,-0.0,63.0,17.0,-0.0,1.58
teksturirani papir 300 g,200 dot,172,0.0,31.0,31.0,25.0,55.0,57.0,9.0,55.0,12.0,10.0,0.6
teksturirani papir 300 g,200 dot,173,0.0,72.0,31.0,25.0,42.0,84.0,29.0,42.0,23.0,29.0,0.58
teksturirani papir 300 g,200 dot,174,0.0,100.0,31.0,25.0,34.0,61.0,44.0,34.0,71.0,44.0,0.11
teksturirani papir 300 g,200 dot,175,21.0,0.0,31.0,25.0,57.0,84.0,-6.0,57.0,12.0,-6.0,0.95
teksturirani papir 300 g,200 dot,176,21.0,31.0,31.0,25.0,46.0,89.0,4.0,47.0,99.0,4.0,1.1
teksturirani papir 300 g,200 dot,177,21.0,72.0,31.0,25.0,37.0,7.0,21.0,36.0,91.0,22.0,0.51
teksturirani papir 300 g,200 dot,178,21.0,100.0,31.0,25.0,30.0,65.0,35.0,29.0,75.0,36.0,0.86
teksturirani papir 300 g,200 dot,179,52.0,0.0,31.0,25.0,49.0,75.0,-16.0,48.0,31.0,-16.0,1.48
teksturirani papir 300 g,200 dot,180,52.0,31.0,31.0,25.0,38.0,73.0,-4.0,39.0,7.0,-4.0,0.32
teksturirani papir 300 g,200 dot,181,52.0,72.0,31.0,25.0,28.0,40.0,11.0,28.0,56.0,11.0,0.17
teksturirani papir 300 g,200 dot,182,52.0,100.0,31.0,25.0,23.0,41.0,21.0,24.0,3.0,22.0,0.49
teksturirani papir 300 g,200 dot,183,81.0,0.0,31.0,25.0,41.0,95.0,-27.0,41.0,43.0,-27.0,0.65
teksturirani papir 300 g,200 dot,184,81.0,31.0,31.0,25.0,32.0,58.0,-15.0,32.0,50.0,-15.0,0.27
teksturirani papir 300 g,200 dot,185,81.0,72.0,31.0,25.0,23.0,89.0,0.0,22.0,20.0,0.0,1.29
teksturirani papir 300 g,200 dot,186,81.0,100.0,31.0,25.0,19.0,23.0,8.0,19.0,49.0,7.0,0.66
teksturirani papir 300 g,200 dot,187,100.0,0.0,31.0,25.0,38.0,45.0,-34.0,37.0,13.0,-34.0,1.42
teksturirani papir 300 g,200 dot,188,100.0,31.0,31.0,25.0,30.0,19.0,-22.0,29.0,77.0,-21.0,0.46
teksturirani papir 300 g,200 dot,189,100.0,72.0,31.0,25.0,21.0,29.0,-4.0,19.0,98.0,-4.0,1.02
teksturirani papir 300 g,200 dot,190,100.0,100.0,31.0,25.0,17.0,56.0,2.0,16.0,58.0,3.0,1.08
teksturirani papir 300 g,200 dot,191,0.0,0.0,72.0,25.0,62.0,9.0,-0.0,61.0,65.0,-0.0,0.52
teksturirani papir 300 g,200 dot,192,0.0,31.0,72.0,25.0,52.0,95.0,9.0,52.0,53.0,10.0,0.84
teksturirani papir 300 g,200 dot,193,0.0,72.0,72.0,25.0,41.0,53.0,27.0,40.0,45.0,28.0,1.27
teksturirani papir 300 g,200 dot,194,0.0,100.0,72.0,25.0,33.0,77.0,42.0,32.0,79.0,43.0,0.83
teksturirani papir 300 g,200 dot,195,21.0,0.0,72.0,25.0,56.0,1.0,-5.0,55.0,61.0,-6.0,0.52
teksturirani papir 300 g,200 dot,196,21.0,31.0,72.0,25.0,45.0,94.0,3.0,45.0,96.0,4.0,0.55
teksturirani papir 300 g,200 dot,197,21.0,72.0,72.0,25.0,34.0,81.0,20.0,34.0,90.0,21.0,0.56
teksturirani papir 300 g,200 dot,198,21.0,100.0,72.0,25.0,29.0,71.0,33.0,28.0,83.0,34.0,0.71
teksturirani papir 300 g,200 dot,199,52.0,0.0,72.0,25.0,47.0,22.0,-18.0,45.0,81.0,-19.0,1.39
teksturirani papir 300 g,200 dot,200,52.0,31.0,72.0,25.0,36.0,67.0,-5.0,35.0,46.0,-5.0,1.04
teksturirani papir 300 g,200 dot,201,52.0,72.0,72.0,25.0,27.0,88.0,9.0,25.0,94.0,9.0,1.48
teksturirani papir 300 g,200 dot,202,52.0,100.0,72.0,25.0,22.0,75.0,18.0,21.0,10.0,19.0,1.29
teksturirani papir 300 g,200 dot,203,81.0,0.0,72.0,25.0,39.0,79.0,-31.0,39.0,26.0,-31.0,0.5
teksturirani papir 300 g,200 dot,204,81.0,31.0,72.0,25.0,31.0,85.0,-17.0,28.0,81.0,-18.0,2.56
teksturirani papir 300 g,200 dot,205,81.0,72.0,72.0,25.0,19.0,65.0,-0.0,19.0,14.0,-0.0,0.44
teksturirani papir 300 g,200 dot,206,81.0,100.0,72.0,25.0,18.0,20.0,5.0,17.0,23.0,6.0,0.73
teksturirani papir 300 g,200 dot,207,100.0,0.0,72.0,25.0,35.0,89.0,-40.0,34.0,91.0,-40.0,0.9
teksturirani papir 300 g,200 dot,208,100.0,31.0,72.0,25.0,28.0,88.0,-25.0,27.0,79.0,-25.0,0.83
teksturirani papir 300 g,200 dot,209,100.0,72.0,72.0,25.0,19.0,58.0,-6.0,19.0,46.0,-6.0,0.39
teksturirani papir 300 g,200 dot,210,100.0,100.0,72.0,25.0,16.0,48.0,0.0,15.0,50.0,0.0,0.78
teksturirani papir 300 g,200 dot,211,0.0,0.0,100.0,25.0,61.0,29.0,-1.0,61.0,8.0,-1.0,0.33
teksturirani papir 300 g,200 dot,212,0.0,31.0,100.0,25.0,53.0,31.0,9.0,52.0,45.0,9.0,0.89
teksturirani papir 300 g,200 dot,213,0.0,72.0,100.0,25.0,41.0,43.0,28.0,39.0,75.0,29.0,1.57
teksturirani papir 300 g,200 dot,214,0.0,100.0,100.0,25.0,33.0,98.0,42.0,33.0,65.0,43.0,0.5
teksturirani papir 300 g,200 dot,215,21.0,0.0,100.0,25.0,55.0,82.0,-6.0,54.0,40.0,-6.0,1.36
teksturirani papir 300 g,200 dot,216,21.0,31.0,100.0,25.0,47.0,7.0,2.0,44.0,97.0,2.0,2.02
teksturirani papir 300 g,200 dot,217,21.0,72.0,100.0,25.0,36.0,59.0,21.0,35.0,20.0,21.0,1.17
teksturirani papir 300 g,200 dot,218,21.0,100.0,100.0,25.0,29.0,45.0,34.0,29.0,9.0,34.0,0.43
teksturirani papir 300 g,200 dot,219,52.0,0.0,100.0,25.0,45.0,91.0,-19.0,45.0,15.0,-20.0,0.95
teksturirani papir 300 g,200 dot,220,52.0,31.0,100.0,25.0,36.0,30.0,-6.0,34.0,69.0,-7.0,1.39
teksturirani papir 300 g,200 dot,221,52.0,72.0,100.0,25.0,26.0,5.0,8.0,24.0,82.0,9.0,1.18
teksturirani papir 300 g,200 dot,222,52.0,100.0,100.0,25.0,22.0,83.0,18.0,22.0,17.0,18.0,0.7
teksturirani papir 300 g,200 dot,223,81.0,0.0,100.0,25.0,39.0,14.0,-33.0,38.0,92.0,-33.0,0.43
teksturirani papir 300 g,200 dot,224,81.0,31.0,100.0,25.0,31.0,33.0,-19.0,30.0,87.0,-19.0,0.8
teksturirani papir 300 g,200 dot,225,81.0,72.0,100.0,25.0,21.0,73.0,-2.0,20.0,21.0,-2.0,1.08
teksturirani papir 300 g,200 dot,226,81.0,100.0,100.0,25.0,16.0,96.0,5.0,16.0,98.0,4.0,0.37
teksturirani papir 300 g,200 dot,227,100.0,0.0,100.0,25.0,35.0,48.0,-44.0,34.0,11.0,-44.0,1.39
teksturirani papir 300 g,200 dot,228,100.0,31.0,100.0,25.0,27.0,93.0,-28.0,27.0,33.0,-28.0,0.54
teksturirani papir 300 g,200 dot,229,100.0,72.0,100.0,25.0,19.0,3.0,-8.0,17.0,58.0,-8.0,1.1
teksturirani papir 300 g,200 dot,230,100.0,100.0,100.0,25.0,14.0,40.0,-0.0,14.0,61.0,-0.0,0.27
teksturirani papir 300 g,200 dot,231,0.0,0.0,0.0,60.0,35.0,72.0,-0.0,34.0,55.0,-0.0,0.97
teksturirani papir 300 g,200 dot,232,0.0,31.0,0.0,60.0,34.0,42.0,5.0,32.0,77.0,5.0,1.34
teksturirani papir 300 g,200 dot,233,0.0,72.0,0.0,60.0,27.0,7.0,16.0,24.0,71.0,17.0,1.9
teksturirani papir 300 g,200 dot,234,0.0,100.0,0.0,60.0,21.0,52.0,26.0,21.0,7.0,25.0,0.4
teksturirani papir 300 g,200 dot,235,31.0,0.0,0.0,60.0,34.0,28.0,-5.0,34.0,32.0,-5.0,0.25
teksturirani papir 300 g,200 dot,236,31.0,31.0,0.0,60.0,28.0,93.0,0.0,28.0,76.0,0.0,0.53
teksturirani papir 300 g,200 dot,237,31.0,72.0,0.0,60.0,22.0,59.0,11.0,23.0,62.0,11.0,0.82
teksturirani papir 300 g,200 dot,238,31.0,100.0,0.0,60.0,18.0,74.0,18.0,19.0,68.0,18.0,0.69
teksturirani papir 300 g,200 dot,239,72.0,0.0,0.0,60.0,27.0,93.0,-13.0,27.0,46.0,-12.0,0.45
teksturirani papir 300 g,200 dot,240,72.0,31.0,0.0,60.0,24.0,91.0,-6.0,23.0,16.0,-6.0,1.31
teksturirani papir 300 g,200 dot,241,72.0,72.0,0.0,60.0,18.0,31.0,2.0,17.0,81.0,2.0,0.55
teksturirani papir 300 g,200 dot,242,72.0,100.0,0.0,60.0,14.0,90.0,9.0,14.0,23.0,9.0,0.58
teksturirani papir 300 g,200 dot,243,100.0,0.0,0.0,60.0,24.0,32.0,-17.0,23.0,22.0,-18.0,0.88
teksturirani papir 300 g,200 dot,244,100.0,31.0,0.0,60.0,20.0,51.0,-10.0,19.0,86.0,-9.0,0.69
teksturirani papir 300 g,200 dot,245,100.0,72.0,0.0,60.0,15.0,94.0,-0.0,15.0,50.0,-0.0,0.45
teksturirani papir 300 g,200 dot,246,100.0,100.0,0.0,60.0,14.0,55.0,3.0,14.0,11.0,3.0,0.35
teksturirani papir 300 g,200 dot,247,0.0,0.0,31.0,60.0,37.0,56.0,-1.0,36.0,95.0,-1.0,0.79
teksturirani papir 300 g,200 dot,248,0.0,31.0,31.0,60.0,31.0,57.0,4.0,31.0,72.0,5.0,0.68
teksturirani papir 300 g,200 dot,249,0.0,72.0,31.0,60.0,25.0,99.0,16.0,24.0,70.0,17.0,1.0
teksturirani papir 300 g,200 dot,250,0.0,100.0,31.0,60.0,21.0,52.0,24.0,20.0,42.0,25.0,1.05
teksturirani papir 300 g,200 dot,251,31.0,0.0,31.0,60.0,32.0,32.0,-5.0,32.0,53.0,-5.0,0.23
teksturirani papir 300 g,200 dot,252,31.0,31.0,31.0,60.0,26.0,66.0,0.0,27.0,73.0,0.0,1.14
teksturirani papir 300 g,200 dot,253,31.0,72.0,31.0,60.0,22.0,21.0,10.0,22.0,52.0,10.0,0.24
teksturirani papir 300 g,200 dot,254,31.0,100.0,31.0,60.0,18.0,1.0,18.0,18.0,15.0,17.0,0.26
teksturirani papir 300 g,200 dot,255,72.0,0.0,31.0,60.0,26.0,58.0,-14.0,26.0,22.0,-14.0,0.39
teksturirani papir 300 g,200 dot,256,72.0,31.0,31.0,60.0,21.0,47.0,-7.0,21.0,5.0,-6.0,0.59
teksturirani papir 300 g,200 dot,257,72.0,72.0,31.0,60.0,16.0,43.0,2.0,16.0,67.0,1.0,0.29
teksturirani papir 300 g,200 dot,258,72.0,100.0,31.0,60.0,15.0,27.0,6.0,14.0,54.0,6.0,0.73
teksturirani papir 300 g,200 dot,259,100.0,0.0,31.0,60.0,23.0,34.0,-20.0,22.0,86.0,-19.0,0.99
teksturirani papir 300 g,200 dot,260,100.0,31.0,31.0,60.0,19.0,8.0,-11.0,19.0,56.0,-10.0,0.44
teksturirani papir 300 g,200 dot,261,100.0,72.0,31.0,60.0,14.0,37.0,-1.0,14.0,40.0,-1.0,0.23
teksturirani papir 300 g,200 dot,262,100.0,100.0,31.0,60.0,12.0,36.0,2.0,12.0,96.0,2.0,0.42
teksturirani papir 300 g,200 dot,263,0.0,0.0,72.0,60.0,37.0,34.0,-2.0,36.0,38.0,-2.0,0.84
teksturirani papir 300 g,200 dot,264,0.0,31.0,72.0,60.0,32.0,9.0,4.0,31.0,90.0,4.0,0.47
teksturirani papir 300 g,200 dot,265,0.0,72.0,72.0,60.0,25.0,37.0,16.0,25.0,95.0,16.0,0.45
teksturirani papir 300 g,200 dot,266,0.0,100.0,72.0,60.0,21.0,59.0,22.0,20.0,64.0,24.0,1.25
teksturirani papir 300 g,200 dot,267,31.0,0.0,72.0,60.0,32.0,29.0,-7.0,31.0,46.0,-7.0,0.68
teksturirani papir 300 g,200 dot,268,31.0,31.0,72.0,60.0,27.0,11.0,-1.0,27.0,70.0,-1.0,0.51
teksturirani papir 300 g,200 dot,269,31.0,72.0,72.0,60.0,21.0,68.0,9.0,22.0,11.0,9.0,0.47
teksturirani papir 300 g,200 dot,270,31.0,100.0,72.0,60.0,17.0,58.0,15.0,17.0,61.0,15.0,0.19
teksturirani papir 300 g,200 dot,271,72.0,0.0,72.0,60.0,24.0,79.0,-16.0,24.0,43.0,-16.0,0.27
teksturirani papir 300 g,200 dot,272,72.0,31.0,72.0,60.0,20.0,83.0,-9.0,22.0,11.0,-8.0,1.05
teksturirani papir 300 g,200 dot,273,72.0,72.0,72.0,60.0,16.0,35.0,0.0,15.0,70.0,0.0,1.0
teksturirani papir 300 g,200 dot,274,72.0,100.0,72.0,60.0,13.0,69.0,5.0,13.0,9.0,5.0,0.65
teksturirani papir 300 g,200 dot,275,100.0,0.0,72.0,60.0,20.0,98.0,-22.0,21.0,41.0,-22.0,0.31
teksturirani papir 300 g,200 dot,276,100.0,31.0,72.0,60.0,17.0,67.0,-13.0,17.0,82.0,-13.0,0.41
teksturirani papir 300 g,200 dot,277,100.0,72.0,72.0,60.0,13.0,71.0,-3.0,14.0,8.0,-3.0,0.27
teksturirani papir 300 g,200 dot,278,100.0,100.0,72.0,60.0,11.0,79.0,0.0,13.0,3.0,0.0,0.84
teksturirani papir 300 g,200 dot,279,0.0,0.0,100.0,60.0,36.0,73.0,-3.0,36.0,44.0,-3.0,0.36
teksturirani papir 300 g,200 dot,280,0.0,31.0,100.0,60.0,30.0,35.0,2.0,30.0,75.0,3.0,0.77
teksturirani papir 300 g,200 dot,281,0.0,72.0,100.0,60.0,26.0,62.0,13.0,25.0,15.0,14.0,1.2
teksturirani papir 300 g,200 dot,282,0.0,100.0,100.0,60.0,21.0,59.0,21.0,21.0,11.0,21.0,0.38
teksturirani papir 300 g,200 dot,283,31.0,0.0,100.0,60.0,32.0,71.0,-8.0,31.0,63.0,-9.0,0.92
teksturirani papir 300 g,200 dot,284,31.0,31.0,100.0,60.0,27.0,46.0,-1.0,26.0,65.0,-1.0,0.63
teksturirani papir 300 g,200 dot,285,31.0,72.0,100.0,60.0,20.0,77.0,8.0,21.0,72.0,8.0,0.7
teksturirani papir 300 g,200 dot,286,31.0,100.0,100.0,60.0,17.0,97.0,14.0,17.0,67.0,14.0,0.49
teksturirani papir 300 g,200 dot,287,72.0,0.0,100.0,60.0,24.0,79.0,-18.0,24.0,7.0,-18.0,0.53
teksturirani papir 300 g,200 dot,288,72.0,31.0,100.0,60.0,20.0,29.0,-10.0,19.0,96.0,-10.0,0.42
teksturirani papir 300 g,200 dot,289,72.0,72.0,100.0,60.0,16.0,30.0,-0.0,16.0,53.0,-0.0,0.33
teksturirani papir 300 g,200 dot,290,72.0,100.0,100.0,60.0,14.0,51.0,3.0,13.0,38.0,4.0,1.38
teksturirani papir 300 g,200 dot,291,100.0,0.0,100.0,60.0,21.0,82.0,-23.0,20.0,81.0,-23.0,0.79
teksturirani papir 300 g,200 dot,292,100.0,31.0,100.0,60.0,18.0,84.0,-14.0,18.0,21.0,-15.0,0.73
teksturirani papir 300 g,200 dot,293,100.0,72.0,100.0,60.0,14.0,83.0,-4.0,13.0,81.0,-4.0,0.73
teksturirani papir 300 g,200 dot,294,100.0,100.0,100.0,60.0,12.0,22.0,-0.0,12.0,2.0,-0.0,0.61
teksturirani papir 300 g,200 dot,295,0.0,0.0,0.0,88.0,20.0,3.0,-0.0,19.0,10.0,-0.0,0.66
teksturirani papir 300 g,200 dot,296,0.0,52.0,0.0,88.0,17.0,4.0,4.0,16.0,60.0,5.0,0.41
teksturirani papir 300 g,200 dot,297,0.0,100.0,0.0,88.0,14.0,47.0,10.0,13.0,47.0,11.0,0.98
teksturirani papir 300 g,200 dot,298,31.0,0.0,0.0,88.0,17.0,69.0,-2.0,17.0,33.0,-2.0,0.35
teksturirani papir 300 g,200 dot,299,31.0,52.0,0.0,88.0,15.0,64.0,2.0,15.0,37.0,2.0,0.18
teksturirani papir 300 g,200 dot,300,31.0,100.0,0.0,88.0,12.0,81.0,8.0,12.0,84.0,8.0,0.23
teksturirani papir 300 g,200 dot,301,72.0,0.0,0.0,88.0,15.0,16.0,-4.0,15.0,94.0,-4.0,0.88
teksturirani papir 300 g,200 dot,302,72.0,52.0,0.0,88.0,12.0,52.0,0.0,13.0,7.0,0.0,0.49
teksturirani papir 300 g,200 dot,303,72.0,100.0,0.0,88.0,11.0,89.0,4.0,10.0,65.0,5.0,1.08
teksturirani papir 300 g,200 dot,304,100.0,0.0,0.0,88.0,13.0,59.0,-4.0,13.0,85.0,-4.0,0.29
teksturirani papir 300 g,200 dot,305,100.0,52.0,0.0,88.0,12.0,23.0,-0.0,11.0,87.0,0.0,0.31
teksturirani papir 300 g,200 dot,306,100.0,100.0,0.0,88.0,12.0,35.0,2.0,10.0,97.0,3.0,1.08
teksturirani papir 300 g,200 dot,307,0.0,0.0,52.0,88.0,20.0,65.0,-1.0,18.0,37.0,-1.0,1.61
teksturirani papir 300 g,200 dot,308,0.0,52.0,52.0,88.0,16.0,51.0,3.0,16.0,42.0,4.0,0.52
teksturirani papir 300 g,200 dot,309,0.0,100.0,52.0,88.0,14.0,4.0,9.0,14.0,2.0,9.0,0.21
teksturirani papir 300 g,200 dot,310,31.0,0.0,52.0,88.0,18.0,52.0,-3.0,19.0,62.0,-3.0,0.83
teksturirani papir 300 g,200 dot,311,31.0,52.0,52.0,88.0,14.0,46.0,1.0,15.0,54.0,1.0,0.73
teksturirani papir 300 g,200 dot,312,31.0,100.0,52.0,88.0,13.0,92.0,5.0,13.0,38.0,5.0,0.38
teksturirani papir 300 g,200 dot,313,72.0,0.0,52.0,88.0,15.0,74.0,-6.0,15.0,92.0,-6.0,0.38
teksturirani papir 300 g,200 dot,314,72.0,52.0,52.0,88.0,11.0,80.0,-0.0,12.0,19.0,-0.0,0.41
teksturirani papir 300 g,200 dot,315,72.0,100.0,52.0,88.0,10.0,62.0,2.0,11.0,37.0,2.0,0.64
teksturirani papir 300 g,200 dot,316,100.0,0.0,52.0,88.0,14.0,10.0,-7.0,13.0,84.0,-7.0,0.59
teksturirani papir 300 g,200 dot,317,100.0,52.0,52.0,88.0,11.0,68.0,-1.0,11.0,5.0,-1.0,0.47
teksturirani papir 300 g,200 dot,318,100.0,100.0,52.0,88.0,11.0,87.0,0.0,11.0,28.0,0.0,0.6
teksturirani papir 300 g,200 dot,319,0.0,0.0,100.0,88.0,21.0,17.0,-3.0,20.0,14.0,-3.0,0.78
teksturirani papir 300 g,200 dot,320,0.0,52.0,100.0,88.0,16.0,28.0,1.0,16.0,35.0,1.0,0.26
teksturirani papir 300 g,200 dot,321,0.0,100.0,100.0,88.0,14.0,80.0,6.0,14.0,37.0,7.0,0.39
teksturirani papir 300 g,200 dot,322,31.0,0.0,100.0,88.0,18.0,9.0,-4.0,17.0,56.0,-4.0,0.45
teksturirani papir 300 g,200 dot,323,31.0,52.0,100.0,88.0,15.0,85.0,0.0,15.0,70.0,0.0,0.35
teksturirani papir 300 g,200 dot,324,31.0,100.0,100.0,88.0,14.0,54.0,3.0,13.0,77.0,4.0,0.64
teksturirani papir 300 g,200 dot,325,72.0,0.0,100.0,88.0,15.0,56.0,-8.0,15.0,28.0,-8.0,0.3
teksturirani papir 300 g,200 dot,326,72.0,52.0,100.0,88.0,13.0,63.0,-2.0,13.0,10.0,-2.0,0.47
teksturirani papir 300 g,200 dot,327,72.0,100.0,100.0,88.0,11.0,90.0,1.0,12.0,47.0,1.0,0.4
teksturirani papir 300 g,200 dot,328,100.0,0.0,100.0,88.0,14.0,21.0,-8.0,14.0,44.0,-9.0,0.53
teksturirani papir 300 g,200 dot,329,100.0,52.0,100.0,88.0,10.0,92.0,-2.0,11.0,59.0,-3.0,1.0
teksturirani papir 300 g,200 dot,330,100.0,100.0,100.0,88.0,12.0,89.0,-0.0,12.0,30.0,-0.0,0.56
teksturirani papir 300 g,200 dot,331,0.0,0.0,0.0,100.0,15.0,15.0,-0.0,13.0,87.0,-0.0,0.84
teksturirani papir 300 g,200 dot,332,0.0,52.0,0.0,100.0,11.0,45.0,2.0,11.0,11.0,2.0,0.5
teksturirani papir 300 g,200 dot,333,0.0,100.0,0.0,100.0,11.0,34.0,4.0,10.0,86.0,4.0,0.59
teksturirani papir 300 g,200 dot,334,52.0,0.0,0.0,100.0,11.0,17.0,-0.0,11.0,22.0,-0.0,0.34
teksturirani papir 300 g,200 dot,335,52.0,52.0,0.0,100.0,10.0,79.0,1.0,10.0,33.0,1.0,0.61
teksturirani papir 300 g,200 dot,336,52.0,100.0,0.0,100.0,10.0,24.0,3.0,10.0,82.0,3.0,0.56
teksturirani papir 300 g,200 dot,337,100.0,0.0,0.0,100.0,12.0,39.0,-1.0,13.0,26.0,-2.0,1.18
teksturirani papir 300 g,200 dot,338,100.0,52.0,0.0,100.0,11.0,33.0,0.0,11.0,34.0,0.0,0.24
teksturirani papir 300 g,200 dot,339,100.0,100.0,0.0,100.0,10.0,98.0,2.0,10.0,57.0,2.0,0.42
teksturirani papir 300 g,200 dot,340,0.0,0.0,52.0,100.0,14.0,19.0,-1.0,12.0,39.0,-1.0,1.17
teksturirani papir 300 g,200 dot,341,0.0,52.0,52.0,100.0,12.0,55.0,1.0,11.0,72.0,1.0,0.57
teksturirani papir 300 g,200 dot,342,0.0,100.0,52.0,100.0,10.0,92.0,2.0,11.0,19.0,3.0,0.69
teksturirani papir 300 g,200 dot,343,52.0,0.0,52.0,100.0,11.0,59.0,-1.0,12.0,20.0,-2.0,0.72
teksturirani papir 300 g,200 dot,344,52.0,52.0,52.0,100.0,12.0,58.0,0.0,12.0,93.0,0.0,0.26
teksturirani papir 300 g,200 dot,345,52.0,100.0,52.0,100.0,11.0,51.0,1.0,11.0,12.0,1.0,0.41
teksturirani papir 300 g,200 dot,346,100.0,0.0,52.0,100.0,11.0,9.0,-2.0,10.0,75.0,-2.0,0.33
teksturirani papir 300 g,200 dot,347,100.0,52.0,52.0,100.0,11.0,49.0,-1.0,11.0,23.0,-1.0,0.22
teksturirani papir 300 g,200 dot,348,100.0,100.0,52.0,100.0,12.0,21.0,0.0,11.0,21.0,0.0,0.78
teksturirani papir 300 g,200 dot,349,0.0,0.0,100.0,100.0,13.0,84.0,-2.0,12.0,65.0,-2.0,0.85
teksturirani papir 300 g,200 dot,350,0.0,52.0,100.0,100.0,13.0,75.0,0.0,12.0,39.0,0.0,0.89
teksturirani papir 300 g,200 dot,351,0.0,100.0,100.0,100.0,12.0,78.0,1.0,13.0,5.0,2.0,0.44
teksturirani papir 300 g,200 dot,352,52.0,0.0,100.0,100.0,12.0,96.0,-3.0,13.0,56.0,-3.0,0.52
teksturirani papir 300 g,200 dot,353,52.0,52.0,100.0,100.0,14.0,17.0,-0.0,12.0,95.0,-0.0,0.87
teksturirani papir 300 g,200 dot,354,52.0,100.0,100.0,100.0,12.0,89.0,0.0,12.0,46.0,0.0,0.35
teksturirani papir 300 g,200 dot,355,100.0,0.0,100.0,100.0,11.0,79.0,-4.0,11.0,93.0,-4.0,0.24
teksturirani papir 300 g,200 dot,356,100.0,52.0,100.0,100.0,10.0,75.0,-1.0,11.0,99.0,-2.0,0.99
teksturirani papir 300 g,200 dot,357,100.0,100.0,100.0,100.0,12.0,32.0,-0.0,12.0,72.0,-0.0,0.6
teksturirani papir 300 g,200 dot,358,5.0,0.0,0.0,0.0,83.0,89.0,0.0,83.0,86.0,0.0,0.67
teksturirani papir 300 g,200 dot,359,28.0,0.0,0.0,0.0,75.0,87.0,-8.0,75.0,18.0,-9.0,0.91
teksturirani papir 300 g,200 dot,360,95.0,0.0,0.0,0.0,50.0,5.0,-35.0,49.0,32.0,-35.0,0.76
teksturirani papir 300 g,200 dot,361,0.0,4.0,0.0,0.0,84.0,26.0,2.0,84.0,95.0,2.0,0.53
teksturirani papir 300 g,200 dot,362,0.0,11.0,0.0,0.0,80.0,98.0,3.0,81.0,96.0,3.0,0.76
teksturirani papir 300 g,200 dot,363,0.0,93.0,0.0,0.0,46.0,50.0,54.0,45.0,62.0,55.0,0.93
teksturirani papir 300 g,200 dot,364,0.0,0.0,4.0,0.0,85.0,32.0,2.0,84.0,27.0,2.0,0.73
teksturirani papir 300 g,200 dot,365,0.0,0.0,11.0,0.0,85.0,14.0,1.0,84.0,31.0,1.0,0.91
teksturirani papir 300 g,200 dot,366,0.0,0.0,93.0,0.0,82.0,15.0,-0.0,82.0,17.0,-0.0,0.43
teksturirani papir 300 g,200 dot,367,0.0,0.0,0.0,4.0,80.0,66.0,1.0,79.0,67.0,1.0,0.72
teksturirani papir 300 g,200 dot,368,0.0,0.0,0.0,13.0,72.0,68.0,1.0,71.0,97.0,1.0,0.55
teksturirani papir 300 g,200 dot,369,0.0,0.0,0.0,95.0,15.0,78.0,-0.0,16.0,84.0,-0.0,0.81
teksturirani papir 300 g,200 dot,370,9.0,7.0,7.0,0.0,77.0,80.0,0.0,77.0,13.0,1.0,0.6
teksturirani papir 300 g,200 dot,371,19.0,15.0,15.0,0.0,67.0,24.0,0.0,66.0,75.0,0.0,0.43
teksturirani papir 300 g,200 dot,372,29.0,23.0,23.0,0.0,58.0,14.0,0.0,58.0,64.0,0.0,0.53
teksturirani papir 300 g,200 dot,373,39.0,31.0,31.0,0.0,48.0,89.0,-0.0,48.0,68.0,-0.0,0.24
teksturirani papir 300 g,200 dot,374,49.0,39.0,39.0,4.0,39.0,3.0,-0.0,38.0,37.0,-0.0,0.69
teksturirani papir 300 g,200 dot,375,59.0,47.0,47.0,16.0,29.0,62.0,-1.0,30.0,30.0,-1.0,0.55
teksturirani papir 300 g,200 dot,376,69.0,55.0,55.0,31.0,24.0,92.0,-1.0,25.0,6.0,-1.0,0.19
teksturirani papir 300 g,200 dot,377,79.0,63.0,63.0,48.0,19.0,99.0,-2.0,18.0,33.0,-2.0,1.15
teksturirani papir 300 g,200 dot,378,89.0,71.0,71.0,72.0,15.0,21.0,-1.0,14.0,12.0,-1.0,0.75
teksturirani papir 300 g,200 dot,379,99.0,79.0,79.0,100.0,13.0,60.0,-0.0,13.0,66.0,-0.0,0.2
teksturirani papir 300 g,200 dot,380,9.0,7.0,7.0,0.0,77.0,50.0,1.0,76.0,85.0,1.0,0.49
teksturirani papir 300 g,200 dot,381,18.0,14.0,14.0,0.0,69.0,68.0,0.0,67.0,91.0,0.0,1.41
teksturirani papir 300 g,200 dot,382,27.0,21.0,21.0,0.0,60.0,54.0,0.0,59.0,70.0,0.0,0.76
teksturirani papir 300 g,200 dot,383,36.0,29.0,29.0,0.0,52.0,69.0,-0.0,52.0,4.0,-0.0,0.66
teksturirani papir 300 g,200 dot,384,45.0,36.0,36.0,0.0,44.0,54.0,-0.0,43.0,49.0,-0.0,1.0
teksturirani papir 300 g,200 dot,385,54.0,43.0,43.0,0.0,37.0,40.0,-0.0,36.0,56.0,-0.0,0.74
teksturirani papir 300 g,200 dot,386,63.0,50.0,50.0,0.0,32.0,87.0,-1.0,32.0,76.0,-1.0,0.26
teksturirani papir 300 g,200 dot,387,72.0,58.0,58.0,0.0,28.0,41.0,-2.0,29.0,3.0,-2.0,0.59
teksturirani papir 300 g,200 dot,388,81.0,65.0,65.0,2.0,24.0,86.0,-3.0,24.0,94.0,-3.0,0.31
teksturirani papir 300 g,200 dot,389,90.0,72.0,72.0,49.0,17.0,25.0,-3.0,16.0,47.0,-3.0,0.68
teksturirani papir 300 g,200 dot,390,24.0,19.0,19.0,11.0,55.0,39.0,0.0,55.0,93.0,0.0,0.53
teksturirani papir 300 g,200 dot,391,49.0,39.0,39.0,30.0,30.0,99.0,-0.0,30.0,95.0,-0.0,0.13
teksturirani papir 300 g,200 dot,392,74.0,59.0,59.0,59.0,19.0,52.0,-1.0,18.0,3.0,-1.0,1.02
teksturirani papir 300 g,200 dot,393,28.0,0.0,0.0,0.0,76.0,29.0,-8.0,75.0,11.0,-9.0,1.11
teksturirani papir 300 g,200 dot,394,64.0,0.0,0.0,0.0,59.0,50.0,-26.0,58.0,0.0,-27.0,1.42
teksturirani papir 300 g,200 dot,395,0.0,21.0,0.0,0.0,79.0,67.0,7.0,79.0,2.0,7.0,0.55
teksturirani papir 300 g,200 dot,396,0.0,52.0,0.0,0.0,66.0,41.0,23.0,64.0,31.0,25.0,2.01
teksturirani papir 300 g,200 dot,397,0.0,0.0,21.0,0.0,85.0,0.0,0.0,83.0,98.0,1.0,0.8
teksturirani papir 300 g,200 dot,398,0.0,0.0,52.0,0.0,84.0,5.0,-0.0,83.0,15.0,-0.0,0.99
teksturirani papir 300 g,200 dot,399,0.0,0.0,0.0,25.0,62.0,44.0,0.0,61.0,55.0,0.0,0.8
teksturirani papir 300 g,200 dot,400,0.0,0.0,0.0,60.0,34.0,59.0,-0.0,34.0,3.0,-0.0,0.48
teksturirani papir 300 g,200 line,1,0.0,0.0,0.0,0.0,85.0,75.0,2.0,85.0,31.0,2.0,0.32
teksturirani papir 300 g,200 line,2,0.0,21.0,0.0,0.0,76.0,84.0,9.0,78.0,97.0,7.0,2.55
teksturirani papir 300 g,200 line,3,0.0,52.0,0.0,0.0,64.0,0.0,25.0,65.0,68.0,22.0,1.88
teksturirani papir 300 g,200 line,4,0.0,81.0,0.0,0.0,53.0,84.0,41.0,55.0,32.0,39.0,1.88
teksturirani papir 300 g,200 line,5,0.0,100.0,0.0,0.0,45.0,70.0,57.0,45.0,37.0,57.0,0.52
teksturirani papir 300 g,200 line,6,16.0,0.0,0.0,0.0,79.0,94.0,-3.0,79.0,75.0,-3.0,0.15
teksturirani papir 300 g,200 line,7,16.0,21.0,0.0,0.0,72.0,60.0,3.0,74.0,51.0,2.0,2.47
teksturirani papir 300 g,200 line,8,16.0,52.0,0.0,0.0,60.0,35.0,19.0,59.0,50.0,18.0,1.29
teksturirani papir 300 g,200 line,9,16.0,81.0,0.0,0.0,48.0,78.0,34.0,49.0,84.0,32.0,1.45
teksturirani papir 300 g,200 line,10,16.0,100.0,0.0,0.0,41.0,76.0,49.0,39.0,53.0,51.0,2.1
teksturirani papir 300 g,200 line,11,39.0,0.0,0.0,0.0,70.0,60.0,-12.0,69.0,87.0,-13.0,1.41
teksturirani papir 300 g,200 line,12,39.0,21.0,0.0,0.0,64.0,12.0,-4.0,65.0,50.0,-7.0,3.08
teksturirani papir 300 g,200 line,13,39.0,52.0,0.0,0.0,52.0,50.0,9.0,53.0,11.0,6.0,3.3
teksturirani papir 300 g,200 line,14,39.0,81.0,0.0,0.0,42.0,41.0,25.0,43.0,26.0,20.0,2.92
teksturirani papir 300 g,200 line,15,39.0,100.0,0.0,0.0,36.0,66.0,38.0,35.0,34.0,37.0,1.55
teksturirani papir 300 g,200 line,16,64.0,0.0,0.0,0.0,61.0,85.0,-22.0,62.0,6.0,-22.0,0.22
teksturirani papir 300 g,200 line,17,64.0,21.0,0.0,0.0,55.0,46.0,-15.0,56.0,94.0,-15.0,1.56
teksturirani papir 300 g,200 line,18,64.0,52.0,0.0,0.0,47.0,9.0,-2.0,47.0,30.0,-2.0,0.28
teksturirani papir 300 g,200 line,19,64.0,81.0,0.0,0.0,37.0,80.0,11.0,38.0,51.0,10.0,0.89
teksturirani papir 300 g,200 line,20,64.0,100.0,0.0,0.0,32.0,37.0,22.0,31.0,63.0,25.0,1.9
teksturirani papir 300 g,200 line,21,85.0,0.0,0.0,0.0,55.0,14.0,-30.0,55.0,0.0,-30.0,0.48
teksturirani papir 300 g,200 line,22,85.0,21.0,0.0,0.0,49.0,48.0,-24.0,49.0,48.0,-26.0,0.81
teksturirani papir 300 g,200 line,23,85.0,52.0,0.0,0.0,40.0,48.0,-11.0,41.0,18.0,-13.0,1.34
teksturirani papir 300 g,200 line,24,85.0,81.0,0.0,0.0,33.0,3.0,2.0,34.0,19.0,-0.0,2.12
teksturirani papir 300 g,200 line,25,85.0,100.0,0.0,0.0,28.0,40.0,10.0,27.0,60.0,12.0,0.86
teksturirani papir 300 g,200 line,26,100.0,0.0,0.0,0.0,48.0,31.0,-36.0,48.0,30.0,-35.0,0.68
teksturirani papir 300 g,200 line,27,100.0,21.0,0.0,0.0,42.0,7.0,-30.0,43.0,46.0,-30.0,1.29
teksturirani papir 300 g,200 line,28,100.0,52.0,0.0,0.0,35.0,65.0,-17.0,36.0,22.0,-18.0,0.64
teksturirani papir 300 g,200 line,29,100.0,81.0,0.0,0.0,29.0,27.0,-4.0,30.0,68.0,-6.0,2.2
teksturirani papir 300 g,200 line,30,100.0,100.0,0.0,0.0,25.0,3.0,5.0,24.0,71.0,5.0,0.66
teksturirani papir 300 g,200 line,31,0.0,0.0,21.0,0.0,84.0,7.0,0.0,83.0,68.0,0.0,1.0
teksturirani papir 300 g,200 line,32,0.0,21.0,21.0,0.0,76.0,0.0,8.0,76.0,81.0,6.0,2.81
teksturirani papir 300 g,200 line,33,0.0,52.0,21.0,0.0,64.0,77.0,24.0,64.0,68.0,23.0,2.11
teksturirani papir 300 g,200 line,34,0.0,81.0,21.0,0.0,53.0,59.0,42.0,54.0,32.0,39.0,2.06
teksturirani papir 300 g,200 line,35,0.0,100.0,21.0,0.0,45.0,4.0,57.0,44.0,42.0,57.0,1.19
teksturirani papir 300 g,200 line,36,16.0,0.0,21.0,0.0,78.0,67.0,-4.0,77.0,41.0,-4.0,1.14
teksturirani papir 300 g,200 line,37,16.0,21.0,21.0,0.0,65.0,82.0,3.0,67.0,2.0,2.0,2.1
teksturirani papir 300 g,200 line,38,16.0,52.0,21.0,0.0,54.0,75.0,17.0,55.0,39.0,17.0,1.36
teksturirani papir 300 g,200 line,39,16.0,81.0,21.0,0.0,45.0,87.0,34.0,47.0,71.0,32.0,2.4
teksturirani papir 300 g,200 line,40,16.0,100.0,21.0,0.0,39.0,77.0,48.0,40.0,89.0,48.0,1.53
teksturirani papir 300 g,200 line,41,39.0,0.0,21.0,0.0,68.0,91.0,-13.0,68.0,34.0,-14.0,1.39
teksturirani papir 300 g,200 line,42,39.0,21.0,21.0,0.0,57.0,10.0,-4.0,56.0,80.0,-4.0,0.96
teksturirani papir 300 g,200 line,43,39.0,52.0,21.0,0.0,47.0,37.0,10.0,46.0,74.0,10.0,0.92
teksturirani papir 300 g,200 line,44,39.0,81.0,21.0,0.0,39.0,48.0,25.0,39.0,23.0,23.0,1.1
teksturirani papir 300 g,200 line,45,39.0,100.0,21.0,0.0,35.0,19.0,36.0,33.0,87.0,37.0,1.15
teksturirani papir 300 g,200 line,46,64.0,0.0,21.0,0.0,58.0,71.0,-26.0,60.0,12.0,-24.0,2.01
teksturirani papir 300 g,200 line,47,64.0,21.0,21.0,0.0,49.0,49.0,-16.0,49.0,86.0,-15.0,0.75
teksturirani papir 300 g,200 line,48,64.0,52.0,21.0,0.0,40.0,46.0,-1.0,39.0,86.0,-1.0,0.8
teksturirani papir 300 g,200 line,49,64.0,81.0,21.0,0.0,33.0,61.0,11.0,33.0,68.0,9.0,1.85
teksturirani papir 300 g,200 line,50,64.0,100.0,21.0,0.0,29.0,26.0,21.0,27.0,51.0,21.0,1.34
teksturirani papir 300 g,200 line,51,85.0,0.0,21.0,0.0,53.0,5.0,-35.0,52.0,24.0,-36.0,1.29
teksturirani papir 300 g,200 line,52,85.0,21.0,21.0,0.0,43.0,31.0,-25.0,43.0,46.0,-25.0,0.23
teksturirani papir 300 g,200 line,53,85.0,52.0,21.0,0.0,33.0,93.0,-10.0,35.0,33.0,-10.0,1.17
teksturirani papir 300 g,200 line,54,85.0,81.0,21.0,0.0,28.0,0.0,2.0,29.0,39.0,1.0,1.67
teksturirani papir 300 g,200 line,55,85.0,100.0,21.0,0.0,24.0,54.0,10.0,25.0,42.0,10.0,1.04
teksturirani papir 300 g,200 line,56,100.0,0.0,21.0,0.0,46.0,51.0,-42.0,45.0,80.0,-43.0,1.29
teksturirani papir 300 g,200 line,57,100.0,21.0,21.0,0.0,40.0,68.0,-32.0,40.0,75.0,-33.0,0.29
teksturirani papir 300 g,200 line,58,100.0,52.0,21.0,0.0,32.0,63.0,-16.0,32.0,71.0,-17.0,0.43
teksturirani papir 300 g,200 line,59,100.0,81.0,21.0,0.0,25.0,59.0,-3.0,27.0,33.0,-6.0,2.25
teksturirani papir 300 g,200 line,60,100.0,100.0,21.0,0.0,23.0,42.0,2.0,24.0,59.0,0.0,1.77
teksturirani papir 300 g,200 line,61,0.0,0.0,52.0,0.0,82.0,41.0,0.0,82.0,28.0,-0.0,0.25
teksturirani papir 300 g,200 line,62,0.0,21.0,52.0,0.0,75.0,29.0,8.0,75.0,95.0,7.0,0.99
teksturirani papir 300 g,200 line,63,0.0,52.0,52.0,0.0,63.0,67.0,24.0,63.0,72.0,23.0,0.53
teksturirani papir 300 g,200 line,64,0.0,81.0,52.0,0.0,52.0,73.0,42.0,52.0,55.0,41.0,0.56
teksturirani papir 300 g,200 line,65,0.0,100.0,52.0,0.0,43.0,90.0,55.0,43.0,10.0,57.0,0.84
teksturirani papir 300 g,200 line,66,16.0,0.0,52.0,0.0,75.0,39.0,-4.0,74.0,42.0,-5.0,1.22
teksturirani papir 300 g,200 line,67,16.0,21.0,52.0,0.0,64.0,85.0,3.0,66.0,16.0,2.0,1.43
teksturirani papir 300 g,200 line,68,16.0,52.0,52.0,0.0,54.0,55.0,17.0,56.0,80.0,16.0,2.74
teksturirani papir 300 g,200 line,69,16.0,81.0,52.0,0.0,44.0,94.0,33.0,48.0,3.0,31.0,3.38
teksturirani papir 300 g,200 line,70,16.0,100.0,52.0,0.0,38.0,0.0,48.0,39.0,42.0,48.0,1.23
teksturirani papir 300 g,200 line,71,39.0,0.0,52.0,0.0,66.0,1.0,-14.0,65.0,9.0,-16.0,1.86
teksturirani papir 300 g,200 line,72,39.0,21.0,52.0,0.0,54.0,41.0,-4.0,54.0,79.0,-5.0,1.24
teksturirani papir 300 g,200 line,73,39.0,52.0,52.0,0.0,44.0,93.0,9.0,45.0,49.0,9.0,1.39
teksturirani papir 300 g,200 line,74,39.0,81.0,52.0,0.0,37.0,17.0,23.0,39.0,32.0,21.0,3.09
teksturirani papir 300 g,200 line,75,39.0,100.0,52.0,0.0,33.0,62.0,34.0,34.0,17.0,34.0,0.78
teksturirani papir 300 g,200 line,76,64.0,0.0,52.0,0.0,56.0,82.0,-29.0,57.0,59.0,-26.0,2.06
teksturirani papir 300 g,200 line,77,64.0,21.0,52.0,0.0,48.0,33.0,-17.0,46.0,88.0,-18.0,2.66
teksturirani papir 300 g,200 line,78,64.0,52.0,52.0,0.0,33.0,12.0,-1.0,34.0,26.0,-1.0,1.09
teksturirani papir 300 g,200 line,79,64.0,81.0,52.0,0.0,27.0,33.0,10.0,30.0,32.0,10.0,2.29
teksturirani papir 300 g,200 line,80,64.0,100.0,52.0,0.0,24.0,83.0,18.0,27.0,36.0,18.0,1.87
teksturirani papir 300 g,200 line,81,85.0,0.0,52.0,0.0,50.0,32.0,-39.0,49.0,86.0,-39.0,0.53
teksturirani papir 300 g,200 line,82,85.0,21.0,52.0,0.0,41.0,91.0,-28.0,42.0,63.0,-28.0,1.22
teksturirani papir 300 g,200 line,83,85.0,52.0,52.0,0.0,29.0,93.0,-11.0,32.0,86.0,-12.0,2.5
teksturirani papir 300 g,200 line,84,85.0,81.0,52.0,0.0,23.0,45.0,1.0,23.0,91.0,0.0,1.52
teksturirani papir 300 g,200 line,85,85.0,100.0,52.0,0.0,21.0,91.0,6.0,22.0,86.0,5.0,1.16
teksturirani papir 300 g,200 line,86,100.0,0.0,52.0,0.0,45.0,12.0,-47.0,44.0,4.0,-47.0,1.32
teksturirani papir 300 g,200 line,87,100.0,21.0,52.0,0.0,39.0,98.0,-36.0,38.0,99.0,-37.0,1.18
teksturirani papir 300 g,200 line,88,100.0,52.0,52.0,0.0,28.0,58.0,-19.0,29.0,90.0,-20.0,1.34
teksturirani papir 300 g,200 line,89,100.0,81.0,52.0,0.0,21.0,62.0,-3.0,21.0,93.0,-3.0,0.32
teksturirani papir 300 g,200 line,90,100.0,100.0,52.0,0.0,19.0,77.0,0.0,20.0,75.0,0.0,0.86
teksturirani papir 300 g,200 line,91,0.0,0.0,81.0,0.0,81.0,27.0,0.0,80.0,77.0,-0.0,0.74
teksturirani papir 300 g,200 line,92,0.0,21.0,81.0,0.0,73.0,66.0,9.0,74.0,91.0,8.0,1.73
teksturirani papir 300 g,200 line,93,0.0,52.0,81.0,0.0,61.0,42.0,25.0,62.0,42.0,24.0,1.31
teksturirani papir 300 g,200 line,94,0.0,81.0,81.0,0.0,50.0,83.0,43.0,51.0,67.0,41.0,0.99
teksturirani papir 300 g,200 line,95,0.0,100.0,81.0,0.0,43.0,75.0,57.0,43.0,1.0,57.0,1.44
teksturirani papir 300 g,200 line,96,16.0,0.0,81.0,0.0,73.0,99.0,-5.0,74.0,56.0,-5.0,0.87
teksturirani papir 300 g,200 line,97,16.0,21.0,81.0,0.0,63.0,77.0,3.0,66.0,4.0,2.0,2.0
teksturirani papir 300 g,200 line,98,16.0,52.0,81.0,0.0,53.0,15.0,18.0,54.0,69.0,17.0,1.53
teksturirani papir 300 g,200 line,99,16.0,81.0,81.0,0.0,44.0,64.0,34.0,45.0,97.0,33.0,1.96
teksturirani papir 300 g,200 line,100,16.0,100.0,81.0,0.0,38.0,50.0,48.0,39.0,47.0,49.0,2.37
teksturirani papir 300 g,200 line,101,39.0,0.0,81.0,0.0,66.0,31.0,-14.0,64.0,87.0,-16.0,2.85
teksturirani papir 300 g,200 line,102,39.0,21.0,81.0,0.0,54.0,16.0,-5.0,54.0,34.0,-5.0,1.44
teksturirani papir 300 g,200 line,103,39.0,52.0,81.0,0.0,44.0,13.0,8.0,43.0,84.0,9.0,1.1
teksturirani papir 300 g,200 line,104,39.0,81.0,81.0,0.0,36.0,56.0,22.0,37.0,95.0,21.0,1.35
teksturirani papir 300 g,200 line,105,39.0,100.0,81.0,0.0,33.0,36.0,33.0,33.0,32.0,33.0,1.1
teksturirani papir 300 g,200 line,106,64.0,0.0,81.0,0.0,55.0,48.0,-30.0,55.0,33.0,-29.0,1.19
teksturirani papir 300 g,200 line,107,64.0,21.0,81.0,0.0,45.0,62.0,-20.0,46.0,59.0,-19.0,1.96
teksturirani papir 300 g,200 line,108,64.0,52.0,81.0,0.0,34.0,46.0,-2.0,36.0,85.0,-3.0,2.37
teksturirani papir 300 g,200 line,109,64.0,81.0,81.0,0.0,27.0,11.0,10.0,30.0,21.0,10.0,2.53
teksturirani papir 300 g,200 line,110,64.0,100.0,81.0,0.0,24.0,82.0,17.0,27.0,42.0,17.0,2.37
teksturirani papir 300 g,200 line,111,85.0,0.0,81.0,0.0,48.0,3.0,-42.0,48.0,98.0,-41.0,2.63
teksturirani papir 300 g,200 line,112,85.0,21.0,81.0,0.0,41.0,76.0,-31.0,42.0,67.0,-31.0,2.17
teksturirani papir 300 g,200 line,113,85.0,52.0,81.0,0.0,30.0,33.0,-13.0,30.0,51.0,-14.0,0.66
teksturirani papir 300 g,200 line,114,85.0,81.0,81.0,0.0,21.0,56.0,0.0,23.0,29.0,-0.0,1.55
teksturirani papir 300 g,200 line,115,85.0,100.0,81.0,0.0,19.0,90.0,6.0,21.0,8.0,6.0,0.97
teksturirani papir 300 g,200 line,116,100.0,0.0,81.0,0.0,43.0,72.0,-52.0,44.0,35.0,-50.0,2.82
teksturirani papir 300 g,200 line,117,100.0,21.0,81.0,0.0,38.0,68.0,-40.0,38.0,86.0,-40.0,2.28
teksturirani papir 300 g,200 line,118,100.0,52.0,81.0,0.0,28.0,1.0,-21.0,28.0,92.0,-21.0,0.73
teksturirani papir 300 g,200 line,119,100.0,81.0,81.0,0.0,19.0,66.0,-5.0,19.0,57.0,-5.0,1.1
teksturirani papir 300 g,200 line,120,100.0,100.0,81.0,0.0,17.0,0.0,0.0,19.0,51.0,-0.0,2.02
teksturirani papir 300 g,200 line,121,0.0,0.0,100.0,0.0,80.0,40.0,0.0,81.0,8.0,-0.0,0.58
teksturirani papir 300 g,200 line,122,0.0,21.0,100.0,0.0,73.0,39.0,9.0,73.0,58.0,8.0,0.62
teksturirani papir 300 g,200 line,123,0.0,52.0,100.0,0.0,60.0,59.0,26.0,61.0,58.0,25.0,1.45
teksturirani papir 300 g,200 line,124,0.0,81.0,100.0,0.0,49.0,36.0,45.0,51.0,24.0,43.0,2.39
teksturirani papir 300 g,200 line,125,0.0,100.0,100.0,0.0,42.0,53.0,57.0,42.0,89.0,56.0,0.81
teksturirani papir 300 g,200 line,126,16.0,0.0,100.0,0.0,73.0,74.0,-4.0,73.0,43.0,-5.0,0.62
teksturirani papir 300 g,200 line,127,16.0,21.0,100.0,0.0,64.0,12.0,3.0,64.0,71.0,2.0,0.54
teksturirani papir 300 g,200 line,128,16.0,52.0,100.0,0.0,53.0,57.0,18.0,54.0,32.0,17.0,0.77
teksturirani papir 300 g,200 line,129,16.0,81.0,100.0,0.0,45.0,24.0,34.0,46.0,19.0,33.0,1.08
teksturirani papir 300 g,200 line,130,16.0,100.0,100.0,0.0,39.0,30.0,46.0,38.0,93.0,47.0,1.27
teksturirani papir 300 g,200 line,131,39.0,0.0,100.0,0.0,66.0,6.0,-14.0,64.0,73.0,-16.0,1.84
teksturirani papir 300 g,200 line,132,39.0,21.0,100.0,0.0,54.0,34.0,-5.0,54.0,44.0,-5.0,0.5
teksturirani papir 300 g,200 line,133,39.0,52.0,100.0,0.0,43.0,76.0,8.0,43.0,71.0,9.0,0.71
teksturirani papir 300 g,200 line,134,39.0,81.0,100.0,0.0,36.0,83.0,22.0,37.0,86.0,20.0,1.33
teksturirani papir 300 g,200 line,135,39.0,100.0,100.0,0.0,33.0,47.0,32.0,33.0,62.0,34.0,1.66
teksturirani papir 300 g,200 line,136,64.0,0.0,100.0,0.0,54.0,18.0,-31.0,54.0,56.0,-29.0,0.61
teksturirani papir 300 g,200 line,137,64.0,21.0,100.0,0.0,45.0,53.0,-19.0,45.0,86.0,-19.0,0.82
teksturirani papir 300 g,200 line,138,64.0,52.0,100.0,0.0,33.0,11.0,-2.0,36.0,52.0,-3.0,2.83
teksturirani papir 300 g,200 line,139,64.0,81.0,100.0,0.0,26.0,85.0,8.0,29.0,86.0,8.0,2.45
teksturirani papir 300 g,200 line,140,64.0,100.0,100.0,0.0,24.0,48.0,16.0,26.0,67.0,16.0,2.06
teksturirani papir 300 g,200 line,141,85.0,0.0,100.0,0.0,48.0,40.0,-43.0,47.0,77.0,-43.0,1.52
teksturirani papir 300 g,200 line,142,85.0,21.0,100.0,0.0,41.0,11.0,-32.0,41.0,54.0,-32.0,1.29
teksturirani papir 300 g,200 line,143,85.0,52.0,100.0,0.0,29.0,65.0,-15.0,32.0,10.0,-14.0,1.99
teksturirani papir 300 g,200 line,144,85.0,81.0,100.0,0.0,23.0,28.0,-0.0,24.0,23.0,-0.0,1.22
teksturirani papir 300 g,200 line,145,85.0,100.0,100.0,0.0,21.0,12.0,5.0,21.0,14.0,5.0,1.16
teksturirani papir 300 g,200 line,146,100.0,0.0,100.0,0.0,43.0,13.0,-53.0,43.0,62.0,-52.0,1.29
teksturirani papir 300 g,200 line,147,100.0,21.0,100.0,0.0,38.0,89.0,-42.0,38.0,9.0,-42.0,1.16
teksturirani papir 300 g,200 line,148,100.0,52.0,100.0,0.0,28.0,46.0,-23.0,29.0,12.0,-23.0,1.53
teksturirani papir 300 g,200 line,149,100.0,81.0,100.0,0.0,19.0,59.0,-6.0,21.0,32.0,-7.0,1.69
teksturirani papir 300 g,200 line,150,100.0,100.0,100.0,0.0,17.0,21.0,-0.0,16.0,69.0,-0.0,0.47
teksturirani papir 300 g,200 line,151,0.0,0.0,0.0,25.0,63.0,83.0,0.0,64.0,1.0,0.0,0.4
teksturirani papir 300 g,200 line,152,0.0,31.0,0.0,25.0,55.0,96.0,10.0,56.0,78.0,10.0,1.27
teksturirani papir 300 g,200 line,153,0.0,72.0,0.0,25.0,42.0,66.0,29.0,45.0,54.0,26.0,3.27
teksturirani papir 300 g,200 line,154,0.0,100.0,0.0,25.0,35.0,28.0,45.0,34.0,89.0,46.0,0.45
teksturirani papir 300 g,200 line,155,21.0,0.0,0.0,25.0,61.0,26.0,-5.0,60.0,87.0,-6.0,1.81
teksturirani papir 300 g,200 line,156,21.0,31.0,0.0,25.0,52.0,3.0,4.0,51.0,97.0,3.0,1.05
teksturirani papir 300 g,200 line,157,21.0,72.0,0.0,25.0,39.0,74.0,23.0,40.0,29.0,20.0,1.68
teksturirani papir 300 g,200 line,158,21.0,100.0,0.0,25.0,31.0,59.0,39.0,31.0,49.0,38.0,0.23
teksturirani papir 300 g,200 line,159,52.0,0.0,0.0,25.0,51.0,38.0,-14.0,51.0,81.0,-14.0,0.59
teksturirani papir 300 g,200 line,160,52.0,31.0,0.0,25.0,44.0,69.0,-5.0,43.0,70.0,-4.0,1.38
teksturirani papir 300 g,200 line,161,52.0,72.0,0.0,25.0,33.0,53.0,11.0,33.0,63.0,8.0,2.03
teksturirani papir 300 g,200 line,162,52.0,100.0,0.0,25.0,26.0,53.0,25.0,25.0,42.0,26.0,0.86
teksturirani papir 300 g,200 line,163,81.0,0.0,0.0,25.0,43.0,76.0,-24.0,44.0,37.0,-24.0,0.61
teksturirani papir 300 g,200 line,164,81.0,31.0,0.0,25.0,36.0,96.0,-14.0,37.0,25.0,-14.0,0.3
teksturirani papir 300 g,200 line,165,81.0,72.0,0.0,25.0,26.0,65.0,1.0,29.0,20.0,-0.0,2.47
teksturirani papir 300 g,200 line,166,81.0,100.0,0.0,25.0,21.0,65.0,12.0,22.0,18.0,13.0,0.53
teksturirani papir 300 g,200 line,167,100.0,0.0,0.0,25.0,39.0,40.0,-32.0,40.0,32.0,-32.0,0.84
teksturirani papir 300 g,200 line,168,100.0,31.0,0.0,25.0,33.0,58.0,-20.0,33.0,1.0,-21.0,0.68
teksturirani papir 300 g,200 line,169,100.0,72.0,0.0,25.0,25.0,30.0,-4.0,25.0,87.0,-7.0,1.83
teksturirani papir 300 g,200 line,170,100.0,100.0,0.0,25.0,19.0,80.0,5.0,19.0,81.0,4.0,0.76
teksturirani papir 300 g,200 line,171,0.0,0.0,31.0,25.0,64.0,88.0,-0.0,64.0,2.0,-1.0,1.7
teksturirani papir 300 g,200 line,172,0.0,31.0,31.0,25.0,55.0,57.0,9.0,55.0,52.0,9.0,1.01
teksturirani papir 300 g,200 line,173,0.0,72.0,31.0,25.0,42.0,84.0,29.0,44.0,56.0,25.0,3.08
teksturirani papir 300 g,200 line,174,0.0,100.0,31.0,25.0,34.0,61.0,44.0,35.0,13.0,44.0,0.5
teksturirani papir 300 g,200 line,175,21.0,0.0,31.0,25.0,57.0,84.0,-6.0,57.0,46.0,-6.0,2.21
teksturirani papir 300 g,200 line,176,21.0,31.0,31.0,25.0,46.0,89.0,4.0,48.0,45.0,3.0,2.61
teksturirani papir 300 g,200 line,177,21.0,72.0,31.0,25.0,37.0,7.0,21.0,39.0,45.0,19.0,3.11
teksturirani papir 300 g,200 line,178,21.0,100.0,31.0,25.0,30.0,65.0,35.0,30.0,89.0,36.0,1.15
teksturirani papir 300 g,200 line,179,52.0,0.0,31.0,25.0,49.0,75.0,-16.0,49.0,18.0,-16.0,1.62
teksturirani papir 300 g,200 line,180,52.0,31.0,31.0,25.0,38.0,73.0,-4.0,39.0,92.0,-6.0,2.07
teksturirani papir 300 g,200 line,181,52.0,72.0,31.0,25.0,28.0,40.0,11.0,30.0,61.0,11.0,1.8
teksturirani papir 300 g,200 line,182,52.0,100.0,31.0,25.0,23.0,41.0,21.0,24.0,69.0,22.0,1.05
teksturirani papir 300 g,200 line,183,81.0,0.0,31.0,25.0,41.0,95.0,-27.0,40.0,87.0,-28.0,1.72
teksturirani papir 300 g,200 line,184,81.0,31.0,31.0,25.0,32.0,58.0,-15.0,32.0,80.0,-15.0,0.45
teksturirani papir 300 g,200 line,185,81.0,72.0,31.0,25.0,23.0,89.0,0.0,25.0,28.0,0.0,1.2
teksturirani papir 300 g,200 line,186,81.0,100.0,31.0,25.0,19.0,23.0,8.0,21.0,30.0,8.0,1.49
teksturirani papir 300 g,200 line,187,100.0,0.0,31.0,25.0,38.0,45.0,-34.0,37.0,72.0,-36.0,1.74
teksturirani papir 300 g,200 line,188,100.0,31.0,31.0,25.0,30.0,19.0,-22.0,30.0,73.0,-23.0,0.74
teksturirani papir 300 g,200 line,189,100.0,72.0,31.0,25.0,21.0,29.0,-4.0,21.0,8.0,-5.0,0.96
teksturirani papir 300 g,200 line,190,100.0,100.0,31.0,25.0,17.0,56.0,2.0,19.0,65.0,0.0,2.48
teksturirani papir 300 g,200 line,191,0.0,0.0,72.0,25.0,62.0,9.0,-0.0,62.0,61.0,-1.0,0.96
teksturirani papir 300 g,200 line,192,0.0,31.0,72.0,25.0,52.0,95.0,9.0,53.0,29.0,9.0,1.06
teksturirani papir 300 g,200 line,193,0.0,72.0,72.0,25.0,41.0,53.0,27.0,41.0,59.0,26.0,0.93
teksturirani papir 300 g,200 line,194,0.0,100.0,72.0,25.0,33.0,77.0,42.0,33.0,58.0,44.0,0.75
teksturirani papir 300 g,200 line,195,21.0,0.0,72.0,25.0,56.0,1.0,-5.0,55.0,54.0,-6.0,1.38
teksturirani papir 300 g,200 line,196,21.0,31.0,72.0,25.0,45.0,94.0,3.0,47.0,97.0,2.0,2.09
teksturirani papir 300 g,200 line,197,21.0,72.0,72.0,25.0,34.0,81.0,20.0,37.0,70.0,19.0,2.58
teksturirani papir 300 g,200 line,198,21.0,100.0,72.0,25.0,29.0,71.0,33.0,30.0,0.0,34.0,1.35
teksturirani papir 300 g,200 line,199,52.0,0.0,72.0,25.0,47.0,22.0,-18.0,47.0,23.0,-17.0,1.83
teksturirani papir 300 g,200 line,200,52.0,31.0,72.0,25.0,36.0,67.0,-5.0,39.0,49.0,-6.0,2.44
teksturirani papir 300 g,200 line,201,52.0,72.0,72.0,25.0,27.0,88.0,9.0,29.0,47.0,9.0,1.76
teksturirani papir 300 g,200 line,202,52.0,100.0,72.0,25.0,22.0,75.0,18.0,23.0,49.0,19.0,0.77
teksturirani papir 300 g,200 line,203,81.0,0.0,72.0,25.0,39.0,79.0,-31.0,39.0,26.0,-31.0,1.99
teksturirani papir 300 g,200 line,204,81.0,31.0,72.0,25.0,31.0,85.0,-17.0,32.0,24.0,-17.0,0.43
teksturirani papir 300 g,200 line,205,81.0,72.0,72.0,25.0,19.0,65.0,-0.0,21.0,46.0,-0.0,1.35
teksturirani papir 300 g,200 line,206,81.0,100.0,72.0,25.0,18.0,20.0,5.0,18.0,21.0,6.0,0.51
teksturirani papir 300 g,200 line,207,100.0,0.0,72.0,25.0,35.0,89.0,-40.0,35.0,83.0,-40.0,2.1
teksturirani papir 300 g,200 line,208,100.0,31.0,72.0,25.0,28.0,88.0,-25.0,29.0,51.0,-26.0,0.91
teksturirani papir 300 g,200 line,209,100.0,72.0,72.0,25.0,19.0,58.0,-6.0,20.0,67.0,-7.0,1.1
teksturirani papir 300 g,200 line,210,100.0,100.0,72.0,25.0,16.0,48.0,0.0,16.0,45.0,-0.0,0.94
teksturirani papir 300 g,200 line,211,0.0,0.0,100.0,25.0,61.0,29.0,-1.0,61.0,23.0,-1.0,0.09
teksturirani papir 300 g,200 line,212,0.0,31.0,100.0,25.0,53.0,31.0,9.0,53.0,93.0,9.0,0.62
teksturirani papir 300 g,200 line,213,0.0,72.0,100.0,25.0,41.0,43.0,28.0,42.0,41.0,25.0,1.79
teksturirani papir 300 g,200 line,214,0.0,100.0,100.0,25.0,33.0,98.0,42.0,33.0,87.0,43.0,0.67
teksturirani papir 300 g,200 line,215,21.0,0.0,100.0,25.0,55.0,82.0,-6.0,54.0,26.0,-6.0,1.56
teksturirani papir 300 g,200 line,216,21.0,31.0,100.0,25.0,47.0,7.0,2.0,47.0,22.0,2.0,0.18
teksturirani papir 300 g,200 line,217,21.0,72.0,100.0,25.0,36.0,59.0,21.0,36.0,90.0,19.0,1.61
teksturirani papir 300 g,200 line,218,21.0,100.0,100.0,25.0,29.0,45.0,34.0,28.0,79.0,35.0,0.85
teksturirani papir 300 g,200 line,219,52.0,0.0,100.0,25.0,45.0,91.0,-19.0,45.0,87.0,-19.0,0.7
teksturirani papir 300 g,200 line,220,52.0,31.0,100.0,25.0,36.0,30.0,-6.0,36.0,54.0,-8.0,0.86
teksturirani papir 300 g,200 line,221,52.0,72.0,100.0,25.0,26.0,5.0,8.0,29.0,16.0,8.0,2.35
teksturirani papir 300 g,200 line,222,52.0,100.0,100.0,25.0,22.0,83.0,18.0,24.0,70.0,18.0,1.38
teksturirani papir 300 g,200 line,223,81.0,0.0,100.0,25.0,39.0,14.0,-33.0,39.0,33.0,-32.0,1.13
teksturirani papir 300 g,200 line,224,81.0,31.0,100.0,25.0,31.0,33.0,-19.0,32.0,40.0,-20.0,1.19
teksturirani papir 300 g,200 line,225,81.0,72.0,100.0,25.0,21.0,73.0,-2.0,23.0,6.0,-2.0,1.19
teksturirani papir 300 g,200 line,226,81.0,100.0,100.0,25.0,16.0,96.0,5.0,18.0,80.0,4.0,1.49
teksturirani papir 300 g,200 line,227,100.0,0.0,100.0,25.0,35.0,48.0,-44.0,35.0,25.0,-43.0,1.41
teksturirani papir 300 g,200 line,228,100.0,31.0,100.0,25.0,27.0,93.0,-28.0,28.0,70.0,-27.0,1.86
teksturirani papir 300 g,200 line,229,100.0,72.0,100.0,25.0,19.0,3.0,-8.0,20.0,21.0,-8.0,0.9
teksturirani papir 300 g,200 line,230,100.0,100.0,100.0,25.0,14.0,40.0,-0.0,15.0,79.0,-1.0,1.26
teksturirani papir 300 g,200 line,231,0.0,0.0,0.0,60.0,35.0,72.0,-0.0,37.0,78.0,-0.0,1.73
teksturirani papir 300 g,200 line,232,0.0,31.0,0.0,60.0,34.0,42.0,5.0,35.0,51.0,5.0,0.97
teksturirani papir 300 g,200 line,233,0.0,72.0,0.0,60.0,27.0,7.0,16.0,28.0,94.0,15.0,1.63
teksturirani papir 300 g,200 line,234,0.0,100.0,0.0,60.0,21.0,52.0,26.0,23.0,10.0,27.0,1.31
teksturirani papir 300 g,200 line,235,31.0,0.0,0.0,60.0,34.0,28.0,-5.0,36.0,18.0,-6.0,2.07
teksturirani papir 300 g,200 line,236,31.0,31.0,0.0,60.0,28.0,93.0,0.0,31.0,52.0,-0.0,2.3
teksturirani papir 300 g,200 line,237,31.0,72.0,0.0,60.0,22.0,59.0,11.0,25.0,51.0,9.0,2.67
teksturirani papir 300 g,200 line,238,31.0,100.0,0.0,60.0,18.0,74.0,18.0,20.0,41.0,19.0,1.28
teksturirani papir 300 g,200 line,239,72.0,0.0,0.0,60.0,27.0,93.0,-13.0,27.0,75.0,-13.0,0.55
teksturirani papir 300 g,200 line,240,72.0,31.0,0.0,60.0,24.0,91.0,-6.0,25.0,7.0,-7.0,0.86
teksturirani papir 300 g,200 line,241,72.0,72.0,0.0,60.0,18.0,31.0,2.0,19.0,76.0,2.0,1.58
teksturirani papir 300 g,200 line,242,72.0,100.0,0.0,60.0,14.0,90.0,9.0,16.0,15.0,10.0,0.99
teksturirani papir 300 g,200 line,243,100.0,0.0,0.0,60.0,24.0,32.0,-17.0,24.0,92.0,-18.0,0.69
teksturirani papir 300 g,200 line,244,100.0,31.0,0.0,60.0,20.0,51.0,-10.0,21.0,16.0,-11.0,1.0
teksturirani papir 300 g,200 line,245,100.0,72.0,0.0,60.0,15.0,94.0,-0.0,16.0,80.0,-1.0,1.88
teksturirani papir 300 g,200 line,246,100.0,100.0,0.0,60.0,14.0,55.0,3.0,14.0,93.0,2.0,1.26
teksturirani papir 300 g,200 line,247,0.0,0.0,31.0,60.0,37.0,56.0,-1.0,39.0,70.0,-1.0,2.54
teksturirani papir 300 g,200 line,248,0.0,31.0,31.0,60.0,31.0,57.0,4.0,33.0,89.0,5.0,2.5
teksturirani papir 300 g,200 line,249,0.0,72.0,31.0,60.0,25.0,99.0,16.0,27.0,99.0,16.0,2.17
teksturirani papir 300 g,200 line,250,0.0,100.0,31.0,60.0,21.0,52.0,24.0,22.0,55.0,26.0,1.72
teksturirani papir 300 g,200 line,251,31.0,0.0,31.0,60.0,32.0,32.0,-5.0,33.0,38.0,-7.0,1.88
teksturirani papir 300 g,200 line,252,31.0,31.0,31.0,60.0,26.0,66.0,0.0,29.0,73.0,0.0,2.37
teksturirani papir 300 g,200 line,253,31.0,72.0,31.0,60.0,22.0,21.0,10.0,23.0,92.0,10.0,1.46
teksturirani papir 300 g,200 line,254,31.0,100.0,31.0,60.0,18.0,1.0,18.0,19.0,64.0,19.0,1.36
teksturirani papir 300 g,200 line,255,72.0,0.0,31.0,60.0,26.0,58.0,-14.0,29.0,14.0,-15.0,2.12
teksturirani papir 300 g,200 line,256,72.0,31.0,31.0,60.0,21.0,47.0,-7.0,24.0,83.0,-7.0,2.45
teksturirani papir 300 g,200 line,257,72.0,72.0,31.0,60.0,16.0,43.0,2.0,17.0,67.0,1.0,1.4
teksturirani papir 300 g,200 line,258,72.0,100.0,31.0,60.0,15.0,27.0,6.0,14.0,48.0,7.0,0.91
teksturirani papir 300 g,200 line,259,100.0,0.0,31.0,60.0,23.0,34.0,-20.0,24.0,26.0,-21.0,1.39
teksturirani papir 300 g,200 line,260,100.0,31.0,31.0,60.0,19.0,8.0,-11.0,21.0,31.0,-12.0,1.75
teksturirani papir 300 g,200 line,261,100.0,72.0,31.0,60.0,14.0,37.0,-1.0,15.0,7.0,-1.0,0.91
teksturirani papir 300 g,200 line,262,100.0,100.0,31.0,60.0,12.0,36.0,2.0,13.0,73.0,1.0,2.29
teksturirani papir 300 g,200 line,263,0.0,0.0,72.0,60.0,37.0,34.0,-2.0,39.0,45.0,-2.0,1.88
teksturirani papir 300 g,200 line,264,0.0,31.0,72.0,60.0,32.0,9.0,4.0,35.0,41.0,4.0,2.81
teksturirani papir 300 g,200 line,265,0.0,72.0,72.0,60.0,25.0,37.0,16.0,27.0,40.0,15.0,1.96
teksturirani papir 300 g,200 line,266,0.0,100.0,72.0,60.0,21.0,59.0,22.0,21.0,38.0,25.0,1.49
teksturirani papir 300 g,200 line,267,31.0,0.0,72.0,60.0,32.0,29.0,-7.0,34.0,33.0,-7.0,1.98
teksturirani papir 300 g,200 line,268,31.0,31.0,72.0,60.0,27.0,11.0,-1.0,29.0,88.0,-1.0,2.31
teksturirani papir 300 g,200 line,269,31.0,72.0,72.0,60.0,21.0,68.0,9.0,22.0,92.0,9.0,1.35
teksturirani papir 300 g,200 line,270,31.0,100.0,72.0,60.0,17.0,58.0,15.0,19.0,82.0,16.0,1.87
teksturirani papir 300 g,200 line,271,72.0,0.0,72.0,60.0,24.0,79.0,-16.0,26.0,31.0,-17.0,1.48
teksturirani papir 300 g,200 line,272,72.0,31.0,72.0,60.0,20.0,83.0,-9.0,21.0,80.0,-9.0,0.98
teksturirani papir 300 g,200 line,273,72.0,72.0,72.0,60.0,16.0,35.0,0.0,17.0,77.0,-0.0,1.81
teksturirani papir 300 g,200 line,274,72.0,100.0,72.0,60.0,13.0,69.0,5.0,14.0,60.0,4.0,0.79
teksturirani papir 300 g,200 line,275,100.0,0.0,72.0,60.0,20.0,98.0,-22.0,23.0,35.0,-23.0,2.09
teksturirani papir 300 g,200 line,276,100.0,31.0,72.0,60.0,17.0,67.0,-13.0,20.0,10.0,-14.0,1.96
teksturirani papir 300 g,200 line,277,100.0,72.0,72.0,60.0,13.0,71.0,-3.0,15.0,25.0,-4.0,1.98
teksturirani papir 300 g,200 line,278,100.0,100.0,72.0,60.0,11.0,79.0,0.0,13.0,51.0,0.0,1.63
teksturirani papir 300 g,200 line,279,0.0,0.0,100.0,60.0,36.0,73.0,-3.0,39.0,29.0,-3.0,2.44
teksturirani papir 300 g,200 line,280,0.0,31.0,100.0,60.0,30.0,35.0,2.0,34.0,14.0,2.0,3.23
teksturirani papir 300 g,200 line,281,0.0,72.0,100.0,60.0,26.0,62.0,13.0,26.0,94.0,13.0,0.8
teksturirani papir 300 g,200 line,282,0.0,100.0,100.0,60.0,21.0,59.0,21.0,22.0,17.0,22.0,1.17
teksturirani papir 300 g,200 line,283,31.0,0.0,100.0,60.0,32.0,71.0,-8.0,34.0,12.0,-9.0,1.46
teksturirani papir 300 g,200 line,284,31.0,31.0,100.0,60.0,27.0,46.0,-1.0,29.0,69.0,-2.0,1.92
teksturirani papir 300 g,200 line,285,31.0,72.0,100.0,60.0,20.0,77.0,8.0,23.0,80.0,8.0,2.43
teksturirani papir 300 g,200 line,286,31.0,100.0,100.0,60.0,17.0,97.0,14.0,18.0,66.0,16.0,1.37
teksturirani papir 300 g,200 line,287,72.0,0.0,100.0,60.0,24.0,79.0,-18.0,26.0,90.0,-18.0,1.68
teksturirani papir 300 g,200 line,288,72.0,31.0,100.0,60.0,20.0,29.0,-10.0,22.0,13.0,-10.0,1.3
teksturirani papir 300 g,200 line,289,72.0,72.0,100.0,60.0,16.0,30.0,-0.0,18.0,27.0,-0.0,1.58
teksturirani papir 300 g,200 line,290,72.0,100.0,100.0,60.0,14.0,51.0,3.0,15.0,47.0,3.0,0.9
teksturirani papir 300 g,200 line,291,100.0,0.0,100.0,60.0,21.0,82.0,-23.0,23.0,11.0,-25.0,1.51
teksturirani papir 300 g,200 line,292,100.0,31.0,100.0,60.0,18.0,84.0,-14.0,20.0,5.0,-16.0,1.45
teksturirani papir 300 g,200 line,293,100.0,72.0,100.0,60.0,14.0,83.0,-4.0,14.0,18.0,-5.0,1.06
teksturirani papir 300 g,200 line,294,100.0,100.0,100.0,60.0,12.0,22.0,-0.0,12.0,22.0,-0.0,0.64
teksturirani papir 300 g,200 line,295,0.0,0.0,0.0,88.0,20.0,3.0,-0.0,19.0,69.0,-0.0,0.32
teksturirani papir 300 g,200 line,296,0.0,52.0,0.0,88.0,17.0,4.0,4.0,17.0,98.0,4.0,0.79
teksturirani papir 300 g,200 line,297,0.0,100.0,0.0,88.0,14.0,47.0,10.0,14.0,63.0,11.0,1.23
teksturirani papir 300 g,200 line,298,31.0,0.0,0.0,88.0,17.0,69.0,-2.0,20.0,69.0,-3.0,2.32
teksturirani papir 300 g,200 line,299,31.0,52.0,0.0,88.0,15.0,64.0,2.0,15.0,94.0,2.0,0.99
teksturirani papir 300 g,200 line,300,31.0,100.0,0.0,88.0,12.0,81.0,8.0,13.0,33.0,8.0,0.44
teksturirani papir 300 g,200 line,301,72.0,0.0,0.0,88.0,15.0,16.0,-4.0,16.0,44.0,-5.0,1.47
teksturirani papir 300 g,200 line,302,72.0,52.0,0.0,88.0,12.0,52.0,0.0,13.0,58.0,0.0,1.02
teksturirani papir 300 g,200 line,303,72.0,100.0,0.0,88.0,11.0,89.0,4.0,12.0,60.0,4.0,0.84
teksturirani papir 300 g,200 line,304,100.0,0.0,0.0,88.0,13.0,59.0,-4.0,15.0,43.0,-6.0,2.15
teksturirani papir 300 g,200 line,305,100.0,52.0,0.0,88.0,12.0,23.0,-0.0,13.0,28.0,-0.0,1.28
teksturirani papir 300 g,200 line,306,100.0,100.0,0.0,88.0,12.0,35.0,2.0,12.0,47.0,1.0,1.24
teksturirani papir 300 g,200 line,307,0.0,0.0,52.0,88.0,20.0,65.0,-1.0,21.0,7.0,-2.0,1.3
teksturirani papir 300 g,200 line,308,0.0,52.0,52.0,88.0,16.0,51.0,3.0,17.0,19.0,3.0,0.93
teksturirani papir 300 g,200 line,309,0.0,100.0,52.0,88.0,14.0,4.0,9.0,14.0,97.0,9.0,0.76
teksturirani papir 300 g,200 line,310,31.0,0.0,52.0,88.0,18.0,52.0,-3.0,19.0,75.0,-4.0,1.35
teksturirani papir 300 g,200 line,311,31.0,52.0,52.0,88.0,14.0,46.0,1.0,15.0,70.0,1.0,0.98
teksturirani papir 300 g,200 line,312,31.0,100.0,52.0,88.0,13.0,92.0,5.0,13.0,88.0,5.0,0.22
teksturirani papir 300 g,200 line,313,72.0,0.0,52.0,88.0,15.0,74.0,-6.0,16.0,37.0,-7.0,0.86
teksturirani papir 300 g,200 line,314,72.0,52.0,52.0,88.0,11.0,80.0,-0.0,12.0,98.0,-1.0,1.43
teksturirani papir 300 g,200 line,315,72.0,100.0,52.0,88.0,10.0,62.0,2.0,10.0,70.0,1.0,0.9
teksturirani papir 300 g,200 line,316,100.0,0.0,52.0,88.0,14.0,10.0,-7.0,14.0,91.0,-8.0,1.75
teksturirani papir 300 g,200 line,317,100.0,52.0,52.0,88.0,11.0,68.0,-1.0,12.0,45.0,-2.0,2.16
teksturirani papir 300 g,200 line,318,100.0,100.0,52.0,88.0,11.0,87.0,0.0,10.0,99.0,0.0,0.78
teksturirani papir 300 g,200 line,319,0.0,0.0,100.0,88.0,21.0,17.0,-3.0,22.0,44.0,-3.0,1.34
teksturirani papir 300 g,200 line,320,0.0,52.0,100.0,88.0,16.0,28.0,1.0,17.0,73.0,1.0,1.23
teksturirani papir 300 g,200 line,321,0.0,100.0,100.0,88.0,14.0,80.0,6.0,14.0,85.0,7.0,0.94
teksturirani papir 300 g,200 line,322,31.0,0.0,100.0,88.0,18.0,9.0,-4.0,19.0,64.0,-4.0,1.2
teksturirani papir 300 g,200 line,323,31.0,52.0,100.0,88.0,15.0,85.0,0.0,16.0,24.0,0.0,0.36
teksturirani papir 300 g,200 line,324,31.0,100.0,100.0,88.0,14.0,54.0,3.0,14.0,87.0,4.0,0.5
teksturirani papir 300 g,200 line,325,72.0,0.0,100.0,88.0,15.0,56.0,-8.0,15.0,86.0,-8.0,0.22
teksturirani papir 300 g,200 line,326,72.0,52.0,100.0,88.0,13.0,63.0,-2.0,13.0,48.0,-2.0,0.33
teksturirani papir 300 g,200 line,327,72.0,100.0,100.0,88.0,11.0,90.0,1.0,12.0,44.0,0.0,0.38
teksturirani papir 300 g,200 line,328,100.0,0.0,100.0,88.0,14.0,21.0,-8.0,15.0,34.0,-9.0,1.1
teksturirani papir 300 g,200 line,329,100.0,52.0,100.0,88.0,10.0,92.0,-2.0,12.0,11.0,-3.0,1.3
teksturirani papir 300 g,200 line,330,100.0,100.0,100.0,88.0,12.0,89.0,-0.0,12.0,41.0,-0.0,0.64
teksturirani papir 300 g,200 line,331,0.0,0.0,0.0,100.0,15.0,15.0,-0.0,15.0,80.0,-0.0,0.47
teksturirani papir 300 g,200 line,332,0.0,52.0,0.0,100.0,11.0,45.0,2.0,11.0,96.0,1.0,0.7
teksturirani papir 300 g,200 line,333,0.0,100.0,0.0,100.0,11.0,34.0,4.0,11.0,89.0,4.0,0.38
teksturirani papir 300 g,200 line,334,52.0,0.0,0.0,100.0,11.0,17.0,-0.0,12.0,60.0,-1.0,1.78
teksturirani papir 300 g,200 line,335,52.0,52.0,0.0,100.0,10.0,79.0,1.0,11.0,56.0,0.0,0.69
teksturirani papir 300 g,200 line,336,52.0,100.0,0.0,100.0,10.0,24.0,3.0,10.0,66.0,2.0,1.1
teksturirani papir 300 g,200 line,337,100.0,0.0,0.0,100.0,12.0,39.0,-1.0,12.0,32.0,-2.0,2.0
teksturirani papir 300 g,200 line,338,100.0,52.0,0.0,100.0,11.0,33.0,0.0,11.0,57.0,0.0,0.95
teksturirani papir 300 g,200 line,339,100.0,100.0,0.0,100.0,10.0,98.0,2.0,11.0,62.0,1.0,1.11
teksturirani papir 300 g,200 line,340,0.0,0.0,52.0,100.0,14.0,19.0,-1.0,14.0,95.0,-1.0,0.79
teksturirani papir 300 g,200 line,341,0.0,52.0,52.0,100.0,12.0,55.0,1.0,12.0,97.0,1.0,0.35
teksturirani papir 300 g,200 line,342,0.0,100.0,52.0,100.0,10.0,92.0,2.0,11.0,97.0,2.0,0.79
teksturirani papir 300 g,200 line,343,52.0,0.0,52.0,100.0,11.0,59.0,-1.0,11.0,11.0,-2.0,0.46
teksturirani papir 300 g,200 line,344,52.0,52.0,52.0,100.0,12.0,58.0,0.0,13.0,6.0,-0.0,0.65
teksturirani papir 300 g,200 line,345,52.0,100.0,52.0,100.0,11.0,51.0,1.0,12.0,68.0,1.0,1.06
teksturirani papir 300 g,200 line,346,100.0,0.0,52.0,100.0,11.0,9.0,-2.0,11.0,87.0,-3.0,1.62
teksturirani papir 300 g,200 line,347,100.0,52.0,52.0,100.0,11.0,49.0,-1.0,12.0,3.0,-1.0,0.69
teksturirani papir 300 g,200 line,348,100.0,100.0,52.0,100.0,12.0,21.0,0.0,11.0,9.0,0.0,0.73
teksturirani papir 300 g,200 line,349,0.0,0.0,100.0,100.0,13.0,84.0,-2.0,13.0,90.0,-2.0,0.37
teksturirani papir 300 g,200 line,350,0.0,52.0,100.0,100.0,13.0,75.0,0.0,13.0,23.0,0.0,0.65
teksturirani papir 300 g,200 line,351,0.0,100.0,100.0,100.0,12.0,78.0,1.0,13.0,44.0,1.0,0.47
teksturirani papir 300 g,200 line,352,52.0,0.0,100.0,100.0,12.0,96.0,-3.0,12.0,61.0,-3.0,0.4
teksturirani papir 300 g,200 line,353,52.0,52.0,100.0,100.0,14.0,17.0,-0.0,13.0,63.0,-0.0,0.53
teksturirani papir 300 g,200 line,354,52.0,100.0,100.0,100.0,12.0,89.0,0.0,13.0,58.0,0.0,0.47
teksturirani papir 300 g,200 line,355,100.0,0.0,100.0,100.0,11.0,79.0,-4.0,14.0,26.0,-4.0,1.73
teksturirani papir 300 g,200 line,356,100.0,52.0,100.0,100.0,10.0,75.0,-1.0,12.0,15.0,-2.0,1.23
teksturirani papir 300 g,200 line,357,100.0,100.0,100.0,100.0,12.0,32.0,-0.0,12.0,43.0,-0.0,0.88
teksturirani papir 300 g,200 line,358,5.0,0.0,0.0,0.0,83.0,89.0,0.0,83.0,45.0,0.0,0.41
teksturirani papir 300 g,200 line,359,28.0,0.0,0.0,0.0,75.0,87.0,-8.0,75.0,16.0,-9.0,1.25
teksturirani papir 300 g,200 line,360,95.0,0.0,0.0,0.0,50.0,5.0,-35.0,49.0,68.0,-35.0,0.4
teksturirani papir 300 g,200 line,361,0.0,4.0,0.0,0.0,84.0,26.0,2.0,84.0,82.0,2.0,0.4
teksturirani papir 300 g,200 line,362,0.0,11.0,0.0,0.0,80.0,98.0,3.0,82.0,96.0,3.0,1.63
teksturirani papir 300 g,200 line,363,0.0,93.0,0.0,0.0,46.0,50.0,54.0,45.0,96.0,56.0,0.61
teksturirani papir 300 g,200 line,364,0.0,0.0,4.0,0.0,85.0,32.0,2.0,85.0,26.0,2.0,0.18
teksturirani papir 300 g,200 line,365,0.0,0.0,11.0,0.0,85.0,14.0,1.0,84.0,0.0,1.0,0.89
teksturirani papir 300 g,200 line,366,0.0,0.0,93.0,0.0,82.0,15.0,-0.0,82.0,26.0,-1.0,0.49
teksturirani papir 300 g,200 line,367,0.0,0.0,0.0,4.0,80.0,66.0,1.0,79.0,96.0,1.0,0.56
teksturirani papir 300 g,200 line,368,0.0,0.0,0.0,13.0,72.0,68.0,1.0,73.0,48.0,1.0,0.63
teksturirani papir 300 g,200 line,369,0.0,0.0,0.0,95.0,15.0,78.0,-0.0,16.0,34.0,-0.0,0.42
teksturirani papir 300 g,200 line,370,9.0,7.0,7.0,0.0,77.0,80.0,0.0,77.0,46.0,1.0,0.54
teksturirani papir 300 g,200 line,371,19.0,15.0,15.0,0.0,67.0,24.0,0.0,67.0,76.0,0.0,0.69
teksturirani papir 300 g,200 line,372,29.0,23.0,23.0,0.0,58.0,14.0,0.0,58.0,83.0,-0.0,0.92
teksturirani papir 300 g,200 line,373,39.0,31.0,31.0,0.0,48.0,89.0,-0.0,50.0,3.0,-0.0,1.24
teksturirani papir 300 g,200 line,374,49.0,39.0,39.0,4.0,39.0,3.0,-0.0,40.0,7.0,-0.0,0.99
teksturirani papir 300 g,200 line,375,59.0,47.0,47.0,16.0,29.0,62.0,-1.0,31.0,57.0,-1.0,1.73
teksturirani papir 300 g,200 line,376,69.0,55.0,55.0,31.0,24.0,92.0,-1.0,26.0,5.0,-2.0,1.02
teksturirani papir 300 g,200 line,377,79.0,63.0,63.0,48.0,19.0,99.0,-2.0,20.0,2.0,-3.0,1.43
teksturirani papir 300 g,200 line,378,89.0,71.0,71.0,72.0,15.0,21.0,-1.0,15.0,21.0,-2.0,1.44
teksturirani papir 300 g,200 line,379,99.0,79.0,79.0,100.0,13.0,60.0,-0.0,14.0,63.0,-1.0,1.13
teksturirani papir 300 g,200 line,380,9.0,7.0,7.0,0.0,77.0,50.0,1.0,77.0,60.0,1.0,0.58
teksturirani papir 300 g,200 line,381,18.0,14.0,14.0,0.0,69.0,68.0,0.0,69.0,30.0,0.0,0.76
teksturirani papir 300 g,200 line,382,27.0,21.0,21.0,0.0,60.0,54.0,0.0,59.0,59.0,0.0,0.99
teksturirani papir 300 g,200 line,383,36.0,29.0,29.0,0.0,52.0,69.0,-0.0,52.0,99.0,-0.0,0.43
teksturirani papir 300 g,200 line,384,45.0,36.0,36.0,0.0,44.0,54.0,-0.0,45.0,65.0,-0.0,1.05
teksturirani papir 300 g,200 line,385,54.0,43.0,43.0,0.0,37.0,40.0,-0.0,40.0,71.0,-0.0,2.89
teksturirani papir 300 g,200 line,386,63.0,50.0,50.0,0.0,32.0,87.0,-1.0,35.0,1.0,-1.0,1.93
teksturirani papir 300 g,200 line,387,72.0,58.0,58.0,0.0,28.0,41.0,-2.0,30.0,13.0,-2.0,1.45
teksturirani papir 300 g,200 line,388,81.0,65.0,65.0,2.0,24.0,86.0,-3.0,25.0,76.0,-4.0,1.72
teksturirani papir 300 g,200 line,389,90.0,72.0,72.0,49.0,17.0,25.0,-3.0,17.0,94.0,-4.0,1.22
teksturirani papir 300 g,200 line,390,24.0,19.0,19.0,11.0,55.0,39.0,0.0,55.0,59.0,-0.0,0.96
teksturirani papir 300 g,200 line,391,49.0,39.0,39.0,30.0,30.0,99.0,-0.0,31.0,47.0,-1.0,0.52
teksturirani papir 300 g,200 line,392,74.0,59.0,59.0,59.0,19.0,52.0,-1.0,20.0,24.0,-2.0,1.37
teksturirani papir 300 g,200 line,393,28.0,0.0,0.0,0.0,76.0,29.0,-8.0,74.0,82.0,-10.0,2.02
teksturirani papir 300 g,200 line,394,64.0,0.0,0.0,0.0,59.0,50.0,-26.0,59.0,61.0,-26.0,0.21
teksturirani papir 300 g,200 line,395,0.0,21.0,0.0,0.0,79.0,67.0,7.0,80.0,92.0,5.0,2.99
teksturirani papir 300 g,200 line,396,0.0,52.0,0.0,0.0,66.0,41.0,23.0,67.0,80.0,21.0,1.78
teksturirani papir 300 g,200 line,397,0.0,0.0,21.0,0.0,85.0,0.0,0.0,84.0,15.0,1.0,0.62
teksturirani papir 300 g,200 line,398,0.0,0.0,52.0,0.0,84.0,5.0,-0.0,83.0,60.0,-0.0,0.3
teksturirani papir 300 g,200 line,399,0.0,0.0,0.0,25.0,62.0,44.0,0.0,61.0,99.0,0.0,0.56
teksturirani papir 300 g,200 line,400,0.0,0.0,0.0,60.0,34.0,59.0,-0.0,36.0,37.0,-0.0,1.48
teksturirani papir 300 g,300 dot,1,0.0,0.0,0.0,0.0,85.0,75.0,2.0,86.0,35.0,2.0,0.47
teksturirani papir 300 g,300 dot,2,0.0,21.0,0.0,0.0,76.0,84.0,9.0,82.0,4.0,6.0,5.28
teksturirani papir 300 g,300 dot,3,0.0,52.0,0.0,0.0,64.0,0.0,25.0,67.0,11.0,26.0,2.63
teksturirani papir 300 g,300 dot,4,0.0,81.0,0.0,0.0,53.0,84.0,41.0,52.0,1.0,49.0,3.3
teksturirani papir 300 g,300 dot,5,0.0,100.0,0.0,0.0,45.0,70.0,57.0,45.0,30.0,60.0,1.07
teksturirani papir 300 g,300 dot,6,16.0,0.0,0.0,0.0,79.0,94.0,-3.0,82.0,8.0,-1.0,4.22
teksturirani papir 300 g,300 dot,7,16.0,21.0,0.0,0.0,72.0,60.0,3.0,78.0,51.0,3.0,5.53
teksturirani papir 300 g,300 dot,8,16.0,52.0,0.0,0.0,60.0,35.0,19.0,64.0,5.0,25.0,4.7
teksturirani papir 300 g,300 dot,9,16.0,81.0,0.0,0.0,48.0,78.0,34.0,50.0,0.0,46.0,4.65
teksturirani papir 300 g,300 dot,10,16.0,100.0,0.0,0.0,41.0,76.0,49.0,43.0,54.0,56.0,3.21
teksturirani papir 300 g,300 dot,11,39.0,0.0,0.0,0.0,70.0,60.0,-12.0,74.0,20.0,-12.0,2.88
teksturirani papir 300 g,300 dot,12,39.0,21.0,0.0,0.0,64.0,12.0,-4.0,69.0,84.0,-6.0,5.2
teksturirani papir 300 g,300 dot,13,39.0,52.0,0.0,0.0,52.0,50.0,9.0,56.0,54.0,13.0,5.34
teksturirani papir 300 g,300 dot,14,39.0,81.0,0.0,0.0,42.0,41.0,25.0,43.0,89.0,33.0,4.28
teksturirani papir 300 g,300 dot,15,39.0,100.0,0.0,0.0,36.0,66.0,38.0,38.0,87.0,45.0,3.54
teksturirani papir 300 g,300 dot,16,64.0,0.0,0.0,0.0,61.0,85.0,-22.0,65.0,28.0,-22.0,2.94
teksturirani papir 300 g,300 dot,17,64.0,21.0,0.0,0.0,55.0,46.0,-15.0,61.0,61.0,-17.0,5.62
teksturirani papir 300 g,300 dot,18,64.0,52.0,0.0,0.0,47.0,9.0,-2.0,50.0,42.0,-0.0,3.67
teksturirani papir 300 g,300 dot,19,64.0,81.0,0.0,0.0,37.0,80.0,11.0,38.0,86.0,18.0,5.43
teksturirani papir 300 g,300 dot,20,64.0,100.0,0.0,0.0,32.0,37.0,22.0,31.0,78.0,29.0,4.29
teksturirani papir 300 g,300 dot,21,85.0,0.0,0.0,0.0,55.0,14.0,-30.0,56.0,67.0,-32.0,1.68
teksturirani papir 300 g,300 dot,22,85.0,21.0,0.0,0.0,49.0,48.0,-24.0,54.0,3.0,-27.0,4.7
teksturirani papir 300 g,300 dot,23,85.0,52.0,0.0,0.0,40.0,48.0,-11.0,43.0,76.0,-10.0,3.04
teksturirani papir 300 g,300 dot,24,85.0,81.0,0.0,0.0,33.0,3.0,2.0,33.0,34.0,7.0,3.24
teksturirani papir 300 g,300 dot,25,85.0,100.0,0.0,0.0,28.0,40.0,10.0,27.0,86.0,16.0,3.77
teksturirani papir 300 g,300 dot,26,100.0,0.0,0.0,0.0,48.0,31.0,-36.0,51.0,52.0,-36.0,3.28
teksturirani papir 300 g,300 dot,27,100.0,21.0,0.0,0.0,42.0,7.0,-30.0,49.0,58.0,-32.0,7.28
teksturirani papir 300 g,300 dot,28,100.0,52.0,0.0,0.0,35.0,65.0,-17.0,40.0,37.0,-16.0,4.08
teksturirani papir 300 g,300 dot,29,100.0,81.0,0.0,0.0,29.0,27.0,-4.0,31.0,57.0,1.0,4.31
teksturirani papir 300 g,300 dot,30,100.0,100.0,0.0,0.0,25.0,3.0,5.0,25.0,92.0,11.0,4.3
teksturirani papir 300 g,300 dot,31,0.0,0.0,21.0,0.0,84.0,7.0,0.0,85.0,15.0,0.0,1.11
teksturirani papir 300 g,300 dot,32,0.0,21.0,21.0,0.0,76.0,0.0,8.0,80.0,60.0,5.0,5.39
teksturirani papir 300 g,300 dot,33,0.0,52.0,21.0,0.0,64.0,77.0,24.0,63.0,99.0,29.0,2.28
teksturirani papir 300 g,300 dot,34,0.0,81.0,21.0,0.0,53.0,59.0,42.0,51.0,12.0,50.0,3.59
teksturirani papir 300 g,300 dot,35,0.0,100.0,21.0,0.0,45.0,4.0,57.0,43.0,88.0,60.0,1.7
teksturirani papir 300 g,300 dot,36,16.0,0.0,21.0,0.0,78.0,67.0,-4.0,82.0,8.0,-2.0,4.57
teksturirani papir 300 g,300 dot,37,16.0,21.0,21.0,0.0,65.0,82.0,3.0,75.0,4.0,1.0,8.31
teksturirani papir 300 g,300 dot,38,16.0,52.0,21.0,0.0,54.0,75.0,17.0,59.0,99.0,22.0,5.59
teksturirani papir 300 g,300 dot,39,16.0,81.0,21.0,0.0,45.0,87.0,34.0,48.0,15.0,43.0,4.1
teksturirani papir 300 g,300 dot,40,16.0,100.0,21.0,0.0,39.0,77.0,48.0,43.0,39.0,54.0,4.01
teksturirani papir 300 g,300 dot,41,39.0,0.0,21.0,0.0,68.0,91.0,-13.0,74.0,22.0,-13.0,4.95
teksturirani papir 300 g,300 dot,42,39.0,21.0,21.0,0.0,57.0,10.0,-4.0,65.0,62.0,-3.0,8.03
teksturirani papir 300 g,300 dot,43,39.0,52.0,21.0,0.0,47.0,37.0,10.0,53.0,47.0,13.0,6.82
teksturirani papir 300 g,300 dot,44,39.0,81.0,21.0,0.0,39.0,48.0,25.0,41.0,60.0,33.0,4.2
teksturirani papir 300 g,300 dot,45,39.0,100.0,21.0,0.0,35.0,19.0,36.0,38.0,21.0,44.0,4.11
teksturirani papir 300 g,300 dot,46,64.0,0.0,21.0,0.0,58.0,71.0,-26.0,63.0,59.0,-27.0,4.52
teksturirani papir 300 g,300 dot,47,64.0,21.0,21.0,0.0,49.0,49.0,-16.0,56.0,29.0,-18.0,6.97
teksturirani papir 300 g,300 dot,48,64.0,52.0,21.0,0.0,40.0,46.0,-1.0,45.0,9.0,0.0,4.83
teksturirani papir 300 g,300 dot,49,64.0,81.0,21.0,0.0,33.0,61.0,11.0,33.0,74.0,19.0,5.48
teksturirani papir 300 g,300 dot,50,64.0,100.0,21.0,0.0,29.0,26.0,21.0,29.0,62.0,29.0,4.03
teksturirani papir 300 g,300 dot,51,85.0,0.0,21.0,0.0,53.0,5.0,-35.0,55.0,53.0,-37.0,2.91
teksturirani papir 300 g,300 dot,52,85.0,21.0,21.0,0.0,43.0,31.0,-25.0,49.0,95.0,-29.0,6.71
teksturirani papir 300 g,300 dot,53,85.0,52.0,21.0,0.0,33.0,93.0,-10.0,39.0,28.0,-11.0,4.58
teksturirani papir 300 g,300 dot,54,85.0,81.0,21.0,0.0,28.0,0.0,2.0,30.0,18.0,6.0,3.88
teksturirani papir 300 g,300 dot,55,85.0,100.0,21.0,0.0,24.0,54.0,10.0,25.0,41.0,15.0,4.07
teksturirani papir 300 g,300 dot,56,100.0,0.0,21.0,0.0,46.0,51.0,-42.0,49.0,63.0,-42.0,3.61
teksturirani papir 300 g,300 dot,57,100.0,21.0,21.0,0.0,40.0,68.0,-32.0,47.0,74.0,-37.0,6.89
teksturirani papir 300 g,300 dot,58,100.0,52.0,21.0,0.0,32.0,63.0,-16.0,37.0,56.0,-18.0,4.18
teksturirani papir 300 g,300 dot,59,100.0,81.0,21.0,0.0,25.0,59.0,-3.0,28.0,84.0,-1.0,2.77
teksturirani papir 300 g,300 dot,60,100.0,100.0,21.0,0.0,23.0,42.0,2.0,23.0,80.0,7.0,3.76
teksturirani papir 300 g,300 dot,61,0.0,0.0,52.0,0.0,82.0,41.0,0.0,84.0,56.0,-1.0,2.1
teksturirani papir 300 g,300 dot,62,0.0,21.0,52.0,0.0,75.0,29.0,8.0,78.0,15.0,6.0,2.87
teksturirani papir 300 g,300 dot,63,0.0,52.0,52.0,0.0,63.0,67.0,24.0,62.0,36.0,29.0,3.55
teksturirani papir 300 g,300 dot,64,0.0,81.0,52.0,0.0,52.0,73.0,42.0,49.0,74.0,50.0,4.26
teksturirani papir 300 g,300 dot,65,0.0,100.0,52.0,0.0,43.0,90.0,55.0,43.0,89.0,58.0,1.34
teksturirani papir 300 g,300 dot,66,16.0,0.0,52.0,0.0,75.0,39.0,-4.0,81.0,85.0,-3.0,6.0
teksturirani papir 300 g,300 dot,67,16.0,21.0,52.0,0.0,64.0,85.0,3.0,74.0,23.0,1.0,8.36
teksturirani papir 300 g,300 dot,68,16.0,52.0,52.0,0.0,54.0,55.0,17.0,60.0,18.0,22.0,5.78
teksturirani papir 300 g,300 dot,69,16.0,81.0,52.0,0.0,44.0,94.0,33.0,48.0,7.0,42.0,4.64
teksturirani papir 300 g,300 dot,70,16.0,100.0,52.0,0.0,38.0,0.0,48.0,42.0,57.0,53.0,4.44
teksturirani papir 300 g,300 dot,71,39.0,0.0,52.0,0.0,66.0,1.0,-14.0,73.0,2.0,-14.0,6.09
teksturirani papir 300 g,300 dot,72,39.0,21.0,52.0,0.0,54.0,41.0,-4.0,62.0,8.0,-4.0,7.63
teksturirani papir 300 g,300 dot,73,39.0,52.0,52.0,0.0,44.0,93.0,9.0,49.0,74.0,10.0,5.03
teksturirani papir 300 g,300 dot,74,39.0,81.0,52.0,0.0,37.0,17.0,23.0,40.0,25.0,29.0,3.68
teksturirani papir 300 g,300 dot,75,39.0,100.0,52.0,0.0,33.0,62.0,34.0,35.0,2.0,41.0,2.8
teksturirani papir 300 g,300 dot,76,64.0,0.0,52.0,0.0,56.0,82.0,-29.0,61.0,36.0,-31.0,4.81
teksturirani papir 300 g,300 dot,77,64.0,21.0,52.0,0.0,48.0,33.0,-17.0,53.0,59.0,-20.0,6.3
teksturirani papir 300 g,300 dot,78,64.0,52.0,52.0,0.0,33.0,12.0,-1.0,37.0,80.0,-1.0,4.42
teksturirani papir 300 g,300 dot,79,64.0,81.0,52.0,0.0,27.0,33.0,10.0,31.0,6.0,14.0,4.08
teksturirani papir 300 g,300 dot,80,64.0,100.0,52.0,0.0,24.0,83.0,18.0,26.0,89.0,24.0,3.73
teksturirani papir 300 g,300 dot,81,85.0,0.0,52.0,0.0,50.0,32.0,-39.0,53.0,42.0,-42.0,3.74
teksturirani papir 300 g,300 dot,82,85.0,21.0,52.0,0.0,41.0,91.0,-28.0,47.0,70.0,-32.0,6.0
teksturirani papir 300 g,300 dot,83,85.0,52.0,52.0,0.0,29.0,93.0,-11.0,35.0,30.0,-13.0,5.03
teksturirani papir 300 g,300 dot,84,85.0,81.0,52.0,0.0,23.0,45.0,1.0,25.0,99.0,2.0,2.22
teksturirani papir 300 g,300 dot,85,85.0,100.0,52.0,0.0,21.0,91.0,6.0,24.0,41.0,10.0,4.14
teksturirani papir 300 g,300 dot,86,100.0,0.0,52.0,0.0,45.0,12.0,-47.0,47.0,98.0,-48.0,3.73
teksturirani papir 300 g,300 dot,87,100.0,21.0,52.0,0.0,39.0,98.0,-36.0,45.0,47.0,-42.0,6.01
teksturirani papir 300 g,300 dot,88,100.0,52.0,52.0,0.0,28.0,58.0,-19.0,33.0,65.0,-22.0,4.69
teksturirani papir 300 g,300 dot,89,100.0,81.0,52.0,0.0,21.0,62.0,-3.0,25.0,3.0,-4.0,2.55
teksturirani papir 300 g,300 dot,90,100.0,100.0,52.0,0.0,19.0,77.0,0.0,20.0,49.0,3.0,2.86
teksturirani papir 300 g,300 dot,91,0.0,0.0,81.0,0.0,81.0,27.0,0.0,83.0,3.0,-1.0,2.49
teksturirani papir 300 g,300 dot,92,0.0,21.0,81.0,0.0,73.0,66.0,9.0,75.0,52.0,8.0,1.79
teksturirani papir 300 g,300 dot,93,0.0,52.0,81.0,0.0,61.0,42.0,25.0,59.0,23.0,32.0,4.4
teksturirani papir 300 g,300 dot,94,0.0,81.0,81.0,0.0,50.0,83.0,43.0,48.0,17.0,50.0,4.02
teksturirani papir 300 g,300 dot,95,0.0,100.0,81.0,0.0,43.0,75.0,57.0,42.0,83.0,58.0,0.98
teksturirani papir 300 g,300 dot,96,16.0,0.0,81.0,0.0,73.0,99.0,-5.0,81.0,27.0,-3.0,5.93
teksturirani papir 300 g,300 dot,97,16.0,21.0,81.0,0.0,63.0,77.0,3.0,72.0,82.0,2.0,7.82
teksturirani papir 300 g,300 dot,98,16.0,52.0,81.0,0.0,53.0,15.0,18.0,57.0,10.0,24.0,5.04
teksturirani papir 300 g,300 dot,99,16.0,81.0,81.0,0.0,44.0,64.0,34.0,47.0,6.0,45.0,5.38
teksturirani papir 300 g,300 dot,100,16.0,100.0,81.0,0.0,38.0,50.0,48.0,41.0,82.0,56.0,3.72
teksturirani papir 300 g,300 dot,101,39.0,0.0,81.0,0.0,66.0,31.0,-14.0,72.0,64.0,-15.0,5.53
teksturirani papir 300 g,300 dot,102,39.0,21.0,81.0,0.0,54.0,16.0,-5.0,62.0,34.0,-4.0,7.93
teksturirani papir 300 g,300 dot,103,39.0,52.0,81.0,0.0,44.0,13.0,8.0,48.0,92.0,11.0,5.13
teksturirani papir 300 g,300 dot,104,39.0,81.0,81.0,0.0,36.0,56.0,22.0,38.0,29.0,31.0,4.41
teksturirani papir 300 g,300 dot,105,39.0,100.0,81.0,0.0,33.0,36.0,33.0,34.0,81.0,41.0,3.14
teksturirani papir 300 g,300 dot,106,64.0,0.0,81.0,0.0,55.0,48.0,-30.0,59.0,74.0,-33.0,4.67
teksturirani papir 300 g,300 dot,107,64.0,21.0,81.0,0.0,45.0,62.0,-20.0,51.0,69.0,-22.0,6.66
teksturirani papir 300 g,300 dot,108,64.0,52.0,81.0,0.0,34.0,46.0,-2.0,38.0,87.0,-3.0,4.92
teksturirani papir 300 g,300 dot,109,64.0,81.0,81.0,0.0,27.0,11.0,10.0,30.0,41.0,12.0,3.5
teksturirani papir 300 g,300 dot,110,64.0,100.0,81.0,0.0,24.0,82.0,17.0,26.0,88.0,23.0,3.86
teksturirani papir 300 g,300 dot,111,85.0,0.0,81.0,0.0,48.0,3.0,-42.0,52.0,64.0,-43.0,5.05
teksturirani papir 300 g,300 dot,112,85.0,21.0,81.0,0.0,41.0,76.0,-31.0,46.0,34.0,-34.0,5.03
teksturirani papir 300 g,300 dot,113,85.0,52.0,81.0,0.0,30.0,33.0,-13.0,34.0,75.0,-16.0,4.71
teksturirani papir 300 g,300 dot,114,85.0,81.0,81.0,0.0,21.0,56.0,0.0,26.0,36.0,0.0,3.83
teksturirani papir 300 g,300 dot,115,85.0,100.0,81.0,0.0,19.0,90.0,6.0,22.0,70.0,9.0,3.23
teksturirani papir 300 g,300 dot,116,100.0,0.0,81.0,0.0,43.0,72.0,-52.0,47.0,68.0,-51.0,4.72
teksturirani papir 300 g,300 dot,117,100.0,21.0,81.0,0.0,38.0,68.0,-40.0,44.0,59.0,-44.0,6.08
teksturirani papir 300 g,300 dot,118,100.0,52.0,81.0,0.0,28.0,1.0,-21.0,32.0,17.0,-25.0,4.62
teksturirani papir 300 g,300 dot,119,100.0,81.0,81.0,0.0,19.0,66.0,-5.0,23.0,55.0,-7.0,3.81
teksturirani papir 300 g,300 dot,120,100.0,100.0,81.0,0.0,17.0,0.0,0.0,20.0,10.0,0.0,2.15
teksturirani papir 300 g,300 dot,121,0.0,0.0,100.0,0.0,80.0,40.0,0.0,82.0,10.0,-0.0,1.6
teksturirani papir 300 g,300 dot,122,0.0,21.0,100.0,0.0,73.0,39.0,9.0,75.0,15.0,8.0,1.65
teksturirani papir 300 g,300 dot,123,0.0,52.0,100.0,0.0,60.0,59.0,26.0,59.0,42.0,30.0,3.32
teksturirani papir 300 g,300 dot,124,0.0,81.0,100.0,0.0,49.0,36.0,45.0,48.0,10.0,49.0,3.11
teksturirani papir 300 g,300 dot,125,0.0,100.0,100.0,0.0,42.0,53.0,57.0,42.0,53.0,58.0,0.32
teksturirani papir 300 g,300 dot,126,16.0,0.0,100.0,0.0,73.0,74.0,-4.0,80.0,0.0,-3.0,5.06
teksturirani papir 300 g,300 dot,127,16.0,21.0,100.0,0.0,64.0,12.0,3.0,73.0,75.0,2.0,8.09
teksturirani papir 300 g,300 dot,128,16.0,52.0,100.0,0.0,53.0,57.0,18.0,57.0,62.0,25.0,5.27
teksturirani papir 300 g,300 dot,129,16.0,81.0,100.0,0.0,45.0,24.0,34.0,46.0,72.0,45.0,4.82
teksturirani papir 300 g,300 dot,130,16.0,100.0,100.0,0.0,39.0,30.0,46.0,41.0,65.0,54.0,3.15
teksturirani papir 300 g,300 dot,131,39.0,0.0,100.0,0.0,66.0,6.0,-14.0,71.0,8.0,-15.0,4.5
teksturirani papir 300 g,300 dot,132,39.0,21.0,100.0,0.0,54.0,34.0,-5.0,61.0,76.0,-5.0,7.44
teksturirani papir 300 g,300 dot,133,39.0,52.0,100.0,0.0,43.0,76.0,8.0,46.0,87.0,12.0,3.91
teksturirani papir 300 g,300 dot,134,39.0,81.0,100.0,0.0,36.0,83.0,22.0,37.0,94.0,30.0,3.77
teksturirani papir 300 g,300 dot,135,39.0,100.0,100.0,0.0,33.0,47.0,32.0,35.0,5.0,40.0,3.21
teksturirani papir 300 g,300 dot,136,64.0,0.0,100.0,0.0,54.0,18.0,-31.0,59.0,76.0,-31.0,5.34
teksturirani papir 300 g,300 dot,137,64.0,21.0,100.0,0.0,45.0,53.0,-19.0,51.0,59.0,-21.0,6.68
teksturirani papir 300 g,300 dot,138,64.0,52.0,100.0,0.0,33.0,11.0,-2.0,40.0,7.0,-3.0,6.74
teksturirani papir 300 g,300 dot,139,64.0,81.0,100.0,0.0,26.0,85.0,8.0,29.0,35.0,13.0,3.95
teksturirani papir 300 g,300 dot,140,64.0,100.0,100.0,0.0,24.0,48.0,16.0,25.0,60.0,21.0,3.22
teksturirani papir 300 g,300 dot,141,85.0,0.0,100.0,0.0,48.0,40.0,-43.0,51.0,39.0,-45.0,3.31
teksturirani papir 300 g,300 dot,142,85.0,21.0,100.0,0.0,41.0,11.0,-32.0,46.0,16.0,-36.0,5.27
teksturirani papir 300 g,300 dot,143,85.0,52.0,100.0,0.0,29.0,65.0,-15.0,35.0,27.0,-16.0,5.13
teksturirani papir 300 g,300 dot,144,85.0,81.0,100.0,0.0,23.0,28.0,-0.0,26.0,48.0,-0.0,3.41
teksturirani papir 300 g,300 dot,145,85.0,100.0,100.0,0.0,21.0,12.0,5.0,22.0,79.0,7.0,3.01
teksturirani papir 300 g,300 dot,146,100.0,0.0,100.0,0.0,43.0,13.0,-53.0,46.0,92.0,-52.0,4.2
teksturirani papir 300 g,300 dot,147,100.0,21.0,100.0,0.0,38.0,89.0,-42.0,43.0,89.0,-47.0,5.65
teksturirani papir 300 g,300 dot,148,100.0,52.0,100.0,0.0,28.0,46.0,-23.0,32.0,54.0,-26.0,4.4
teksturirani papir 300 g,300 dot,149,100.0,81.0,100.0,0.0,19.0,59.0,-6.0,24.0,0.0,-7.0,3.92
teksturirani papir 300 g,300 dot,150,100.0,100.0,100.0,0.0,17.0,21.0,-0.0,21.0,97.0,-0.0,3.54
teksturirani papir 300 g,300 dot,151,0.0,0.0,0.0,25.0,63.0,83.0,0.0,70.0,87.0,0.0,5.66
teksturirani papir 300 g,300 dot,152,0.0,31.0,0.0,25.0,55.0,96.0,10.0,63.0,30.0,13.0,7.03
teksturirani papir 300 g,300 dot,153,0.0,72.0,0.0,25.0,42.0,66.0,29.0,44.0,45.0,36.0,3.43
teksturirani papir 300 g,300 dot,154,0.0,100.0,0.0,25.0,35.0,28.0,45.0,38.0,57.0,52.0,3.58
teksturirani papir 300 g,300 dot,155,21.0,0.0,0.0,25.0,61.0,26.0,-5.0,70.0,52.0,-5.0,7.87
teksturirani papir 300 g,300 dot,156,21.0,31.0,0.0,25.0,52.0,3.0,4.0,58.0,61.0,7.0,7.18
teksturirani papir 300 g,300 dot,157,21.0,72.0,0.0,25.0,39.0,74.0,23.0,42.0,18.0,31.0,4.63
teksturirani papir 300 g,300 dot,158,21.0,100.0,0.0,25.0,31.0,59.0,39.0,35.0,21.0,45.0,3.86
teksturirani papir 300 g,300 dot,159,52.0,0.0,0.0,25.0,51.0,38.0,-14.0,60.0,32.0,-17.0,8.53
teksturirani papir 300 g,300 dot,160,52.0,31.0,0.0,25.0,44.0,69.0,-5.0,49.0,15.0,-4.0,4.47
teksturirani papir 300 g,300 dot,161,52.0,72.0,0.0,25.0,33.0,53.0,11.0,35.0,16.0,17.0,4.67
teksturirani papir 300 g,300 dot,162,52.0,100.0,0.0,25.0,26.0,53.0,25.0,28.0,22.0,30.0,2.8
teksturirani papir 300 g,300 dot,163,81.0,0.0,0.0,25.0,43.0,76.0,-24.0,49.0,96.0,-28.0,6.31
teksturirani papir 300 g,300 dot,164,81.0,31.0,0.0,25.0,36.0,96.0,-14.0,41.0,53.0,-15.0,4.05
teksturirani papir 300 g,300 dot,165,81.0,72.0,0.0,25.0,26.0,65.0,1.0,30.0,9.0,4.0,3.5
teksturirani papir 300 g,300 dot,166,81.0,100.0,0.0,25.0,21.0,65.0,12.0,23.0,74.0,16.0,2.59
teksturirani papir 300 g,300 dot,167,100.0,0.0,0.0,25.0,39.0,40.0,-32.0,47.0,6.0,-35.0,7.25
teksturirani papir 300 g,300 dot,168,100.0,31.0,0.0,25.0,33.0,58.0,-20.0,39.0,55.0,-21.0,5.05
teksturirani papir 300 g,300 dot,169,100.0,72.0,0.0,25.0,25.0,30.0,-4.0,27.0,13.0,-1.0,2.59
teksturirani papir 300 g,300 dot,170,100.0,100.0,0.0,25.0,19.0,80.0,5.0,21.0,53.0,9.0,2.83
teksturirani papir 300 g,300 dot,171,0.0,0.0,31.0,25.0,64.0,88.0,-0.0,73.0,75.0,-0.0,7.75
teksturirani papir 300 g,300 dot,172,0.0,31.0,31.0,25.0,55.0,57.0,9.0,60.0,74.0,11.0,4.92
teksturirani papir 300 g,300 dot,173,0.0,72.0,31.0,25.0,42.0,84.0,29.0,44.0,35.0,36.0,3.44
teksturirani papir 300 g,300 dot,174,0.0,100.0,31.0,25.0,34.0,61.0,44.0,38.0,9.0,51.0,3.95
teksturirani papir 300 g,300 dot,175,21.0,0.0,31.0,25.0,57.0,84.0,-6.0,65.0,67.0,-5.0,7.97
teksturirani papir 300 g,300 dot,176,21.0,31.0,31.0,25.0,46.0,89.0,4.0,54.0,39.0,3.0,8.34
teksturirani papir 300 g,300 dot,177,21.0,72.0,31.0,25.0,37.0,7.0,21.0,38.0,99.0,28.0,3.58
teksturirani papir 300 g,300 dot,178,21.0,100.0,31.0,25.0,30.0,65.0,35.0,33.0,23.0,41.0,3.08
teksturirani papir 300 g,300 dot,179,52.0,0.0,31.0,25.0,49.0,75.0,-16.0,56.0,34.0,-18.0,7.03
teksturirani papir 300 g,300 dot,180,52.0,31.0,31.0,25.0,38.0,73.0,-4.0,46.0,27.0,-5.0,7.22
teksturirani papir 300 g,300 dot,181,52.0,72.0,31.0,25.0,28.0,40.0,11.0,32.0,36.0,15.0,4.59
teksturirani papir 300 g,300 dot,182,52.0,100.0,31.0,25.0,23.0,41.0,21.0,25.0,64.0,28.0,3.83
teksturirani papir 300 g,300 dot,183,81.0,0.0,31.0,25.0,41.0,95.0,-27.0,47.0,46.0,-30.0,5.59
teksturirani papir 300 g,300 dot,184,81.0,31.0,31.0,25.0,32.0,58.0,-15.0,38.0,42.0,-18.0,5.33
teksturirani papir 300 g,300 dot,185,81.0,72.0,31.0,25.0,23.0,89.0,0.0,26.0,70.0,2.0,3.03
teksturirani papir 300 g,300 dot,186,81.0,100.0,31.0,25.0,19.0,23.0,8.0,20.0,93.0,12.0,3.6
teksturirani papir 300 g,300 dot,187,100.0,0.0,31.0,25.0,38.0,45.0,-34.0,45.0,22.0,-39.0,7.11
teksturirani papir 300 g,300 dot,188,100.0,31.0,31.0,25.0,30.0,19.0,-22.0,36.0,21.0,-26.0,5.52
teksturirani papir 300 g,300 dot,189,100.0,72.0,31.0,25.0,21.0,29.0,-4.0,23.0,1.0,-4.0,1.69
teksturirani papir 300 g,300 dot,190,100.0,100.0,31.0,25.0,17.0,56.0,2.0,19.0,50.0,4.0,2.21
teksturirani papir 300 g,300 dot,191,0.0,0.0,72.0,25.0,62.0,9.0,-0.0,70.0,66.0,-1.0,8.01
teksturirani papir 300 g,300 dot,192,0.0,31.0,72.0,25.0,52.0,95.0,9.0,58.0,33.0,11.0,5.58
teksturirani papir 300 g,300 dot,193,0.0,72.0,72.0,25.0,41.0,53.0,27.0,43.0,36.0,35.0,3.92
teksturirani papir 300 g,300 dot,194,0.0,100.0,72.0,25.0,33.0,77.0,42.0,37.0,54.0,49.0,3.93
teksturirani papir 300 g,300 dot,195,21.0,0.0,72.0,25.0,56.0,1.0,-5.0,63.0,8.0,-5.0,6.73
teksturirani papir 300 g,300 dot,196,21.0,31.0,72.0,25.0,45.0,94.0,3.0,52.0,17.0,4.0,6.6
teksturirani papir 300 g,300 dot,197,21.0,72.0,72.0,25.0,34.0,81.0,20.0,39.0,15.0,27.0,5.17
teksturirani papir 300 g,300 dot,198,21.0,100.0,72.0,25.0,29.0,71.0,33.0,33.0,26.0,40.0,3.71
teksturirani papir 300 g,300 dot,199,52.0,0.0,72.0,25.0,47.0,22.0,-18.0,53.0,5.0,-19.0,6.57
teksturirani papir 300 g,300 dot,200,52.0,31.0,72.0,25.0,36.0,67.0,-5.0,43.0,51.0,-5.0,6.9
teksturirani papir 300 g,300 dot,201,52.0,72.0,72.0,25.0,27.0,88.0,9.0,29.0,57.0,12.0,2.78
teksturirani papir 300 g,300 dot,202,52.0,100.0,72.0,25.0,22.0,75.0,18.0,23.0,74.0,25.0,3.81
teksturirani papir 300 g,300 dot,203,81.0,0.0,72.0,25.0,39.0,79.0,-31.0,44.0,28.0,-35.0,5.0
teksturirani papir 300 g,300 dot,204,81.0,31.0,72.0,25.0,31.0,85.0,-17.0,35.0,76.0,-20.0,4.5
teksturirani papir 300 g,300 dot,205,81.0,72.0,72.0,25.0,19.0,65.0,-0.0,24.0,83.0,-1.0,4.15
teksturirani papir 300 g,300 dot,206,81.0,100.0,72.0,25.0,18.0,20.0,5.0,20.0,76.0,8.0,3.02
teksturirani papir 300 g,300 dot,207,100.0,0.0,72.0,25.0,35.0,89.0,-40.0,41.0,99.0,-44.0,6.11
teksturirani papir 300 g,300 dot,208,100.0,31.0,72.0,25.0,28.0,88.0,-25.0,34.0,22.0,-29.0,4.97
teksturirani papir 300 g,300 dot,209,100.0,72.0,72.0,25.0,19.0,58.0,-6.0,24.0,81.0,-8.0,4.31
teksturirani papir 300 g,300 dot,210,100.0,100.0,72.0,25.0,16.0,48.0,0.0,18.0,3.0,0.0,1.3
teksturirani papir 300 g,300 dot,211,0.0,0.0,100.0,25.0,61.0,29.0,-1.0,71.0,28.0,-1.0,8.56
teksturirani papir 300 g,300 dot,212,0.0,31.0,100.0,25.0,53.0,31.0,9.0,59.0,7.0,12.0,5.93
teksturirani papir 300 g,300 dot,213,0.0,72.0,100.0,25.0,41.0,43.0,28.0,44.0,4.0,37.0,4.81
teksturirani papir 300 g,300 dot,214,0.0,100.0,100.0,25.0,33.0,98.0,42.0,37.0,66.0,49.0,3.71
teksturirani papir 300 g,300 dot,215,21.0,0.0,100.0,25.0,55.0,82.0,-6.0,62.0,48.0,-5.0,6.58
teksturirani papir 300 g,300 dot,216,21.0,31.0,100.0,25.0,47.0,7.0,2.0,52.0,21.0,3.0,5.88
teksturirani papir 300 g,300 dot,217,21.0,72.0,100.0,25.0,36.0,59.0,21.0,37.0,21.0,29.0,4.16
teksturirani papir 300 g,300 dot,218,21.0,100.0,100.0,25.0,29.0,45.0,34.0,32.0,4.0,39.0,3.05
teksturirani papir 300 g,300 dot,219,52.0,0.0,100.0,25.0,45.0,91.0,-19.0,51.0,62.0,-20.0,6.27
teksturirani papir 300 g,300 dot,220,52.0,31.0,100.0,25.0,36.0,30.0,-6.0,41.0,99.0,-7.0,5.79
teksturirani papir 300 g,300 dot,221,52.0,72.0,100.0,25.0,26.0,5.0,8.0,30.0,11.0,12.0,4.52
teksturirani papir 300 g,300 dot,222,52.0,100.0,100.0,25.0,22.0,83.0,18.0,25.0,25.0,23.0,3.56
teksturirani papir 300 g,300 dot,223,81.0,0.0,100.0,25.0,39.0,14.0,-33.0,44.0,7.0,-35.0,4.63
teksturirani papir 300 g,300 dot,224,81.0,31.0,100.0,25.0,31.0,33.0,-19.0,35.0,76.0,-22.0,4.23
teksturirani papir 300 g,300 dot,225,81.0,72.0,100.0,25.0,21.0,73.0,-2.0,26.0,14.0,-2.0,4.07
teksturirani papir 300 g,300 dot,226,81.0,100.0,100.0,25.0,16.0,96.0,5.0,19.0,9.0,7.0,3.27
teksturirani papir 300 g,300 dot,227,100.0,0.0,100.0,25.0,35.0,48.0,-44.0,40.0,91.0,-47.0,5.43
teksturirani papir 300 g,300 dot,228,100.0,31.0,100.0,25.0,27.0,93.0,-28.0,32.0,61.0,-32.0,4.75
teksturirani papir 300 g,300 dot,229,100.0,72.0,100.0,25.0,19.0,3.0,-8.0,22.0,72.0,-10.0,4.01
teksturirani papir 300 g,300 dot,230,100.0,100.0,100.0,25.0,14.0,40.0,-0.0,18.0,93.0,-1.0,3.59
teksturirani papir 300 g,300 dot,231,0.0,0.0,0.0,60.0,35.0,72.0,-0.0,41.0,16.0,-0.0,4.7
teksturirani papir 300 g,300 dot,232,0.0,31.0,0.0,60.0,34.0,42.0,5.0,37.0,99.0,6.0,3.45
teksturirani papir 300 g,300 dot,233,0.0,72.0,0.0,60.0,27.0,7.0,16.0,27.0,32.0,21.0,3.31
teksturirani papir 300 g,300 dot,234,0.0,100.0,0.0,60.0,21.0,52.0,26.0,24.0,49.0,29.0,2.65
teksturirani papir 300 g,300 dot,235,31.0,0.0,0.0,60.0,34.0,28.0,-5.0,41.0,55.0,-6.0,6.57
teksturirani papir 300 g,300 dot,236,31.0,31.0,0.0,60.0,28.0,93.0,0.0,35.0,75.0,1.0,5.61
teksturirani papir 300 g,300 dot,237,31.0,72.0,0.0,60.0,22.0,59.0,11.0,26.0,58.0,15.0,4.28
teksturirani papir 300 g,300 dot,238,31.0,100.0,0.0,60.0,18.0,74.0,18.0,20.0,79.0,23.0,3.34
teksturirani papir 300 g,300 dot,239,72.0,0.0,0.0,60.0,27.0,93.0,-13.0,34.0,15.0,-16.0,5.37
teksturirani papir 300 g,300 dot,240,72.0,31.0,0.0,60.0,24.0,91.0,-6.0,27.0,86.0,-7.0,2.59
teksturirani papir 300 g,300 dot,241,72.0,72.0,0.0,60.0,18.0,31.0,2.0,20.0,12.0,5.0,3.1
teksturirani papir 300 g,300 dot,242,72.0,100.0,0.0,60.0,14.0,90.0,9.0,17.0,5.0,12.0,2.98
teksturirani papir 300 g,300 dot,243,100.0,0.0,0.0,60.0,24.0,32.0,-17.0,30.0,4.0,-22.0,5.0
teksturirani papir 300 g,300 dot,244,100.0,31.0,0.0,60.0,20.0,51.0,-10.0,23.0,51.0,-12.0,2.7
teksturirani papir 300 g,300 dot,245,100.0,72.0,0.0,60.0,15.0,94.0,-0.0,18.0,62.0,-0.0,2.01
teksturirani papir 300 g,300 dot,246,100.0,100.0,0.0,60.0,14.0,55.0,3.0,15.0,28.0,5.0,1.92
teksturirani papir 300 g,300 dot,247,0.0,0.0,31.0,60.0,37.0,56.0,-1.0,43.0,55.0,-1.0,6.43
teksturirani papir 300 g,300 dot,248,0.0,31.0,31.0,60.0,31.0,57.0,4.0,36.0,96.0,5.0,4.79
teksturirani papir 300 g,300 dot,249,0.0,72.0,31.0,60.0,25.0,99.0,16.0,27.0,49.0,21.0,3.47
teksturirani papir 300 g,300 dot,250,0.0,100.0,31.0,60.0,21.0,52.0,24.0,24.0,21.0,29.0,3.17
teksturirani papir 300 g,300 dot,251,31.0,0.0,31.0,60.0,32.0,32.0,-5.0,37.0,71.0,-6.0,5.1
teksturirani papir 300 g,300 dot,252,31.0,31.0,31.0,60.0,26.0,66.0,0.0,32.0,5.0,-0.0,4.51
teksturirani papir 300 g,300 dot,253,31.0,72.0,31.0,60.0,22.0,21.0,10.0,23.0,62.0,14.0,2.86
teksturirani papir 300 g,300 dot,254,31.0,100.0,31.0,60.0,18.0,1.0,18.0,20.0,49.0,22.0,2.87
teksturirani papir 300 g,300 dot,255,72.0,0.0,31.0,60.0,26.0,58.0,-14.0,31.0,64.0,-17.0,4.8
teksturirani papir 300 g,300 dot,256,72.0,31.0,31.0,60.0,21.0,47.0,-7.0,26.0,51.0,-9.0,4.55
teksturirani papir 300 g,300 dot,257,72.0,72.0,31.0,60.0,16.0,43.0,2.0,20.0,9.0,3.0,2.93
teksturirani papir 300 g,300 dot,258,72.0,100.0,31.0,60.0,15.0,27.0,6.0,16.0,9.0,9.0,2.82
teksturirani papir 300 g,300 dot,259,100.0,0.0,31.0,60.0,23.0,34.0,-20.0,27.0,71.0,-24.0,4.85
teksturirani papir 300 g,300 dot,260,100.0,31.0,31.0,60.0,19.0,8.0,-11.0,23.0,38.0,-15.0,4.36
teksturirani papir 300 g,300 dot,261,100.0,72.0,31.0,60.0,14.0,37.0,-1.0,16.0,48.0,-2.0,2.0
teksturirani papir 300 g,300 dot,262,100.0,100.0,31.0,60.0,12.0,36.0,2.0,14.0,14.0,3.0,1.9
teksturirani papir 300 g,300 dot,263,0.0,0.0,72.0,60.0,37.0,34.0,-2.0,43.0,90.0,-2.0,6.82
teksturirani papir 300 g,300 dot,264,0.0,31.0,72.0,60.0,32.0,9.0,4.0,37.0,93.0,5.0,5.59
teksturirani papir 300 g,300 dot,265,0.0,72.0,72.0,60.0,25.0,37.0,16.0,27.0,46.0,21.0,3.69
teksturirani papir 300 g,300 dot,266,0.0,100.0,72.0,60.0,21.0,59.0,22.0,22.0,97.0,28.0,3.31
teksturirani papir 300 g,300 dot,267,31.0,0.0,72.0,60.0,32.0,29.0,-7.0,37.0,13.0,-7.0,4.65
teksturirani papir 300 g,300 dot,268,31.0,31.0,72.0,60.0,27.0,11.0,-1.0,31.0,50.0,-1.0,4.34
teksturirani papir 300 g,300 dot,269,31.0,72.0,72.0,60.0,21.0,68.0,9.0,23.0,66.0,12.0,3.11
teksturirani papir 300 g,300 dot,270,31.0,100.0,72.0,60.0,17.0,58.0,15.0,20.0,49.0,19.0,3.27
teksturirani papir 300 g,300 dot,271,72.0,0.0,72.0,60.0,24.0,79.0,-16.0,30.0,2.0,-19.0,4.7
teksturirani papir 300 g,300 dot,272,72.0,31.0,72.0,60.0,20.0,83.0,-9.0,24.0,93.0,-11.0,4.01
teksturirani papir 300 g,300 dot,273,72.0,72.0,72.0,60.0,16.0,35.0,0.0,20.0,8.0,0.0,3.01
teksturirani papir 300 g,300 dot,274,72.0,100.0,72.0,60.0,13.0,69.0,5.0,15.0,83.0,7.0,2.63
teksturirani papir 300 g,300 dot,275,100.0,0.0,72.0,60.0,20.0,98.0,-22.0,26.0,56.0,-26.0,5.04
teksturirani papir 300 g,300 dot,276,100.0,31.0,72.0,60.0,17.0,67.0,-13.0,22.0,24.0,-16.0,4.35
teksturirani papir 300 g,300 dot,277,100.0,72.0,72.0,60.0,13.0,71.0,-3.0,16.0,84.0,-6.0,4.1
teksturirani papir 300 g,300 dot,278,100.0,100.0,72.0,60.0,11.0,79.0,0.0,14.0,37.0,0.0,1.9
teksturirani papir 300 g,300 dot,279,0.0,0.0,100.0,60.0,36.0,73.0,-3.0,42.0,95.0,-3.0,6.33
teksturirani papir 300 g,300 dot,280,0.0,31.0,100.0,60.0,30.0,35.0,2.0,34.0,57.0,4.0,4.33
teksturirani papir 300 g,300 dot,281,0.0,72.0,100.0,60.0,26.0,62.0,13.0,27.0,75.0,19.0,4.2
teksturirani papir 300 g,300 dot,282,0.0,100.0,100.0,60.0,21.0,59.0,21.0,23.0,79.0,27.0,3.39
teksturirani papir 300 g,300 dot,283,31.0,0.0,100.0,60.0,32.0,71.0,-8.0,37.0,41.0,-8.0,4.9
teksturirani papir 300 g,300 dot,284,31.0,31.0,100.0,60.0,27.0,46.0,-1.0,31.0,65.0,-2.0,4.26
teksturirani papir 300 g,300 dot,285,31.0,72.0,100.0,60.0,20.0,77.0,8.0,23.0,19.0,11.0,3.69
teksturirani papir 300 g,300 dot,286,31.0,100.0,100.0,60.0,17.0,97.0,14.0,19.0,85.0,19.0,3.04
teksturirani papir 300 g,300 dot,287,72.0,0.0,100.0,60.0,24.0,79.0,-18.0,28.0,60.0,-21.0,4.02
teksturirani papir 300 g,300 dot,288,72.0,31.0,100.0,60.0,20.0,29.0,-10.0,24.0,14.0,-11.0,3.56
teksturirani papir 300 g,300 dot,289,72.0,72.0,100.0,60.0,16.0,30.0,-0.0,19.0,44.0,0.0,3.13
teksturirani papir 300 g,300 dot,290,72.0,100.0,100.0,60.0,14.0,51.0,3.0,15.0,42.0,6.0,3.13
teksturirani papir 300 g,300 dot,291,100.0,0.0,100.0,60.0,21.0,82.0,-23.0,26.0,44.0,-28.0,4.31
teksturirani papir 300 g,300 dot,292,100.0,31.0,100.0,60.0,18.0,84.0,-14.0,21.0,79.0,-19.0,3.92
teksturirani papir 300 g,300 dot,293,100.0,72.0,100.0,60.0,14.0,83.0,-4.0,17.0,85.0,-6.0,3.51
teksturirani papir 300 g,300 dot,294,100.0,100.0,100.0,60.0,12.0,22.0,-0.0,14.0,62.0,-0.0,1.72
teksturirani papir 300 g,300 dot,295,0.0,0.0,0.0,88.0,20.0,3.0,-0.0,23.0,13.0,-0.0,2.24
teksturirani papir 300 g,300 dot,296,0.0,52.0,0.0,88.0,17.0,4.0,4.0,19.0,38.0,7.0,3.11
teksturirani papir 300 g,300 dot,297,0.0,100.0,0.0,88.0,14.0,47.0,10.0,15.0,13.0,14.0,3.47
teksturirani papir 300 g,300 dot,298,31.0,0.0,0.0,88.0,17.0,69.0,-2.0,22.0,1.0,-4.0,3.65
teksturirani papir 300 g,300 dot,299,31.0,52.0,0.0,88.0,15.0,64.0,2.0,17.0,72.0,4.0,2.14
teksturirani papir 300 g,300 dot,300,31.0,100.0,0.0,88.0,12.0,81.0,8.0,12.0,86.0,11.0,2.5
teksturirani papir 300 g,300 dot,301,72.0,0.0,0.0,88.0,15.0,16.0,-4.0,17.0,74.0,-7.0,3.48
teksturirani papir 300 g,300 dot,302,72.0,52.0,0.0,88.0,12.0,52.0,0.0,14.0,34.0,0.0,1.58
teksturirani papir 300 g,300 dot,303,72.0,100.0,0.0,88.0,11.0,89.0,4.0,12.0,95.0,5.0,1.62
teksturirani papir 300 g,300 dot,304,100.0,0.0,0.0,88.0,13.0,59.0,-4.0,16.0,99.0,-8.0,4.23
teksturirani papir 300 g,300 dot,305,100.0,52.0,0.0,88.0,12.0,23.0,-0.0,14.0,52.0,-1.0,2.29
teksturirani papir 300 g,300 dot,306,100.0,100.0,0.0,88.0,12.0,35.0,2.0,12.0,48.0,2.0,1.33
teksturirani papir 300 g,300 dot,307,0.0,0.0,52.0,88.0,20.0,65.0,-1.0,25.0,60.0,-1.0,4.48
teksturirani papir 300 g,300 dot,308,0.0,52.0,52.0,88.0,16.0,51.0,3.0,18.0,18.0,6.0,2.82
teksturirani papir 300 g,300 dot,309,0.0,100.0,52.0,88.0,14.0,4.0,9.0,15.0,10.0,12.0,3.06
teksturirani papir 300 g,300 dot,310,31.0,0.0,52.0,88.0,18.0,52.0,-3.0,21.0,55.0,-5.0,3.51
teksturirani papir 300 g,300 dot,311,31.0,52.0,52.0,88.0,14.0,46.0,1.0,17.0,42.0,2.0,2.6
teksturirani papir 300 g,300 dot,312,31.0,100.0,52.0,88.0,13.0,92.0,5.0,14.0,24.0,8.0,3.41
teksturirani papir 300 g,300 dot,313,72.0,0.0,52.0,88.0,15.0,74.0,-6.0,17.0,4.0,-9.0,3.41
teksturirani papir 300 g,300 dot,314,72.0,52.0,52.0,88.0,11.0,80.0,-0.0,15.0,35.0,-2.0,3.31
teksturirani papir 300 g,300 dot,315,72.0,100.0,52.0,88.0,10.0,62.0,2.0,12.0,24.0,2.0,1.19
teksturirani papir 300 g,300 dot,316,100.0,0.0,52.0,88.0,14.0,10.0,-7.0,15.0,96.0,-10.0,3.97
teksturirani papir 300 g,300 dot,317,100.0,52.0,52.0,88.0,11.0,68.0,-1.0,13.0,80.0,-4.0,3.79
teksturirani papir 300 g,300 dot,318,100.0,100.0,52.0,88.0,11.0,87.0,0.0,11.0,57.0,0.0,0.94
teksturirani papir 300 g,300 dot,319,0.0,0.0,100.0,88.0,21.0,17.0,-3.0,24.0,40.0,-3.0,4.02
teksturirani papir 300 g,300 dot,320,0.0,52.0,100.0,88.0,16.0,28.0,1.0,18.0,83.0,4.0,4.33
teksturirani papir 300 g,300 dot,321,0.0,100.0,100.0,88.0,14.0,80.0,6.0,15.0,70.0,10.0,3.38
teksturirani papir 300 g,300 dot,322,31.0,0.0,100.0,88.0,18.0,9.0,-4.0,21.0,44.0,-4.0,3.56
teksturirani papir 300 g,300 dot,323,31.0,52.0,100.0,88.0,15.0,85.0,0.0,17.0,67.0,1.0,2.86
teksturirani papir 300 g,300 dot,324,31.0,100.0,100.0,88.0,14.0,54.0,3.0,14.0,90.0,6.0,2.9
teksturirani papir 300 g,300 dot,325,72.0,0.0,100.0,88.0,15.0,56.0,-8.0,17.0,46.0,-9.0,2.17
teksturirani papir 300 g,300 dot,326,72.0,52.0,100.0,88.0,13.0,63.0,-2.0,15.0,42.0,-3.0,2.32
teksturirani papir 300 g,300 dot,327,72.0,100.0,100.0,88.0,11.0,90.0,1.0,14.0,11.0,1.0,1.65
teksturirani papir 300 g,300 dot,328,100.0,0.0,100.0,88.0,14.0,21.0,-8.0,16.0,86.0,-11.0,3.29
teksturirani papir 300 g,300 dot,329,100.0,52.0,100.0,88.0,10.0,92.0,-2.0,13.0,73.0,-5.0,4.0
teksturirani papir 300 g,300 dot,330,100.0,100.0,100.0,88.0,12.0,89.0,-0.0,13.0,32.0,-0.0,0.86
teksturirani papir 300 g,300 dot,331,0.0,0.0,0.0,100.0,15.0,15.0,-0.0,15.0,74.0,-0.0,0.4
teksturirani papir 300 g,300 dot,332,0.0,52.0,0.0,100.0,11.0,45.0,2.0,13.0,34.0,3.0,1.61
teksturirani papir 300 g,300 dot,333,0.0,100.0,0.0,100.0,11.0,34.0,4.0,13.0,49.0,6.0,2.52
teksturirani papir 300 g,300 dot,334,52.0,0.0,0.0,100.0,11.0,17.0,-0.0,13.0,59.0,-3.0,3.74
teksturirani papir 300 g,300 dot,335,52.0,52.0,0.0,100.0,10.0,79.0,1.0,13.0,2.0,0.0,1.7
teksturirani papir 300 g,300 dot,336,52.0,100.0,0.0,100.0,10.0,24.0,3.0,11.0,81.0,4.0,1.71
teksturirani papir 300 g,300 dot,337,100.0,0.0,0.0,100.0,12.0,39.0,-1.0,14.0,60.0,-4.0,3.74
teksturirani papir 300 g,300 dot,338,100.0,52.0,0.0,100.0,11.0,33.0,0.0,12.0,32.0,-0.0,2.54
teksturirani papir 300 g,300 dot,339,100.0,100.0,0.0,100.0,10.0,98.0,2.0,11.0,79.0,1.0,1.22
teksturirani papir 300 g,300 dot,340,0.0,0.0,52.0,100.0,14.0,19.0,-1.0,15.0,76.0,-1.0,2.04
teksturirani papir 300 g,300 dot,341,0.0,52.0,52.0,100.0,12.0,55.0,1.0,13.0,75.0,2.0,1.57
teksturirani papir 300 g,300 dot,342,0.0,100.0,52.0,100.0,10.0,92.0,2.0,12.0,90.0,4.0,2.43
teksturirani papir 300 g,300 dot,343,52.0,0.0,52.0,100.0,11.0,59.0,-1.0,13.0,46.0,-3.0,2.78
teksturirani papir 300 g,300 dot,344,52.0,52.0,52.0,100.0,12.0,58.0,0.0,15.0,4.0,-0.0,1.76
teksturirani papir 300 g,300 dot,345,52.0,100.0,52.0,100.0,11.0,51.0,1.0,13.0,90.0,2.0,1.61
teksturirani papir 300 g,300 dot,346,100.0,0.0,52.0,100.0,11.0,9.0,-2.0,13.0,3.0,-5.0,3.72
teksturirani papir 300 g,300 dot,347,100.0,52.0,52.0,100.0,11.0,49.0,-1.0,13.0,69.0,-2.0,2.18
teksturirani papir 300 g,300 dot,348,100.0,100.0,52.0,100.0,12.0,21.0,0.0,13.0,89.0,0.0,1.22
teksturirani papir 300 g,300 dot,349,0.0,0.0,100.0,100.0,13.0,84.0,-2.0,15.0,82.0,-2.0,2.5
teksturirani papir 300 g,300 dot,350,0.0,52.0,100.0,100.0,13.0,75.0,0.0,15.0,54.0,1.0,2.13
teksturirani papir 300 g,300 dot,351,0.0,100.0,100.0,100.0,12.0,78.0,1.0,13.0,32.0,3.0,2.36
teksturirani papir 300 g,300 dot,352,52.0,0.0,100.0,100.0,12.0,96.0,-3.0,14.0,32.0,-4.0,2.27
teksturirani papir 300 g,300 dot,353,52.0,52.0,100.0,100.0,14.0,17.0,-0.0,14.0,27.0,-0.0,0.78
teksturirani papir 300 g,300 dot,354,52.0,100.0,100.0,100.0,12.0,89.0,0.0,13.0,14.0,1.0,1.03
teksturirani papir 300 g,300 dot,355,100.0,0.0,100.0,100.0,11.0,79.0,-4.0,14.0,34.0,-6.0,2.91
teksturirani papir 300 g,300 dot,356,100.0,52.0,100.0,100.0,10.0,75.0,-1.0,14.0,55.0,-3.0,3.07
teksturirani papir 300 g,300 dot,357,100.0,100.0,100.0,100.0,12.0,32.0,-0.0,13.0,90.0,-0.0,1.54
teksturirani papir 300 g,300 dot,358,5.0,0.0,0.0,0.0,83.0,89.0,0.0,85.0,88.0,1.0,2.47
teksturirani papir 300 g,300 dot,359,28.0,0.0,0.0,0.0,75.0,87.0,-8.0,78.0,25.0,-8.0,2.22
teksturirani papir 300 g,300 dot,360,95.0,0.0,0.0,0.0,50.0,5.0,-35.0,51.0,85.0,-35.0,1.81
teksturirani papir 300 g,300 dot,361,0.0,4.0,0.0,0.0,84.0,26.0,2.0,85.0,35.0,2.0,0.74
teksturirani papir 300 g,300 dot,362,0.0,11.0,0.0,0.0,80.0,98.0,3.0,85.0,26.0,2.0,3.59
teksturirani papir 300 g,300 dot,363,0.0,93.0,0.0,0.0,46.0,50.0,54.0,46.0,39.0,58.0,1.48
teksturirani papir 300 g,300 dot,364,0.0,0.0,4.0,0.0,85.0,32.0,2.0,85.0,6.0,2.0,0.38
teksturirani papir 300 g,300 dot,365,0.0,0.0,11.0,0.0,85.0,14.0,1.0,85.0,2.0,1.0,1.01
teksturirani papir 300 g,300 dot,366,0.0,0.0,93.0,0.0,82.0,15.0,-0.0,82.0,99.0,-1.0,1.05
teksturirani papir 300 g,300 dot,367,0.0,0.0,0.0,4.0,80.0,66.0,1.0,84.0,70.0,1.0,2.76
teksturirani papir 300 g,300 dot,368,0.0,0.0,0.0,13.0,72.0,68.0,1.0,80.0,64.0,1.0,5.81
teksturirani papir 300 g,300 dot,369,0.0,0.0,0.0,95.0,15.0,78.0,-0.0,19.0,15.0,-0.0,2.28
teksturirani papir 300 g,300 dot,370,9.0,7.0,7.0,0.0,77.0,80.0,0.0,84.0,41.0,1.0,4.95
teksturirani papir 300 g,300 dot,371,19.0,15.0,15.0,0.0,67.0,24.0,0.0,77.0,32.0,1.0,8.08
teksturirani papir 300 g,300 dot,372,29.0,23.0,23.0,0.0,58.0,14.0,0.0,65.0,5.0,0.0,6.3
teksturirani papir 300 g,300 dot,373,39.0,31.0,31.0,0.0,48.0,89.0,-0.0,54.0,86.0,-0.0,6.23
teksturirani papir 300 g,300 dot,374,49.0,39.0,39.0,4.0,39.0,3.0,-0.0,44.0,15.0,-0.0,4.7
teksturirani papir 300 g,300 dot,375,59.0,47.0,47.0,16.0,29.0,62.0,-1.0,34.0,30.0,-1.0,3.94
teksturirani papir 300 g,300 dot,376,69.0,55.0,55.0,31.0,24.0,92.0,-1.0,29.0,61.0,-1.0,3.79
teksturirani papir 300 g,300 dot,377,79.0,63.0,63.0,48.0,19.0,99.0,-2.0,23.0,13.0,-3.0,2.77
teksturirani papir 300 g,300 dot,378,89.0,71.0,71.0,72.0,15.0,21.0,-1.0,16.0,99.0,-2.0,2.23
teksturirani papir 300 g,300 dot,379,99.0,79.0,79.0,100.0,13.0,60.0,-0.0,14.0,34.0,-1.0,0.84
teksturirani papir 300 g,300 dot,380,9.0,7.0,7.0,0.0,77.0,50.0,1.0,84.0,14.0,2.0,4.79
teksturirani papir 300 g,300 dot,381,18.0,14.0,14.0,0.0,69.0,68.0,0.0,78.0,83.0,1.0,7.31
teksturirani papir 300 g,300 dot,382,27.0,21.0,21.0,0.0,60.0,54.0,0.0,67.0,64.0,0.0,6.24
teksturirani papir 300 g,300 dot,383,36.0,29.0,29.0,0.0,52.0,69.0,-0.0,59.0,15.0,-0.0,6.41
teksturirani papir 300 g,300 dot,384,45.0,36.0,36.0,0.0,44.0,54.0,-0.0,48.0,40.0,-0.0,3.96
teksturirani papir 300 g,300 dot,385,54.0,43.0,43.0,0.0,37.0,40.0,-0.0,43.0,1.0,-0.0,5.15
teksturirani papir 300 g,300 dot,386,63.0,50.0,50.0,0.0,32.0,87.0,-1.0,36.0,25.0,-1.0,3.14
teksturirani papir 300 g,300 dot,387,72.0,58.0,58.0,0.0,28.0,41.0,-2.0,32.0,60.0,-2.0,3.45
teksturirani papir 300 g,300 dot,388,81.0,65.0,65.0,2.0,24.0,86.0,-3.0,28.0,71.0,-4.0,3.14
teksturirani papir 300 g,300 dot,389,90.0,72.0,72.0,49.0,17.0,25.0,-3.0,20.0,6.0,-5.0,3.19
teksturirani papir 300 g,300 dot,390,24.0,19.0,19.0,11.0,55.0,39.0,0.0,63.0,78.0,0.0,7.7
teksturirani papir 300 g,300 dot,391,49.0,39.0,39.0,30.0,30.0,99.0,-0.0,36.0,47.0,-0.0,4.58
teksturirani papir 300 g,300 dot,392,74.0,59.0,59.0,59.0,19.0,52.0,-1.0,22.0,48.0,-2.0,2.51
teksturirani papir 300 g,300 dot,393,28.0,0.0,0.0,0.0,76.0,29.0,-8.0,78.0,86.0,-7.0,2.71
teksturirani papir 300 g,300 dot,394,64.0,0.0,0.0,0.0,59.0,50.0,-26.0,61.0,50.0,-27.0,1.89
teksturirani papir 300 g,300 dot,395,0.0,21.0,0.0,0.0,79.0,67.0,7.0,82.0,88.0,4.0,4.57
teksturirani papir 300 g,300 dot,396,0.0,52.0,0.0,0.0,66.0,41.0,23.0,66.0,19.0,28.0,2.28
teksturirani papir 300 g,300 dot,397,0.0,0.0,21.0,0.0,85.0,0.0,0.0,85.0,27.0,1.0,1.0
teksturirani papir 300 g,300 dot,398,0.0,0.0,52.0,0.0,84.0,5.0,-0.0,84.0,50.0,-0.0,1.57
teksturirani papir 300 g,300 dot,399,0.0,0.0,0.0,25.0,62.0,44.0,0.0,68.0,10.0,0.0,4.72
teksturirani papir 300 g,300 dot,400,0.0,0.0,0.0,60.0,34.0,59.0,-0.0,37.0,51.0,-0.0,2.44
teksturirani papir 300 g,600 dot,1,0.0,0.0,0.0,0.0,85.0,75.0,2.0,85.0,21.0,2.0,0.4
teksturirani papir 300 g,600 dot,2,0.0,21.0,0.0,0.0,76.0,84.0,9.0,83.0,63.0,4.0,8.19
teksturirani papir 300 g,600 dot,3,0.0,52.0,0.0,0.0,64.0,0.0,25.0,59.0,55.0,39.0,8.59
teksturirani papir 300 g,600 dot,4,0.0,81.0,0.0,0.0,53.0,84.0,41.0,48.0,52.0,56.0,7.56
teksturirani papir 300 g,600 dot,5,0.0,100.0,0.0,0.0,45.0,70.0,57.0,44.0,82.0,61.0,2.02
teksturirani papir 300 g,600 dot,6,16.0,0.0,0.0,0.0,79.0,94.0,-3.0,85.0,19.0,1.0,9.63
teksturirani papir 300 g,600 dot,7,16.0,21.0,0.0,0.0,72.0,60.0,3.0,82.0,92.0,3.0,10.68
teksturirani papir 300 g,600 dot,8,16.0,52.0,0.0,0.0,60.0,35.0,19.0,59.0,36.0,38.0,8.91
teksturirani papir 300 g,600 dot,9,16.0,81.0,0.0,0.0,48.0,78.0,34.0,49.0,10.0,54.0,6.72
teksturirani papir 300 g,600 dot,10,16.0,100.0,0.0,0.0,41.0,76.0,49.0,43.0,91.0,61.0,4.0
teksturirani papir 300 g,600 dot,11,39.0,0.0,0.0,0.0,70.0,60.0,-12.0,72.0,93.0,-14.0,2.4
teksturirani papir 300 g,600 dot,12,39.0,21.0,0.0,0.0,64.0,12.0,-4.0,72.0,34.0,-10.0,8.88
teksturirani papir 300 g,600 dot,13,39.0,52.0,0.0,0.0,52.0,50.0,9.0,50.0,75.0,22.0,8.43
teksturirani papir 300 g,600 dot,14,39.0,81.0,0.0,0.0,42.0,41.0,25.0,41.0,55.0,42.0,6.84
teksturirani papir 300 g,600 dot,15,39.0,100.0,0.0,0.0,36.0,66.0,38.0,36.0,52.0,48.0,3.24
teksturirani papir 300 g,600 dot,16,64.0,0.0,0.0,0.0,61.0,85.0,-22.0,59.0,60.0,-29.0,4.21
teksturirani papir 300 g,600 dot,17,64.0,21.0,0.0,0.0,55.0,46.0,-15.0,57.0,33.0,-26.0,5.69
teksturirani papir 300 g,600 dot,18,64.0,52.0,0.0,0.0,47.0,9.0,-2.0,41.0,6.0,1.0,6.09
teksturirani papir 300 g,600 dot,19,64.0,81.0,0.0,0.0,37.0,80.0,11.0,31.0,25.0,19.0,7.05
teksturirani papir 300 g,600 dot,20,64.0,100.0,0.0,0.0,32.0,37.0,22.0,26.0,64.0,26.0,5.49
teksturirani papir 300 g,600 dot,21,85.0,0.0,0.0,0.0,55.0,14.0,-30.0,53.0,20.0,-34.0,2.68
teksturirani papir 300 g,600 dot,22,85.0,21.0,0.0,0.0,49.0,48.0,-24.0,52.0,31.0,-32.0,4.21
teksturirani papir 300 g,600 dot,23,85.0,52.0,0.0,0.0,40.0,48.0,-11.0,37.0,1.0,-7.0,4.06
teksturirani papir 300 g,600 dot,24,85.0,81.0,0.0,0.0,33.0,3.0,2.0,27.0,3.0,10.0,6.19
teksturirani papir 300 g,600 dot,25,85.0,100.0,0.0,0.0,28.0,40.0,10.0,24.0,49.0,16.0,3.86
teksturirani papir 300 g,600 dot,26,100.0,0.0,0.0,0.0,48.0,31.0,-36.0,50.0,73.0,-35.0,2.62
teksturirani papir 300 g,600 dot,27,100.0,21.0,0.0,0.0,42.0,7.0,-30.0,49.0,94.0,-34.0,7.76
teksturirani papir 300 g,600 dot,28,100.0,52.0,0.0,0.0,35.0,65.0,-17.0,35.0,89.0,-12.0,3.18
teksturirani papir 300 g,600 dot,29,100.0,81.0,0.0,0.0,29.0,27.0,-4.0,25.0,85.0,5.0,6.69
teksturirani papir 300 g,600 dot,30,100.0,100.0,0.0,0.0,25.0,3.0,5.0,22.0,47.0,12.0,4.93
teksturirani papir 300 g,600 dot,31,0.0,0.0,21.0,0.0,84.0,7.0,0.0,85.0,2.0,1.0,4.11
teksturirani papir 300 g,600 dot,32,0.0,21.0,21.0,0.0,76.0,0.0,8.0,82.0,77.0,3.0,6.78
teksturirani papir 300 g,600 dot,33,0.0,52.0,21.0,0.0,64.0,77.0,24.0,57.0,59.0,40.0,9.68
teksturirani papir 300 g,600 dot,34,0.0,81.0,21.0,0.0,53.0,59.0,42.0,47.0,32.0,54.0,7.64
teksturirani papir 300 g,600 dot,35,0.0,100.0,21.0,0.0,45.0,4.0,57.0,43.0,1.0,60.0,4.27
teksturirani papir 300 g,600 dot,36,16.0,0.0,21.0,0.0,78.0,67.0,-4.0,84.0,75.0,1.0,7.97
teksturirani papir 300 g,600 dot,37,16.0,21.0,21.0,0.0,65.0,82.0,3.0,79.0,17.0,1.0,10.52
teksturirani papir 300 g,600 dot,38,16.0,52.0,21.0,0.0,54.0,75.0,17.0,55.0,55.0,33.0,10.08
teksturirani papir 300 g,600 dot,39,16.0,81.0,21.0,0.0,45.0,87.0,34.0,47.0,69.0,51.0,6.23
teksturirani papir 300 g,600 dot,40,16.0,100.0,21.0,0.0,39.0,77.0,48.0,44.0,67.0,59.0,5.59
teksturirani papir 300 g,600 dot,41,39.0,0.0,21.0,0.0,68.0,91.0,-13.0,73.0,38.0,-14.0,7.43
teksturirani papir 300 g,600 dot,42,39.0,21.0,21.0,0.0,57.0,10.0,-4.0,57.0,66.0,-1.0,5.2
teksturirani papir 300 g,600 dot,43,39.0,52.0,21.0,0.0,47.0,37.0,10.0,39.0,97.0,17.0,8.8
teksturirani papir 300 g,600 dot,44,39.0,81.0,21.0,0.0,39.0,48.0,25.0,32.0,7.0,31.0,6.92
teksturirani papir 300 g,600 dot,45,39.0,100.0,21.0,0.0,35.0,19.0,36.0,34.0,62.0,45.0,3.12
teksturirani papir 300 g,600 dot,46,64.0,0.0,21.0,0.0,58.0,71.0,-26.0,58.0,59.0,-32.0,6.76
teksturirani papir 300 g,600 dot,47,64.0,21.0,21.0,0.0,49.0,49.0,-16.0,46.0,53.0,-20.0,4.55
teksturirani papir 300 g,600 dot,48,64.0,52.0,21.0,0.0,40.0,46.0,-1.0,31.0,23.0,0.0,8.0
teksturirani papir 300 g,600 dot,49,64.0,81.0,21.0,0.0,33.0,61.0,11.0,23.0,91.0,15.0,8.02
teksturirani papir 300 g,600 dot,50,64.0,100.0,21.0,0.0,29.0,26.0,21.0,23.0,72.0,22.0,4.71
teksturirani papir 300 g,600 dot,51,85.0,0.0,21.0,0.0,53.0,5.0,-35.0,52.0,39.0,-38.0,3.83
teksturirani papir 300 g,600 dot,52,85.0,21.0,21.0,0.0,43.0,31.0,-25.0,45.0,49.0,-29.0,4.95
teksturirani papir 300 g,600 dot,53,85.0,52.0,21.0,0.0,33.0,93.0,-10.0,28.0,61.0,-9.0,4.21
teksturirani papir 300 g,600 dot,54,85.0,81.0,21.0,0.0,28.0,0.0,2.0,21.0,2.0,6.0,5.96
teksturirani papir 300 g,600 dot,55,85.0,100.0,21.0,0.0,24.0,54.0,10.0,19.0,0.0,12.0,4.19
teksturirani papir 300 g,600 dot,56,100.0,0.0,21.0,0.0,46.0,51.0,-42.0,49.0,3.0,-41.0,2.51
teksturirani papir 300 g,600 dot,57,100.0,21.0,21.0,0.0,40.0,68.0,-32.0,48.0,19.0,-35.0,8.21
teksturirani papir 300 g,600 dot,58,100.0,52.0,21.0,0.0,32.0,63.0,-16.0,27.0,57.0,-14.0,4.16
teksturirani papir 300 g,600 dot,59,100.0,81.0,21.0,0.0,25.0,59.0,-3.0,19.0,32.0,2.0,7.66
teksturirani papir 300 g,600 dot,60,100.0,100.0,21.0,0.0,23.0,42.0,2.0,17.0,36.0,8.0,6.87
teksturirani papir 300 g,600 dot,61,0.0,0.0,52.0,0.0,82.0,41.0,0.0,83.0,88.0,-1.0,6.89
teksturirani papir 300 g,600 dot,62,0.0,21.0,52.0,0.0,75.0,29.0,8.0,78.0,71.0,4.0,8.12
teksturirani papir 300 g,600 dot,63,0.0,52.0,52.0,0.0,63.0,67.0,24.0,55.0,50.0,39.0,9.88
teksturirani papir 300 g,600 dot,64,0.0,81.0,52.0,0.0,52.0,73.0,42.0,46.0,46.0,53.0,7.55
teksturirani papir 300 g,600 dot,65,0.0,100.0,52.0,0.0,43.0,90.0,55.0,42.0,22.0,59.0,5.19
teksturirani papir 300 g,600 dot,66,16.0,0.0,52.0,0.0,75.0,39.0,-4.0,83.0,37.0,-2.0,10.34
teksturirani papir 300 g,600 dot,67,16.0,21.0,52.0,0.0,64.0,85.0,3.0,78.0,70.0,-1.0,14.52
teksturirani papir 300 g,600 dot,68,16.0,52.0,52.0,0.0,54.0,55.0,17.0,55.0,75.0,32.0,7.54
teksturirani papir 300 g,600 dot,69,16.0,81.0,52.0,0.0,44.0,94.0,33.0,47.0,18.0,50.0,6.81
teksturirani papir 300 g,600 dot,70,16.0,100.0,52.0,0.0,38.0,0.0,48.0,42.0,86.0,58.0,7.07
teksturirani papir 300 g,600 dot,71,39.0,0.0,52.0,0.0,66.0,1.0,-14.0,71.0,77.0,-17.0,9.48
teksturirani papir 300 g,600 dot,72,39.0,21.0,52.0,0.0,54.0,41.0,-4.0,49.0,75.0,-2.0,6.71
teksturirani papir 300 g,600 dot,73,39.0,52.0,52.0,0.0,44.0,93.0,9.0,35.0,1.0,9.0,8.73
teksturirani papir 300 g,600 dot,74,39.0,81.0,52.0,0.0,37.0,17.0,23.0,28.0,34.0,25.0,7.13
teksturirani papir 300 g,600 dot,75,39.0,100.0,52.0,0.0,33.0,62.0,34.0,26.0,79.0,33.0,6.04
teksturirani papir 300 g,600 dot,76,64.0,0.0,52.0,0.0,56.0,82.0,-29.0,55.0,38.0,-42.0,7.76
teksturirani papir 300 g,600 dot,77,64.0,21.0,52.0,0.0,48.0,33.0,-17.0,40.0,96.0,-22.0,8.79
teksturirani papir 300 g,600 dot,78,64.0,52.0,52.0,0.0,33.0,12.0,-1.0,29.0,5.0,-0.0,3.41
teksturirani papir 300 g,600 dot,79,64.0,81.0,52.0,0.0,27.0,33.0,10.0,21.0,11.0,13.0,5.11
teksturirani papir 300 g,600 dot,80,64.0,100.0,52.0,0.0,24.0,83.0,18.0,19.0,14.0,20.0,4.12
teksturirani papir 300 g,600 dot,81,85.0,0.0,52.0,0.0,50.0,32.0,-39.0,50.0,12.0,-48.0,8.45
teksturirani papir 300 g,600 dot,82,85.0,21.0,52.0,0.0,41.0,91.0,-28.0,40.0,68.0,-35.0,7.37
teksturirani papir 300 g,600 dot,83,85.0,52.0,52.0,0.0,29.0,93.0,-11.0,25.0,31.0,-10.0,3.76
teksturirani papir 300 g,600 dot,84,85.0,81.0,52.0,0.0,23.0,45.0,1.0,16.0,96.0,2.0,5.13
teksturirani papir 300 g,600 dot,85,85.0,100.0,52.0,0.0,21.0,91.0,6.0,14.0,95.0,8.0,5.07
teksturirani papir 300 g,600 dot,86,100.0,0.0,52.0,0.0,45.0,12.0,-47.0,45.0,75.0,-53.0,9.99
teksturirani papir 300 g,600 dot,87,100.0,21.0,52.0,0.0,39.0,98.0,-36.0,43.0,11.0,-48.0,10.09
teksturirani papir 300 g,600 dot,88,100.0,52.0,52.0,0.0,28.0,58.0,-19.0,23.0,80.0,-16.0,4.06
teksturirani papir 300 g,600 dot,89,100.0,81.0,52.0,0.0,21.0,62.0,-3.0,15.0,46.0,-0.0,5.64
teksturirani papir 300 g,600 dot,90,100.0,100.0,52.0,0.0,19.0,77.0,0.0,13.0,75.0,4.0,6.73
teksturirani papir 300 g,600 dot,91,0.0,0.0,81.0,0.0,81.0,27.0,0.0,82.0,32.0,-1.0,3.73
teksturirani papir 300 g,600 dot,92,0.0,21.0,81.0,0.0,73.0,66.0,9.0,74.0,92.0,8.0,3.0
teksturirani papir 300 g,600 dot,93,0.0,52.0,81.0,0.0,61.0,42.0,25.0,53.0,97.0,41.0,11.43
teksturirani papir 300 g,600 dot,94,0.0,81.0,81.0,0.0,50.0,83.0,43.0,46.0,3.0,54.0,6.16
teksturirani papir 300 g,600 dot,95,0.0,100.0,81.0,0.0,43.0,75.0,57.0,41.0,70.0,59.0,3.02
teksturirani papir 300 g,600 dot,96,16.0,0.0,81.0,0.0,73.0,99.0,-5.0,82.0,27.0,-1.0,8.01
teksturirani papir 300 g,600 dot,97,16.0,21.0,81.0,0.0,63.0,77.0,3.0,77.0,70.0,0.0,12.74
teksturirani papir 300 g,600 dot,98,16.0,52.0,81.0,0.0,53.0,15.0,18.0,52.0,69.0,36.0,9.0
teksturirani papir 300 g,600 dot,99,16.0,81.0,81.0,0.0,44.0,64.0,34.0,45.0,18.0,52.0,6.59
teksturirani papir 300 g,600 dot,100,16.0,100.0,81.0,0.0,38.0,50.0,48.0,41.0,62.0,58.0,4.73
teksturirani papir 300 g,600 dot,101,39.0,0.0,81.0,0.0,66.0,31.0,-14.0,72.0,62.0,-16.0,6.94
teksturirani papir 300 g,600 dot,102,39.0,21.0,81.0,0.0,54.0,16.0,-5.0,48.0,44.0,-3.0,6.02
teksturirani papir 300 g,600 dot,103,39.0,52.0,81.0,0.0,44.0,13.0,8.0,33.0,43.0,12.0,10.12
teksturirani papir 300 g,600 dot,104,39.0,81.0,81.0,0.0,36.0,56.0,22.0,26.0,29.0,26.0,8.81
teksturirani papir 300 g,600 dot,105,39.0,100.0,81.0,0.0,33.0,36.0,33.0,26.0,12.0,32.0,5.68
teksturirani papir 300 g,600 dot,106,64.0,0.0,81.0,0.0,55.0,48.0,-30.0,53.0,84.0,-43.0,5.17
teksturirani papir 300 g,600 dot,107,64.0,21.0,81.0,0.0,45.0,62.0,-20.0,40.0,47.0,-23.0,5.11
teksturirani papir 300 g,600 dot,108,64.0,52.0,81.0,0.0,34.0,46.0,-2.0,30.0,61.0,-2.0,3.61
teksturirani papir 300 g,600 dot,109,64.0,81.0,81.0,0.0,27.0,11.0,10.0,20.0,33.0,10.0,4.98
teksturirani papir 300 g,600 dot,110,64.0,100.0,81.0,0.0,24.0,82.0,17.0,18.0,86.0,16.0,4.29
teksturirani papir 300 g,600 dot,111,85.0,0.0,81.0,0.0,48.0,3.0,-42.0,48.0,55.0,-51.0,4.0
teksturirani papir 300 g,600 dot,112,85.0,21.0,81.0,0.0,41.0,76.0,-31.0,38.0,63.0,-36.0,3.92
teksturirani papir 300 g,600 dot,113,85.0,52.0,81.0,0.0,30.0,33.0,-13.0,22.0,59.0,-15.0,6.09
teksturirani papir 300 g,600 dot,114,85.0,81.0,81.0,0.0,21.0,56.0,0.0,20.0,65.0,0.0,0.92
teksturirani papir 300 g,600 dot,115,85.0,100.0,81.0,0.0,19.0,90.0,6.0,15.0,88.0,8.0,3.6
teksturirani papir 300 g,600 dot,116,100.0,0.0,81.0,0.0,43.0,72.0,-52.0,44.0,86.0,-55.0,4.69
teksturirani papir 300 g,600 dot,117,100.0,21.0,81.0,0.0,38.0,68.0,-40.0,40.0,19.0,-48.0,5.58
teksturirani papir 300 g,600 dot,118,100.0,52.0,81.0,0.0,28.0,1.0,-21.0,21.0,32.0,-20.0,5.68
teksturirani papir 300 g,600 dot,119,100.0,81.0,81.0,0.0,19.0,66.0,-5.0,17.0,67.0,-4.0,1.43
teksturirani papir 300 g,600 dot,120,100.0,100.0,81.0,0.0,17.0,0.0,0.0,14.0,6.0,1.0,3.03
teksturirani papir 300 g,600 dot,121,0.0,0.0,100.0,0.0,80.0,40.0,0.0,82.0,58.0,-0.0,1.83
teksturirani papir 300 g,600 dot,122,0.0,21.0,100.0,0.0,73.0,39.0,9.0,75.0,74.0,7.0,2.44
teksturirani papir 300 g,600 dot,123,0.0,52.0,100.0,0.0,60.0,59.0,26.0,54.0,3.0,40.0,11.59
teksturirani papir 300 g,600 dot,124,0.0,81.0,100.0,0.0,49.0,36.0,45.0,45.0,26.0,54.0,6.3
teksturirani papir 300 g,600 dot,125,0.0,100.0,100.0,0.0,42.0,53.0,57.0,41.0,39.0,59.0,1.22
teksturirani papir 300 g,600 dot,126,16.0,0.0,100.0,0.0,73.0,74.0,-4.0,81.0,29.0,-1.0,6.34
teksturirani papir 300 g,600 dot,127,16.0,21.0,100.0,0.0,64.0,12.0,3.0,78.0,63.0,0.0,12.01
teksturirani papir 300 g,600 dot,128,16.0,52.0,100.0,0.0,53.0,57.0,18.0,53.0,74.0,37.0,10.92
teksturirani papir 300 g,600 dot,129,16.0,81.0,100.0,0.0,45.0,24.0,34.0,45.0,27.0,52.0,7.39
teksturirani papir 300 g,600 dot,130,16.0,100.0,100.0,0.0,39.0,30.0,46.0,41.0,54.0,57.0,4.17
teksturirani papir 300 g,600 dot,131,39.0,0.0,100.0,0.0,66.0,6.0,-14.0,70.0,89.0,-16.0,4.42
teksturirani papir 300 g,600 dot,132,39.0,21.0,100.0,0.0,54.0,34.0,-5.0,49.0,37.0,-3.0,5.11
teksturirani papir 300 g,600 dot,133,39.0,52.0,100.0,0.0,43.0,76.0,8.0,32.0,78.0,11.0,10.92
teksturirani papir 300 g,600 dot,134,39.0,81.0,100.0,0.0,36.0,83.0,22.0,27.0,24.0,25.0,8.77
teksturirani papir 300 g,600 dot,135,39.0,100.0,100.0,0.0,33.0,47.0,32.0,26.0,4.0,32.0,5.78
teksturirani papir 300 g,600 dot,136,64.0,0.0,100.0,0.0,54.0,18.0,-31.0,54.0,1.0,-41.0,4.5
teksturirani papir 300 g,600 dot,137,64.0,21.0,100.0,0.0,45.0,53.0,-19.0,41.0,96.0,-23.0,4.27
teksturirani papir 300 g,600 dot,138,64.0,52.0,100.0,0.0,33.0,11.0,-2.0,30.0,12.0,-3.0,2.4
teksturirani papir 300 g,600 dot,139,64.0,81.0,100.0,0.0,26.0,85.0,8.0,19.0,97.0,10.0,5.65
teksturirani papir 300 g,600 dot,140,64.0,100.0,100.0,0.0,24.0,48.0,16.0,17.0,77.0,14.0,4.88
teksturirani papir 300 g,600 dot,141,85.0,0.0,100.0,0.0,48.0,40.0,-43.0,47.0,97.0,-50.0,2.58
teksturirani papir 300 g,600 dot,142,85.0,21.0,100.0,0.0,41.0,11.0,-32.0,37.0,80.0,-37.0,3.62
teksturirani papir 300 g,600 dot,143,85.0,52.0,100.0,0.0,29.0,65.0,-15.0,22.0,82.0,-15.0,5.21
teksturirani papir 300 g,600 dot,144,85.0,81.0,100.0,0.0,23.0,28.0,-0.0,20.0,38.0,-1.0,3.05
teksturirani papir 300 g,600 dot,145,85.0,100.0,100.0,0.0,21.0,12.0,5.0,15.0,81.0,6.0,3.78
teksturirani papir 300 g,600 dot,146,100.0,0.0,100.0,0.0,43.0,13.0,-53.0,44.0,87.0,-55.0,2.15
teksturirani papir 300 g,600 dot,147,100.0,21.0,100.0,0.0,38.0,89.0,-42.0,42.0,12.0,-50.0,4.52
teksturirani papir 300 g,600 dot,148,100.0,52.0,100.0,0.0,28.0,46.0,-23.0,22.0,11.0,-20.0,4.95
teksturirani papir 300 g,600 dot,149,100.0,81.0,100.0,0.0,19.0,59.0,-6.0,16.0,79.0,-7.0,2.64
teksturirani papir 300 g,600 dot,150,100.0,100.0,100.0,0.0,17.0,21.0,-0.0,18.0,37.0,-0.0,1.04
teksturirani papir 300 g,600 dot,151,0.0,0.0,0.0,25.0,63.0,83.0,0.0,64.0,38.0,0.0,0.56
teksturirani papir 300 g,600 dot,152,0.0,31.0,0.0,25.0,55.0,96.0,10.0,57.0,9.0,15.0,4.21
teksturirani papir 300 g,600 dot,153,0.0,72.0,0.0,25.0,42.0,66.0,29.0,36.0,79.0,38.0,7.2
teksturirani papir 300 g,600 dot,154,0.0,100.0,0.0,25.0,35.0,28.0,45.0,38.0,5.0,53.0,3.54
teksturirani papir 300 g,600 dot,155,21.0,0.0,0.0,25.0,61.0,26.0,-5.0,72.0,81.0,-4.0,9.67
teksturirani papir 300 g,600 dot,156,21.0,31.0,0.0,25.0,52.0,3.0,4.0,49.0,88.0,10.0,6.85
teksturirani papir 300 g,600 dot,157,21.0,72.0,0.0,25.0,39.0,74.0,23.0,32.0,63.0,30.0,6.81
teksturirani papir 300 g,600 dot,158,21.0,100.0,0.0,25.0,31.0,59.0,39.0,31.0,47.0,42.0,1.23
teksturirani papir 300 g,600 dot,159,52.0,0.0,0.0,25.0,51.0,38.0,-14.0,55.0,33.0,-22.0,5.9
teksturirani papir 300 g,600 dot,160,52.0,31.0,0.0,25.0,44.0,69.0,-5.0,39.0,28.0,-6.0,5.01
teksturirani papir 300 g,600 dot,161,52.0,72.0,0.0,25.0,33.0,53.0,11.0,24.0,71.0,13.0,7.06
teksturirani papir 300 g,600 dot,162,52.0,100.0,0.0,25.0,26.0,53.0,25.0,22.0,38.0,23.0,4.78
teksturirani papir 300 g,600 dot,163,81.0,0.0,0.0,25.0,43.0,76.0,-24.0,46.0,98.0,-29.0,3.93
teksturirani papir 300 g,600 dot,164,81.0,31.0,0.0,25.0,36.0,96.0,-14.0,33.0,64.0,-13.0,2.86
teksturirani papir 300 g,600 dot,165,81.0,72.0,0.0,25.0,26.0,65.0,1.0,22.0,4.0,5.0,4.64
teksturirani papir 300 g,600 dot,166,81.0,100.0,0.0,25.0,21.0,65.0,12.0,18.0,97.0,13.0,2.14
teksturirani papir 300 g,600 dot,167,100.0,0.0,0.0,25.0,39.0,40.0,-32.0,47.0,76.0,-35.0,8.29
teksturirani papir 300 g,600 dot,168,100.0,31.0,0.0,25.0,33.0,58.0,-20.0,32.0,39.0,-18.0,1.7
teksturirani papir 300 g,600 dot,169,100.0,72.0,0.0,25.0,25.0,30.0,-4.0,19.0,62.0,1.0,7.2
teksturirani papir 300 g,600 dot,170,100.0,100.0,0.0,25.0,19.0,80.0,5.0,16.0,64.0,8.0,4.42
teksturirani papir 300 g,600 dot,171,0.0,0.0,31.0,25.0,64.0,88.0,-0.0,71.0,38.0,-1.0,6.92
teksturirani papir 300 g,600 dot,172,0.0,31.0,31.0,25.0,55.0,57.0,9.0,49.0,85.0,11.0,5.98
teksturirani papir 300 g,600 dot,173,0.0,72.0,31.0,25.0,42.0,84.0,29.0,37.0,14.0,34.0,5.98
teksturirani papir 300 g,600 dot,174,0.0,100.0,31.0,25.0,34.0,61.0,44.0,36.0,66.0,49.0,4.98
teksturirani papir 300 g,600 dot,175,21.0,0.0,31.0,25.0,57.0,84.0,-6.0,57.0,40.0,-2.0,6.0
teksturirani papir 300 g,600 dot,176,21.0,31.0,31.0,25.0,46.0,89.0,4.0,39.0,51.0,1.0,8.27
teksturirani papir 300 g,600 dot,177,21.0,72.0,31.0,25.0,37.0,7.0,21.0,26.0,24.0,22.0,8.62
teksturirani papir 300 g,600 dot,178,21.0,100.0,31.0,25.0,30.0,65.0,35.0,25.0,30.0,31.0,4.34
teksturirani papir 300 g,600 dot,179,52.0,0.0,31.0,25.0,49.0,75.0,-16.0,45.0,83.0,-21.0,5.11
teksturirani papir 300 g,600 dot,180,52.0,31.0,31.0,25.0,38.0,73.0,-4.0,32.0,63.0,-3.0,5.37
teksturirani papir 300 g,600 dot,181,52.0,72.0,31.0,25.0,28.0,40.0,11.0,22.0,53.0,14.0,5.25
teksturirani papir 300 g,600 dot,182,52.0,100.0,31.0,25.0,23.0,41.0,21.0,19.0,36.0,21.0,3.05
teksturirani papir 300 g,600 dot,183,81.0,0.0,31.0,25.0,41.0,95.0,-27.0,38.0,74.0,-30.0,4.29
teksturirani papir 300 g,600 dot,184,81.0,31.0,31.0,25.0,32.0,58.0,-15.0,24.0,56.0,-12.0,6.39
teksturirani papir 300 g,600 dot,185,81.0,72.0,31.0,25.0,23.0,89.0,0.0,14.0,84.0,3.0,7.6
teksturirani papir 300 g,600 dot,186,81.0,100.0,31.0,25.0,19.0,23.0,8.0,13.0,32.0,9.0,4.1
teksturirani papir 300 g,600 dot,187,100.0,0.0,31.0,25.0,38.0,45.0,-34.0,43.0,84.0,-46.0,10.49
teksturirani papir 300 g,600 dot,188,100.0,31.0,31.0,25.0,30.0,19.0,-22.0,26.0,3.0,-17.0,4.21
teksturirani papir 300 g,600 dot,189,100.0,72.0,31.0,25.0,21.0,29.0,-4.0,15.0,92.0,-0.0,6.71
teksturirani papir 300 g,600 dot,190,100.0,100.0,31.0,25.0,17.0,56.0,2.0,12.0,49.0,6.0,6.59
teksturirani papir 300 g,600 dot,191,0.0,0.0,72.0,25.0,62.0,9.0,-0.0,68.0,30.0,-2.0,7.68
teksturirani papir 300 g,600 dot,192,0.0,31.0,72.0,25.0,52.0,95.0,9.0,50.0,48.0,14.0,4.15
teksturirani papir 300 g,600 dot,193,0.0,72.0,72.0,25.0,41.0,53.0,27.0,38.0,19.0,37.0,5.15
teksturirani papir 300 g,600 dot,194,0.0,100.0,72.0,25.0,33.0,77.0,42.0,35.0,22.0,49.0,4.33
teksturirani papir 300 g,600 dot,195,21.0,0.0,72.0,25.0,56.0,1.0,-5.0,49.0,96.0,-3.0,6.52
teksturirani papir 300 g,600 dot,196,21.0,31.0,72.0,25.0,45.0,94.0,3.0,35.0,69.0,2.0,9.2
teksturirani papir 300 g,600 dot,197,21.0,72.0,72.0,25.0,34.0,81.0,20.0,25.0,88.0,21.0,7.54
teksturirani papir 300 g,600 dot,198,21.0,100.0,72.0,25.0,29.0,71.0,33.0,23.0,37.0,29.0,5.05
teksturirani papir 300 g,600 dot,199,52.0,0.0,72.0,25.0,47.0,22.0,-18.0,40.0,9.0,-23.0,6.96
teksturirani papir 300 g,600 dot,200,52.0,31.0,72.0,25.0,36.0,67.0,-5.0,30.0,45.0,-3.0,5.98
teksturirani papir 300 g,600 dot,201,52.0,72.0,72.0,25.0,27.0,88.0,9.0,19.0,13.0,9.0,6.36
teksturirani papir 300 g,600 dot,202,52.0,100.0,72.0,25.0,22.0,75.0,18.0,16.0,64.0,15.0,4.69
teksturirani papir 300 g,600 dot,203,81.0,0.0,72.0,25.0,39.0,79.0,-31.0,35.0,32.0,-33.0,4.28
teksturirani papir 300 g,600 dot,204,81.0,31.0,72.0,25.0,31.0,85.0,-17.0,22.0,76.0,-17.0,7.02
teksturirani papir 300 g,600 dot,205,81.0,72.0,72.0,25.0,19.0,65.0,-0.0,18.0,93.0,-0.0,0.58
teksturirani papir 300 g,600 dot,206,81.0,100.0,72.0,25.0,18.0,20.0,5.0,13.0,49.0,8.0,3.85
teksturirani papir 300 g,600 dot,207,100.0,0.0,72.0,25.0,35.0,89.0,-40.0,37.0,50.0,-45.0,5.36
teksturirani papir 300 g,600 dot,208,100.0,31.0,72.0,25.0,28.0,88.0,-25.0,23.0,32.0,-22.0,5.76
teksturirani papir 300 g,600 dot,209,100.0,72.0,72.0,25.0,19.0,58.0,-6.0,15.0,33.0,-5.0,3.07
teksturirani papir 300 g,600 dot,210,100.0,100.0,72.0,25.0,16.0,48.0,0.0,13.0,5.0,1.0,3.34
teksturirani papir 300 g,600 dot,211,0.0,0.0,100.0,25.0,61.0,29.0,-1.0,70.0,54.0,-1.0,8.04
teksturirani papir 300 g,600 dot,212,0.0,31.0,100.0,25.0,53.0,31.0,9.0,52.0,37.0,17.0,5.17
teksturirani papir 300 g,600 dot,213,0.0,72.0,100.0,25.0,41.0,43.0,28.0,39.0,16.0,39.0,6.55
teksturirani papir 300 g,600 dot,214,0.0,100.0,100.0,25.0,33.0,98.0,42.0,35.0,95.0,48.0,2.49
teksturirani papir 300 g,600 dot,215,21.0,0.0,100.0,25.0,55.0,82.0,-6.0,52.0,25.0,-3.0,4.06
teksturirani papir 300 g,600 dot,216,21.0,31.0,100.0,25.0,47.0,7.0,2.0,38.0,31.0,1.0,8.52
teksturirani papir 300 g,600 dot,217,21.0,72.0,100.0,25.0,36.0,59.0,21.0,26.0,83.0,22.0,9.59
teksturirani papir 300 g,600 dot,218,21.0,100.0,100.0,25.0,29.0,45.0,34.0,24.0,10.0,28.0,4.8
teksturirani papir 300 g,600 dot,219,52.0,0.0,100.0,25.0,45.0,91.0,-19.0,39.0,36.0,-23.0,7.35
teksturirani papir 300 g,600 dot,220,52.0,31.0,100.0,25.0,36.0,30.0,-6.0,30.0,14.0,-5.0,5.29
teksturirani papir 300 g,600 dot,221,52.0,72.0,100.0,25.0,26.0,5.0,8.0,19.0,66.0,9.0,6.06
teksturirani papir 300 g,600 dot,222,52.0,100.0,100.0,25.0,22.0,83.0,18.0,17.0,22.0,15.0,4.45
teksturirani papir 300 g,600 dot,223,81.0,0.0,100.0,25.0,39.0,14.0,-33.0,35.0,30.0,-34.0,3.83
teksturirani papir 300 g,600 dot,224,81.0,31.0,100.0,25.0,31.0,33.0,-19.0,23.0,47.0,-18.0,6.34
teksturirani papir 300 g,600 dot,225,81.0,72.0,100.0,25.0,21.0,73.0,-2.0,18.0,61.0,-2.0,3.19
teksturirani papir 300 g,600 dot,226,81.0,100.0,100.0,25.0,16.0,96.0,5.0,13.0,66.0,5.0,2.26
teksturirani papir 300 g,600 dot,227,100.0,0.0,100.0,25.0,35.0,48.0,-44.0,37.0,53.0,-46.0,2.62
teksturirani papir 300 g,600 dot,228,100.0,31.0,100.0,25.0,27.0,93.0,-28.0,22.0,8.0,-23.0,5.05
teksturirani papir 300 g,600 dot,229,100.0,72.0,100.0,25.0,19.0,3.0,-8.0,16.0,1.0,-8.0,2.74
teksturirani papir 300 g,600 dot,230,100.0,100.0,100.0,25.0,14.0,40.0,-0.0,16.0,88.0,-0.0,1.71
teksturirani papir 300 g,600 dot,231,0.0,0.0,0.0,60.0,35.0,72.0,-0.0,28.0,60.0,-0.0,5.67
teksturirani papir 300 g,600 dot,232,0.0,31.0,0.0,60.0,34.0,42.0,5.0,25.0,66.0,5.0,6.89
teksturirani papir 300 g,600 dot,233,0.0,72.0,0.0,60.0,27.0,7.0,16.0,18.0,34.0,15.0,6.31
teksturirani papir 300 g,600 dot,234,0.0,100.0,0.0,60.0,21.0,52.0,26.0,16.0,75.0,21.0,4.25
teksturirani papir 300 g,600 dot,235,31.0,0.0,0.0,60.0,34.0,28.0,-5.0,28.0,38.0,-5.0,5.1
teksturirani papir 300 g,600 dot,236,31.0,31.0,0.0,60.0,28.0,93.0,0.0,23.0,66.0,1.0,4.89
teksturirani papir 300 g,600 dot,237,31.0,72.0,0.0,60.0,22.0,59.0,11.0,18.0,99.0,12.0,2.95
teksturirani papir 300 g,600 dot,238,31.0,100.0,0.0,60.0,18.0,74.0,18.0,15.0,60.0,17.0,2.41
teksturirani papir 300 g,600 dot,239,72.0,0.0,0.0,60.0,27.0,93.0,-13.0,22.0,50.0,-11.0,4.44
teksturirani papir 300 g,600 dot,240,72.0,31.0,0.0,60.0,24.0,91.0,-6.0,17.0,38.0,-3.0,6.42
teksturirani papir 300 g,600 dot,241,72.0,72.0,0.0,60.0,18.0,31.0,2.0,12.0,83.0,5.0,5.61
teksturirani papir 300 g,600 dot,242,72.0,100.0,0.0,60.0,14.0,90.0,9.0,11.0,44.0,9.0,2.87
teksturirani papir 300 g,600 dot,243,100.0,0.0,0.0,60.0,24.0,32.0,-17.0,20.0,80.0,-13.0,4.26
teksturirani papir 300 g,600 dot,244,100.0,31.0,0.0,60.0,20.0,51.0,-10.0,16.0,24.0,-5.0,5.6
teksturirani papir 300 g,600 dot,245,100.0,72.0,0.0,60.0,15.0,94.0,-0.0,11.0,59.0,4.0,7.53
teksturirani papir 300 g,600 dot,246,100.0,100.0,0.0,60.0,14.0,55.0,3.0,10.0,61.0,7.0,6.42
teksturirani papir 300 g,600 dot,247,0.0,0.0,31.0,60.0,37.0,56.0,-1.0,31.0,22.0,-2.0,5.44
teksturirani papir 300 g,600 dot,248,0.0,31.0,31.0,60.0,31.0,57.0,4.0,24.0,55.0,4.0,5.38
teksturirani papir 300 g,600 dot,249,0.0,72.0,31.0,60.0,25.0,99.0,16.0,19.0,86.0,14.0,4.75
teksturirani papir 300 g,600 dot,250,0.0,100.0,31.0,60.0,21.0,52.0,24.0,16.0,94.0,19.0,4.57
teksturirani papir 300 g,600 dot,251,31.0,0.0,31.0,60.0,32.0,32.0,-5.0,27.0,37.0,-4.0,4.33
teksturirani papir 300 g,600 dot,252,31.0,31.0,31.0,60.0,26.0,66.0,0.0,24.0,70.0,-0.0,2.35
teksturirani papir 300 g,600 dot,253,31.0,72.0,31.0,60.0,22.0,21.0,10.0,17.0,50.0,11.0,3.52
teksturirani papir 300 g,600 dot,254,31.0,100.0,31.0,60.0,18.0,1.0,18.0,15.0,25.0,15.0,2.49
teksturirani papir 300 g,600 dot,255,72.0,0.0,31.0,60.0,26.0,58.0,-14.0,21.0,22.0,-12.0,4.39
teksturirani papir 300 g,600 dot,256,72.0,31.0,31.0,60.0,21.0,47.0,-7.0,19.0,81.0,-6.0,1.22
teksturirani papir 300 g,600 dot,257,72.0,72.0,31.0,60.0,16.0,43.0,2.0,12.0,86.0,4.0,3.84
teksturirani papir 300 g,600 dot,258,72.0,100.0,31.0,60.0,15.0,27.0,6.0,10.0,57.0,8.0,3.95
teksturirani papir 300 g,600 dot,259,100.0,0.0,31.0,60.0,23.0,34.0,-20.0,19.0,45.0,-16.0,6.05
teksturirani papir 300 g,600 dot,260,100.0,31.0,31.0,60.0,19.0,8.0,-11.0,15.0,83.0,-8.0,3.57
teksturirani papir 300 g,600 dot,261,100.0,72.0,31.0,60.0,14.0,37.0,-1.0,11.0,18.0,1.0,5.2
teksturirani papir 300 g,600 dot,262,100.0,100.0,31.0,60.0,12.0,36.0,2.0,10.0,40.0,5.0,4.41
teksturirani papir 300 g,600 dot,263,0.0,0.0,72.0,60.0,37.0,34.0,-2.0,30.0,95.0,-3.0,5.3
teksturirani papir 300 g,600 dot,264,0.0,31.0,72.0,60.0,32.0,9.0,4.0,23.0,23.0,5.0,7.41
teksturirani papir 300 g,600 dot,265,0.0,72.0,72.0,60.0,25.0,37.0,16.0,18.0,61.0,14.0,5.27
teksturirani papir 300 g,600 dot,266,0.0,100.0,72.0,60.0,21.0,59.0,22.0,16.0,64.0,17.0,4.37
teksturirani papir 300 g,600 dot,267,31.0,0.0,72.0,60.0,32.0,29.0,-7.0,26.0,61.0,-6.0,4.48
teksturirani papir 300 g,600 dot,268,31.0,31.0,72.0,60.0,27.0,11.0,-1.0,23.0,45.0,-2.0,3.2
teksturirani papir 300 g,600 dot,269,31.0,72.0,72.0,60.0,21.0,68.0,9.0,17.0,0.0,9.0,3.3
teksturirani papir 300 g,600 dot,270,31.0,100.0,72.0,60.0,17.0,58.0,15.0,15.0,19.0,12.0,3.11
teksturirani papir 300 g,600 dot,271,72.0,0.0,72.0,60.0,24.0,79.0,-16.0,20.0,4.0,-15.0,3.56
teksturirani papir 300 g,600 dot,272,72.0,31.0,72.0,60.0,20.0,83.0,-9.0,17.0,23.0,-9.0,2.85
teksturirani papir 300 g,600 dot,273,72.0,72.0,72.0,60.0,16.0,35.0,0.0,15.0,72.0,1.0,1.0
teksturirani papir 300 g,600 dot,274,72.0,100.0,72.0,60.0,13.0,69.0,5.0,12.0,40.0,6.0,1.7
teksturirani papir 300 g,600 dot,275,100.0,0.0,72.0,60.0,20.0,98.0,-22.0,18.0,61.0,-17.0,3.93
teksturirani papir 300 g,600 dot,276,100.0,31.0,72.0,60.0,17.0,67.0,-13.0,16.0,11.0,-12.0,2.92
teksturirani papir 300 g,600 dot,277,100.0,72.0,72.0,60.0,13.0,71.0,-3.0,13.0,17.0,-3.0,1.31
teksturirani papir 300 g,600 dot,278,100.0,100.0,72.0,60.0,11.0,79.0,0.0,11.0,33.0,2.0,1.99
teksturirani papir 300 g,600 dot,279,0.0,0.0,100.0,60.0,36.0,73.0,-3.0,29.0,99.0,-3.0,6.12
teksturirani papir 300 g,600 dot,280,0.0,31.0,100.0,60.0,30.0,35.0,2.0,23.0,55.0,3.0,7.09
teksturirani papir 300 g,600 dot,281,0.0,72.0,100.0,60.0,26.0,62.0,13.0,18.0,82.0,12.0,7.02
teksturirani papir 300 g,600 dot,282,0.0,100.0,100.0,60.0,21.0,59.0,21.0,17.0,61.0,15.0,4.57
teksturirani papir 300 g,600 dot,283,31.0,0.0,100.0,60.0,32.0,71.0,-8.0,26.0,46.0,-8.0,5.63
teksturirani papir 300 g,600 dot,284,31.0,31.0,100.0,60.0,27.0,46.0,-1.0,23.0,2.0,-3.0,4.29
teksturirani papir 300 g,600 dot,285,31.0,72.0,100.0,60.0,20.0,77.0,8.0,16.0,62.0,7.0,3.56
teksturirani papir 300 g,600 dot,286,31.0,100.0,100.0,60.0,17.0,97.0,14.0,16.0,1.0,11.0,3.17
teksturirani papir 300 g,600 dot,287,72.0,0.0,100.0,60.0,24.0,79.0,-18.0,20.0,20.0,-16.0,3.92
teksturirani papir 300 g,600 dot,288,72.0,31.0,100.0,60.0,20.0,29.0,-10.0,17.0,33.0,-10.0,2.45
teksturirani papir 300 g,600 dot,289,72.0,72.0,100.0,60.0,16.0,30.0,-0.0,15.0,12.0,-0.0,1.07
teksturirani papir 300 g,600 dot,290,72.0,100.0,100.0,60.0,14.0,51.0,3.0,12.0,14.0,4.0,2.13
teksturirani papir 300 g,600 dot,291,100.0,0.0,100.0,60.0,21.0,82.0,-23.0,18.0,24.0,-18.0,3.58
teksturirani papir 300 g,600 dot,292,100.0,31.0,100.0,60.0,18.0,84.0,-14.0,16.0,16.0,-13.0,2.34
teksturirani papir 300 g,600 dot,293,100.0,72.0,100.0,60.0,14.0,83.0,-4.0,13.0,55.0,-6.0,2.98
teksturirani papir 300 g,600 dot,294,100.0,100.0,100.0,60.0,12.0,22.0,-0.0,13.0,29.0,-0.0,1.62
teksturirani papir 300 g,600 dot,295,0.0,0.0,0.0,88.0,20.0,3.0,-0.0,18.0,77.0,-0.0,0.89
teksturirani papir 300 g,600 dot,296,0.0,52.0,0.0,88.0,17.0,4.0,4.0,14.0,28.0,6.0,2.72
teksturirani papir 300 g,600 dot,297,0.0,100.0,0.0,88.0,14.0,47.0,10.0,11.0,97.0,11.0,1.84
teksturirani papir 300 g,600 dot,298,31.0,0.0,0.0,88.0,17.0,69.0,-2.0,17.0,23.0,-2.0,0.33
teksturirani papir 300 g,600 dot,299,31.0,52.0,0.0,88.0,15.0,64.0,2.0,11.0,86.0,5.0,3.68
teksturirani papir 300 g,600 dot,300,31.0,100.0,0.0,88.0,12.0,81.0,8.0,11.0,29.0,9.0,1.45
teksturirani papir 300 g,600 dot,301,72.0,0.0,0.0,88.0,15.0,16.0,-4.0,13.0,44.0,-3.0,1.77
teksturirani papir 300 g,600 dot,302,72.0,52.0,0.0,88.0,12.0,52.0,0.0,10.0,28.0,3.0,4.38
teksturirani papir 300 g,600 dot,303,72.0,100.0,0.0,88.0,11.0,89.0,4.0,10.0,3.0,6.0,2.86
teksturirani papir 300 g,600 dot,304,100.0,0.0,0.0,88.0,13.0,59.0,-4.0,12.0,96.0,-2.0,2.24
teksturirani papir 300 g,600 dot,305,100.0,52.0,0.0,88.0,12.0,23.0,-0.0,10.0,88.0,2.0,4.11
teksturirani papir 300 g,600 dot,306,100.0,100.0,0.0,88.0,12.0,35.0,2.0,9.0,40.0,5.0,4.59
teksturirani papir 300 g,600 dot,307,0.0,0.0,52.0,88.0,20.0,65.0,-1.0,19.0,48.0,-2.0,2.33
teksturirani papir 300 g,600 dot,308,0.0,52.0,52.0,88.0,16.0,51.0,3.0,14.0,16.0,4.0,1.84
teksturirani papir 300 g,600 dot,309,0.0,100.0,52.0,88.0,14.0,4.0,9.0,13.0,33.0,7.0,1.74
teksturirani papir 300 g,600 dot,310,31.0,0.0,52.0,88.0,18.0,52.0,-3.0,16.0,23.0,-4.0,2.41
teksturirani papir 300 g,600 dot,311,31.0,52.0,52.0,88.0,14.0,46.0,1.0,14.0,2.0,2.0,2.26
teksturirani papir 300 g,600 dot,312,31.0,100.0,52.0,88.0,13.0,92.0,5.0,12.0,29.0,6.0,2.32
teksturirani papir 300 g,600 dot,313,72.0,0.0,52.0,88.0,15.0,74.0,-6.0,14.0,30.0,-6.0,2.58
teksturirani papir 300 g,600 dot,314,72.0,52.0,52.0,88.0,11.0,80.0,-0.0,12.0,80.0,-1.0,1.37
teksturirani papir 300 g,600 dot,315,72.0,100.0,52.0,88.0,10.0,62.0,2.0,10.0,67.0,4.0,2.01
teksturirani papir 300 g,600 dot,316,100.0,0.0,52.0,88.0,14.0,10.0,-7.0,13.0,52.0,-7.0,3.09
teksturirani papir 300 g,600 dot,317,100.0,52.0,52.0,88.0,11.0,68.0,-1.0,11.0,83.0,-3.0,2.49
teksturirani papir 300 g,600 dot,318,100.0,100.0,52.0,88.0,11.0,87.0,0.0,10.0,24.0,2.0,2.6
teksturirani papir 300 g,600 dot,319,0.0,0.0,100.0,88.0,21.0,17.0,-3.0,19.0,71.0,-4.0,1.65
teksturirani papir 300 g,600 dot,320,0.0,52.0,100.0,88.0,16.0,28.0,1.0,14.0,68.0,2.0,1.87
teksturirani papir 300 g,600 dot,321,0.0,100.0,100.0,88.0,14.0,80.0,6.0,13.0,58.0,6.0,1.14
teksturirani papir 300 g,600 dot,322,31.0,0.0,100.0,88.0,18.0,9.0,-4.0,17.0,55.0,-4.0,0.4
teksturirani papir 300 g,600 dot,323,31.0,52.0,100.0,88.0,15.0,85.0,0.0,14.0,84.0,0.0,0.93
teksturirani papir 300 g,600 dot,324,31.0,100.0,100.0,88.0,14.0,54.0,3.0,13.0,7.0,4.0,1.21
teksturirani papir 300 g,600 dot,325,72.0,0.0,100.0,88.0,15.0,56.0,-8.0,14.0,76.0,-8.0,0.64
teksturirani papir 300 g,600 dot,326,72.0,52.0,100.0,88.0,13.0,63.0,-2.0,13.0,71.0,-4.0,3.08
teksturirani papir 300 g,600 dot,327,72.0,100.0,100.0,88.0,11.0,90.0,1.0,11.0,91.0,2.0,2.05
teksturirani papir 300 g,600 dot,328,100.0,0.0,100.0,88.0,14.0,21.0,-8.0,13.0,79.0,-9.0,1.5
teksturirani papir 300 g,600 dot,329,100.0,52.0,100.0,88.0,10.0,92.0,-2.0,12.0,95.0,-5.0,4.23
teksturirani papir 300 g,600 dot,330,100.0,100.0,100.0,88.0,12.0,89.0,-0.0,12.0,75.0,-1.0,1.36
teksturirani papir 300 g,600 dot,331,0.0,0.0,0.0,100.0,15.0,15.0,-0.0,15.0,33.0,-0.0,0.14
teksturirani papir 300 g,600 dot,332,0.0,52.0,0.0,100.0,11.0,45.0,2.0,10.0,75.0,4.0,2.82
teksturirani papir 300 g,600 dot,333,0.0,100.0,0.0,100.0,11.0,34.0,4.0,11.0,7.0,6.0,2.68
teksturirani papir 300 g,600 dot,334,52.0,0.0,0.0,100.0,11.0,17.0,-0.0,11.0,80.0,-0.0,0.93
teksturirani papir 300 g,600 dot,335,52.0,52.0,0.0,100.0,10.0,79.0,1.0,11.0,43.0,2.0,1.7
teksturirani papir 300 g,600 dot,336,52.0,100.0,0.0,100.0,10.0,24.0,3.0,10.0,7.0,5.0,2.31
teksturirani papir 300 g,600 dot,337,100.0,0.0,0.0,100.0,12.0,39.0,-1.0,12.0,11.0,-2.0,1.1
teksturirani papir 300 g,600 dot,338,100.0,52.0,0.0,100.0,11.0,33.0,0.0,10.0,22.0,1.0,1.61
teksturirani papir 300 g,600 dot,339,100.0,100.0,0.0,100.0,10.0,98.0,2.0,10.0,69.0,3.0,2.17
teksturirani papir 300 g,600 dot,340,0.0,0.0,52.0,100.0,14.0,19.0,-1.0,14.0,71.0,-1.0,2.16
teksturirani papir 300 g,600 dot,341,0.0,52.0,52.0,100.0,12.0,55.0,1.0,11.0,74.0,2.0,2.28
teksturirani papir 300 g,600 dot,342,0.0,100.0,52.0,100.0,10.0,92.0,2.0,11.0,80.0,4.0,2.15
teksturirani papir 300 g,600 dot,343,52.0,0.0,52.0,100.0,11.0,59.0,-1.0,12.0,49.0,-4.0,3.54
teksturirani papir 300 g,600 dot,344,52.0,52.0,52.0,100.0,12.0,58.0,0.0,14.0,58.0,-0.0,1.54
teksturirani papir 300 g,600 dot,345,52.0,100.0,52.0,100.0,11.0,51.0,1.0,11.0,12.0,3.0,1.74
teksturirani papir 300 g,600 dot,346,100.0,0.0,52.0,100.0,11.0,9.0,-2.0,12.0,13.0,-4.0,3.14
teksturirani papir 300 g,600 dot,347,100.0,52.0,52.0,100.0,11.0,49.0,-1.0,12.0,32.0,-2.0,1.51
teksturirani papir 300 g,600 dot,348,100.0,100.0,52.0,100.0,12.0,21.0,0.0,13.0,29.0,1.0,1.3
teksturirani papir 300 g,600 dot,349,0.0,0.0,100.0,100.0,13.0,84.0,-2.0,15.0,90.0,-2.0,2.3
teksturirani papir 300 g,600 dot,350,0.0,52.0,100.0,100.0,13.0,75.0,0.0,13.0,65.0,1.0,2.1
teksturirani papir 300 g,600 dot,351,0.0,100.0,100.0,100.0,12.0,78.0,1.0,12.0,49.0,3.0,2.1
teksturirani papir 300 g,600 dot,352,52.0,0.0,100.0,100.0,12.0,96.0,-3.0,13.0,44.0,-6.0,3.25
teksturirani papir 300 g,600 dot,353,52.0,52.0,100.0,100.0,14.0,17.0,-0.0,12.0,67.0,-1.0,2.21
teksturirani papir 300 g,600 dot,354,52.0,100.0,100.0,100.0,12.0,89.0,0.0,12.0,10.0,2.0,2.06
teksturirani papir 300 g,600 dot,355,100.0,0.0,100.0,100.0,11.0,79.0,-4.0,12.0,82.0,-6.0,3.2
teksturirani papir 300 g,600 dot,356,100.0,52.0,100.0,100.0,10.0,75.0,-1.0,12.0,46.0,-3.0,2.83
teksturirani papir 300 g,600 dot,357,100.0,100.0,100.0,100.0,12.0,32.0,-0.0,12.0,51.0,-0.0,0.94
teksturirani papir 300 g,600 dot,358,5.0,0.0,0.0,0.0,83.0,89.0,0.0,84.0,73.0,2.0,2.92
teksturirani papir 300 g,600 dot,359,28.0,0.0,0.0,0.0,75.0,87.0,-8.0,77.0,15.0,-9.0,1.16
teksturirani papir 300 g,600 dot,360,95.0,0.0,0.0,0.0,50.0,5.0,-35.0,50.0,73.0,-35.0,0.72
teksturirani papir 300 g,600 dot,361,0.0,4.0,0.0,0.0,84.0,26.0,2.0,84.0,80.0,2.0,0.36
teksturirani papir 300 g,600 dot,362,0.0,11.0,0.0,0.0,80.0,98.0,3.0,85.0,28.0,2.0,3.69
teksturirani papir 300 g,600 dot,363,0.0,93.0,0.0,0.0,46.0,50.0,54.0,45.0,52.0,60.0,1.83
teksturirani papir 300 g,600 dot,364,0.0,0.0,4.0,0.0,85.0,32.0,2.0,85.0,54.0,2.0,0.22
teksturirani papir 300 g,600 dot,365,0.0,0.0,11.0,0.0,85.0,14.0,1.0,85.0,47.0,2.0,3.24
teksturirani papir 300 g,600 dot,366,0.0,0.0,93.0,0.0,82.0,15.0,-0.0,82.0,58.0,-1.0,1.29
teksturirani papir 300 g,600 dot,367,0.0,0.0,0.0,4.0,80.0,66.0,1.0,85.0,4.0,2.0,3.09
teksturirani papir 300 g,600 dot,368,0.0,0.0,0.0,13.0,72.0,68.0,1.0,83.0,58.0,2.0,7.83
teksturirani papir 300 g,600 dot,369,0.0,0.0,0.0,95.0,15.0,78.0,-0.0,17.0,18.0,-0.0,0.96
teksturirani papir 300 g,600 dot,370,9.0,7.0,7.0,0.0,77.0,80.0,0.0,84.0,84.0,2.0,5.23
teksturirani papir 300 g,600 dot,371,19.0,15.0,15.0,0.0,67.0,24.0,0.0,77.0,89.0,1.0,8.21
teksturirani papir 300 g,600 dot,372,29.0,23.0,23.0,0.0,58.0,14.0,0.0,51.0,92.0,-0.0,5.91
teksturirani papir 300 g,600 dot,373,39.0,31.0,31.0,0.0,48.0,89.0,-0.0,39.0,88.0,-0.0,8.46
teksturirani papir 300 g,600 dot,374,49.0,39.0,39.0,4.0,39.0,3.0,-0.0,31.0,64.0,-0.0,6.12
teksturirani papir 300 g,600 dot,375,59.0,47.0,47.0,16.0,29.0,62.0,-1.0,26.0,75.0,-0.0,2.51
teksturirani papir 300 g,600 dot,376,69.0,55.0,55.0,31.0,24.0,92.0,-1.0,23.0,66.0,-0.0,1.67
teksturirani papir 300 g,600 dot,377,79.0,63.0,63.0,48.0,19.0,99.0,-2.0,18.0,84.0,-2.0,0.96
teksturirani papir 300 g,600 dot,378,89.0,71.0,71.0,72.0,15.0,21.0,-1.0,15.0,31.0,-2.0,1.58
teksturirani papir 300 g,600 dot,379,99.0,79.0,79.0,100.0,13.0,60.0,-0.0,13.0,25.0,-1.0,1.21
teksturirani papir 300 g,600 dot,380,9.0,7.0,7.0,0.0,77.0,50.0,1.0,84.0,82.0,2.0,5.28
teksturirani papir 300 g,600 dot,381,18.0,14.0,14.0,0.0,69.0,68.0,0.0,79.0,89.0,1.0,7.73
teksturirani papir 300 g,600 dot,382,27.0,21.0,21.0,0.0,60.0,54.0,0.0,55.0,4.0,0.0,5.0
teksturirani papir 300 g,600 dot,383,36.0,29.0,29.0,0.0,52.0,69.0,-0.0,44.0,4.0,-0.0,8.59
teksturirani papir 300 g,600 dot,384,45.0,36.0,36.0,0.0,44.0,54.0,-0.0,35.0,40.0,-0.0,8.07
teksturirani papir 300 g,600 dot,385,54.0,43.0,43.0,0.0,37.0,40.0,-0.0,31.0,21.0,-0.0,5.13
teksturirani papir 300 g,600 dot,386,63.0,50.0,50.0,0.0,32.0,87.0,-1.0,28.0,59.0,-0.0,3.54
teksturirani papir 300 g,600 dot,387,72.0,58.0,58.0,0.0,28.0,41.0,-2.0,25.0,79.0,-1.0,2.79
teksturirani papir 300 g,600 dot,388,81.0,65.0,65.0,2.0,24.0,86.0,-3.0,22.0,18.0,-3.0,1.94
teksturirani papir 300 g,600 dot,389,90.0,72.0,72.0,49.0,17.0,25.0,-3.0,15.0,44.0,-3.0,1.26
teksturirani papir 300 g,600 dot,390,24.0,19.0,19.0,11.0,55.0,39.0,0.0,49.0,29.0,-0.0,6.0
teksturirani papir 300 g,600 dot,391,49.0,39.0,39.0,30.0,30.0,99.0,-0.0,26.0,47.0,-0.0,3.46
teksturirani papir 300 g,600 dot,392,74.0,59.0,59.0,59.0,19.0,52.0,-1.0,18.0,66.0,-1.0,0.84
teksturirani papir 300 g,600 dot,393,28.0,0.0,0.0,0.0,76.0,29.0,-8.0,77.0,42.0,-9.0,1.15
teksturirani papir 300 g,600 dot,394,64.0,0.0,0.0,0.0,59.0,50.0,-26.0,57.0,38.0,-31.0,3.07
teksturirani papir 300 g,600 dot,395,0.0,21.0,0.0,0.0,79.0,67.0,7.0,83.0,86.0,4.0,5.23
teksturirani papir 300 g,600 dot,396,0.0,52.0,0.0,0.0,66.0,41.0,23.0,60.0,74.0,37.0,8.14
teksturirani papir 300 g,600 dot,397,0.0,0.0,21.0,0.0,85.0,0.0,0.0,85.0,38.0,1.0,3.43
teksturirani papir 300 g,600 dot,398,0.0,0.0,52.0,0.0,84.0,5.0,-0.0,84.0,33.0,-1.0,6.16
teksturirani papir 300 g,600 dot,399,0.0,0.0,0.0,25.0,62.0,44.0,0.0,56.0,73.0,0.0,5.08
teksturirani papir 300 g,600 dot,400,0.0,0.0,0.0,60.0,34.0,59.0,-0.0,27.0,54.0,-0.0,5.54
teksturirani papir 300 g,stochastic,1,0.0,0.0,0.0,0.0,85.0,75.0,2.0,85.0,16.0,2.0,0.44
teksturirani papir 300 g,stochastic,2,0.0,21.0,0.0,0.0,76.0,84.0,9.0,82.0,4.0,4.0,7.57
teksturirani papir 300 g,stochastic,3,0.0,52.0,0.0,0.0,64.0,0.0,25.0,70.0,63.0,20.0,6.05
teksturirani papir 300 g,stochastic,4,0.0,81.0,0.0,0.0,53.0,84.0,41.0,53.0,67.0,44.0,1.22
teksturirani papir 300 g,stochastic,5,0.0,100.0,0.0,0.0,45.0,70.0,57.0,45.0,27.0,58.0,0.63
teksturirani papir 300 g,stochastic,6,16.0,0.0,0.0,0.0,79.0,94.0,-3.0,83.0,93.0,0.0,8.01
teksturirani papir 300 g,stochastic,7,16.0,21.0,0.0,0.0,72.0,60.0,3.0,81.0,63.0,2.0,9.47
teksturirani papir 300 g,stochastic,8,16.0,52.0,0.0,0.0,60.0,35.0,19.0,69.0,12.0,18.0,7.61
teksturirani papir 300 g,stochastic,9,16.0,81.0,0.0,0.0,48.0,78.0,34.0,52.0,51.0,41.0,4.65
teksturirani papir 300 g,stochastic,10,16.0,100.0,0.0,0.0,41.0,76.0,49.0,44.0,24.0,55.0,3.22
teksturirani papir 300 g,stochastic,11,39.0,0.0,0.0,0.0,70.0,60.0,-12.0,77.0,16.0,-6.0,8.14
teksturirani papir 300 g,stochastic,12,39.0,21.0,0.0,0.0,64.0,12.0,-4.0,75.0,41.0,-4.0,10.55
teksturirani papir 300 g,stochastic,13,39.0,52.0,0.0,0.0,52.0,50.0,9.0,63.0,63.0,11.0,11.19
teksturirani papir 300 g,stochastic,14,39.0,81.0,0.0,0.0,42.0,41.0,25.0,48.0,13.0,34.0,7.41
teksturirani papir 300 g,stochastic,15,39.0,100.0,0.0,0.0,36.0,66.0,38.0,40.0,35.0,48.0,5.49
teksturirani papir 300 g,stochastic,16,64.0,0.0,0.0,0.0,61.0,85.0,-22.0,67.0,53.0,-18.0,5.53
teksturirani papir 300 g,stochastic,17,64.0,21.0,0.0,0.0,55.0,46.0,-15.0,64.0,90.0,-16.0,8.89
teksturirani papir 300 g,stochastic,18,64.0,52.0,0.0,0.0,47.0,9.0,-2.0,55.0,55.0,-0.0,8.88
teksturirani papir 300 g,stochastic,19,64.0,81.0,0.0,0.0,37.0,80.0,11.0,42.0,30.0,20.0,9.02
teksturirani papir 300 g,stochastic,20,64.0,100.0,0.0,0.0,32.0,37.0,22.0,34.0,52.0,34.0,7.45
teksturirani papir 300 g,stochastic,21,85.0,0.0,0.0,0.0,55.0,14.0,-30.0,57.0,83.0,-29.0,2.61
teksturirani papir 300 g,stochastic,22,85.0,21.0,0.0,0.0,49.0,48.0,-24.0,55.0,87.0,-27.0,6.51
teksturirani papir 300 g,stochastic,23,85.0,52.0,0.0,0.0,40.0,48.0,-11.0,48.0,8.0,-13.0,7.33
teksturirani papir 300 g,stochastic,24,85.0,81.0,0.0,0.0,33.0,3.0,2.0,37.0,0.0,5.0,4.67
teksturirani papir 300 g,stochastic,25,85.0,100.0,0.0,0.0,28.0,40.0,10.0,30.0,25.0,18.0,6.2
teksturirani papir 300 g,stochastic,26,100.0,0.0,0.0,0.0,48.0,31.0,-36.0,51.0,88.0,-34.0,3.71
teksturirani papir 300 g,stochastic,27,100.0,21.0,0.0,0.0,42.0,7.0,-30.0,49.0,60.0,-33.0,7.37
teksturirani papir 300 g,stochastic,28,100.0,52.0,0.0,0.0,35.0,65.0,-17.0,42.0,72.0,-21.0,6.41
teksturirani papir 300 g,stochastic,29,100.0,81.0,0.0,0.0,29.0,27.0,-4.0,32.0,72.0,-1.0,3.04
teksturirani papir 300 g,stochastic,30,100.0,100.0,0.0,0.0,25.0,3.0,5.0,27.0,72.0,9.0,3.66
teksturirani papir 300 g,stochastic,31,0.0,0.0,21.0,0.0,84.0,7.0,0.0,83.0,97.0,0.0,0.69
teksturirani papir 300 g,stochastic,32,0.0,21.0,21.0,0.0,76.0,0.0,8.0,81.0,41.0,3.0,7.49
teksturirani papir 300 g,stochastic,33,0.0,52.0,21.0,0.0,64.0,77.0,24.0,67.0,93.0,21.0,3.38
teksturirani papir 300 g,stochastic,34,0.0,81.0,21.0,0.0,53.0,59.0,42.0,52.0,88.0,45.0,1.7
teksturirani papir 300 g,stochastic,35,0.0,100.0,21.0,0.0,45.0,4.0,57.0,44.0,46.0,57.0,0.57
teksturirani papir 300 g,stochastic,36,16.0,0.0,21.0,0.0,78.0,67.0,-4.0,81.0,84.0,-0.0,5.55
teksturirani papir 300 g,stochastic,37,16.0,21.0,21.0,0.0,65.0,82.0,3.0,76.0,77.0,1.0,9.35
teksturirani papir 300 g,stochastic,38,16.0,52.0,21.0,0.0,54.0,75.0,17.0,65.0,89.0,15.0,10.14
teksturirani papir 300 g,stochastic,39,16.0,81.0,21.0,0.0,45.0,87.0,34.0,50.0,81.0,40.0,5.44
teksturirani papir 300 g,stochastic,40,16.0,100.0,21.0,0.0,39.0,77.0,48.0,42.0,95.0,54.0,3.6
teksturirani papir 300 g,stochastic,41,39.0,0.0,21.0,0.0,68.0,91.0,-13.0,76.0,25.0,-8.0,9.51
teksturirani papir 300 g,stochastic,42,39.0,21.0,21.0,0.0,57.0,10.0,-4.0,70.0,23.0,-1.0,12.76
teksturirani papir 300 g,stochastic,43,39.0,52.0,21.0,0.0,47.0,37.0,10.0,61.0,37.0,10.0,13.81
teksturirani papir 300 g,stochastic,44,39.0,81.0,21.0,0.0,39.0,48.0,25.0,47.0,43.0,31.0,8.01
teksturirani papir 300 g,stochastic,45,39.0,100.0,21.0,0.0,35.0,19.0,36.0,40.0,70.0,47.0,6.24
teksturirani papir 300 g,stochastic,46,64.0,0.0,21.0,0.0,58.0,71.0,-26.0,66.0,40.0,-21.0,7.88
teksturirani papir 300 g,stochastic,47,64.0,21.0,21.0,0.0,49.0,49.0,-16.0,62.0,70.0,-14.0,12.85
teksturirani papir 300 g,stochastic,48,64.0,52.0,21.0,0.0,40.0,46.0,-1.0,53.0,38.0,-0.0,12.92
teksturirani papir 300 g,stochastic,49,64.0,81.0,21.0,0.0,33.0,61.0,11.0,40.0,70.0,19.0,8.94
teksturirani papir 300 g,stochastic,50,64.0,100.0,21.0,0.0,29.0,26.0,21.0,34.0,82.0,33.0,7.85
teksturirani papir 300 g,stochastic,51,85.0,0.0,21.0,0.0,53.0,5.0,-35.0,56.0,78.0,-33.0,3.78
teksturirani papir 300 g,stochastic,52,85.0,21.0,21.0,0.0,43.0,31.0,-25.0,53.0,15.0,-27.0,9.83
teksturirani papir 300 g,stochastic,53,85.0,52.0,21.0,0.0,33.0,93.0,-10.0,47.0,35.0,-13.0,12.12
teksturirani papir 300 g,stochastic,54,85.0,81.0,21.0,0.0,28.0,0.0,2.0,36.0,39.0,5.0,7.44
teksturirani papir 300 g,stochastic,55,85.0,100.0,21.0,0.0,24.0,54.0,10.0,29.0,84.0,17.0,6.67
teksturirani papir 300 g,stochastic,56,100.0,0.0,21.0,0.0,46.0,51.0,-42.0,50.0,14.0,-39.0,3.82
teksturirani papir 300 g,stochastic,57,100.0,21.0,21.0,0.0,40.0,68.0,-32.0,48.0,29.0,-36.0,7.3
teksturirani papir 300 g,stochastic,58,100.0,52.0,21.0,0.0,32.0,63.0,-16.0,41.0,95.0,-22.0,8.51
teksturirani papir 300 g,stochastic,59,100.0,81.0,21.0,0.0,25.0,59.0,-3.0,32.0,66.0,-4.0,5.58
teksturirani papir 300 g,stochastic,60,100.0,100.0,21.0,0.0,23.0,42.0,2.0,27.0,11.0,6.0,3.72
teksturirani papir 300 g,stochastic,61,0.0,0.0,52.0,0.0,82.0,41.0,0.0,83.0,29.0,-0.0,0.89
teksturirani papir 300 g,stochastic,62,0.0,21.0,52.0,0.0,75.0,29.0,8.0,80.0,29.0,2.0,5.71
teksturirani papir 300 g,stochastic,63,0.0,52.0,52.0,0.0,63.0,67.0,24.0,65.0,96.0,21.0,2.77
teksturirani papir 300 g,stochastic,64,0.0,81.0,52.0,0.0,52.0,73.0,42.0,51.0,27.0,45.0,2.14
teksturirani papir 300 g,stochastic,65,0.0,100.0,52.0,0.0,43.0,90.0,55.0,44.0,14.0,56.0,0.27
teksturirani papir 300 g,stochastic,66,16.0,0.0,52.0,0.0,75.0,39.0,-4.0,80.0,47.0,-1.0,4.93
teksturirani papir 300 g,stochastic,67,16.0,21.0,52.0,0.0,64.0,85.0,3.0,76.0,25.0,0.0,9.65
teksturirani papir 300 g,stochastic,68,16.0,52.0,52.0,0.0,54.0,55.0,17.0,64.0,43.0,16.0,9.41
teksturirani papir 300 g,stochastic,69,16.0,81.0,52.0,0.0,44.0,94.0,33.0,49.0,80.0,40.0,5.35
teksturirani papir 300 g,stochastic,70,16.0,100.0,52.0,0.0,38.0,0.0,48.0,42.0,49.0,53.0,4.27
teksturirani papir 300 g,stochastic,71,39.0,0.0,52.0,0.0,66.0,1.0,-14.0,75.0,12.0,-9.0,9.51
teksturirani papir 300 g,stochastic,72,39.0,21.0,52.0,0.0,54.0,41.0,-4.0,65.0,64.0,-2.0,10.76
teksturirani papir 300 g,stochastic,73,39.0,52.0,52.0,0.0,44.0,93.0,9.0,55.0,8.0,6.0,11.0
teksturirani papir 300 g,stochastic,74,39.0,81.0,52.0,0.0,37.0,17.0,23.0,44.0,48.0,28.0,6.83
teksturirani papir 300 g,stochastic,75,39.0,100.0,52.0,0.0,33.0,62.0,34.0,38.0,47.0,42.0,5.03
teksturirani papir 300 g,stochastic,76,64.0,0.0,52.0,0.0,56.0,82.0,-29.0,64.0,72.0,-24.0,9.12
teksturirani papir 300 g,stochastic,77,64.0,21.0,52.0,0.0,48.0,33.0,-17.0,60.0,18.0,-15.0,13.18
teksturirani papir 300 g,stochastic,78,64.0,52.0,52.0,0.0,33.0,12.0,-1.0,39.0,88.0,-0.0,6.19
teksturirani papir 300 g,stochastic,79,64.0,81.0,52.0,0.0,27.0,33.0,10.0,35.0,13.0,10.0,6.25
teksturirani papir 300 g,stochastic,80,64.0,100.0,52.0,0.0,24.0,83.0,18.0,31.0,15.0,23.0,5.57
teksturirani papir 300 g,stochastic,81,85.0,0.0,52.0,0.0,50.0,32.0,-39.0,54.0,39.0,-38.0,4.61
teksturirani papir 300 g,stochastic,82,85.0,21.0,52.0,0.0,41.0,91.0,-28.0,51.0,89.0,-30.0,10.02
teksturirani papir 300 g,stochastic,83,85.0,52.0,52.0,0.0,29.0,93.0,-11.0,38.0,61.0,-11.0,7.61
teksturirani papir 300 g,stochastic,84,85.0,81.0,52.0,0.0,23.0,45.0,1.0,30.0,38.0,1.0,5.36
teksturirani papir 300 g,stochastic,85,85.0,100.0,52.0,0.0,21.0,91.0,6.0,25.0,80.0,12.0,6.26
teksturirani papir 300 g,stochastic,86,100.0,0.0,52.0,0.0,45.0,12.0,-47.0,48.0,75.0,-45.0,3.91
teksturirani papir 300 g,stochastic,87,100.0,21.0,52.0,0.0,39.0,98.0,-36.0,46.0,87.0,-41.0,7.03
teksturirani papir 300 g,stochastic,88,100.0,52.0,52.0,0.0,28.0,58.0,-19.0,36.0,3.0,-21.0,6.32
teksturirani papir 300 g,stochastic,89,100.0,81.0,52.0,0.0,21.0,62.0,-3.0,27.0,24.0,-5.0,4.61
teksturirani papir 300 g,stochastic,90,100.0,100.0,52.0,0.0,19.0,77.0,0.0,23.0,93.0,3.0,4.08
teksturirani papir 300 g,stochastic,91,0.0,0.0,81.0,0.0,81.0,27.0,0.0,81.0,51.0,-1.0,1.36
teksturirani papir 300 g,stochastic,92,0.0,21.0,81.0,0.0,73.0,66.0,9.0,78.0,42.0,3.0,5.57
teksturirani papir 300 g,stochastic,93,0.0,52.0,81.0,0.0,61.0,42.0,25.0,65.0,17.0,22.0,3.8
teksturirani papir 300 g,stochastic,94,0.0,81.0,81.0,0.0,50.0,83.0,43.0,49.0,72.0,45.0,1.44
teksturirani papir 300 g,stochastic,95,0.0,100.0,81.0,0.0,43.0,75.0,57.0,42.0,85.0,57.0,0.93
teksturirani papir 300 g,stochastic,96,16.0,0.0,81.0,0.0,73.0,99.0,-5.0,79.0,59.0,-2.0,4.81
teksturirani papir 300 g,stochastic,97,16.0,21.0,81.0,0.0,63.0,77.0,3.0,75.0,32.0,0.0,9.83
teksturirani papir 300 g,stochastic,98,16.0,52.0,81.0,0.0,53.0,15.0,18.0,61.0,51.0,18.0,8.34
teksturirani papir 300 g,stochastic,99,16.0,81.0,81.0,0.0,44.0,64.0,34.0,48.0,44.0,41.0,4.68
teksturirani papir 300 g,stochastic,100,16.0,100.0,81.0,0.0,38.0,50.0,48.0,42.0,88.0,53.0,4.23
teksturirani papir 300 g,stochastic,101,39.0,0.0,81.0,0.0,66.0,31.0,-14.0,74.0,75.0,-9.0,8.51
teksturirani papir 300 g,stochastic,102,39.0,21.0,81.0,0.0,54.0,16.0,-5.0,65.0,61.0,-3.0,10.89
teksturirani papir 300 g,stochastic,103,39.0,52.0,81.0,0.0,44.0,13.0,8.0,54.0,42.0,7.0,11.06
teksturirani papir 300 g,stochastic,104,39.0,81.0,81.0,0.0,36.0,56.0,22.0,42.0,27.0,28.0,5.78
teksturirani papir 300 g,stochastic,105,39.0,100.0,81.0,0.0,33.0,36.0,33.0,36.0,55.0,41.0,4.1
teksturirani papir 300 g,stochastic,106,64.0,0.0,81.0,0.0,55.0,48.0,-30.0,63.0,11.0,-25.0,8.42
teksturirani papir 300 g,stochastic,107,64.0,21.0,81.0,0.0,45.0,62.0,-20.0,58.0,66.0,-16.0,14.5
teksturirani papir 300 g,stochastic,108,64.0,52.0,81.0,0.0,34.0,46.0,-2.0,41.0,49.0,-2.0,6.99
teksturirani papir 300 g,stochastic,109,64.0,81.0,81.0,0.0,27.0,11.0,10.0,32.0,84.0,9.0,4.85
teksturirani papir 300 g,stochastic,110,64.0,100.0,81.0,0.0,24.0,82.0,17.0,28.0,70.0,21.0,3.81
teksturirani papir 300 g,stochastic,111,85.0,0.0,81.0,0.0,48.0,3.0,-42.0,53.0,61.0,-41.0,6.3
teksturirani papir 300 g,stochastic,112,85.0,21.0,81.0,0.0,41.0,76.0,-31.0,50.0,39.0,-33.0,9.16
teksturirani papir 300 g,stochastic,113,85.0,52.0,81.0,0.0,30.0,33.0,-13.0,37.0,58.0,-12.0,7.32
teksturirani papir 300 g,stochastic,114,85.0,81.0,81.0,0.0,21.0,56.0,0.0,26.0,33.0,-0.0,4.08
teksturirani papir 300 g,stochastic,115,85.0,100.0,81.0,0.0,19.0,90.0,6.0,25.0,51.0,6.0,4.02
teksturirani papir 300 g,stochastic,116,100.0,0.0,81.0,0.0,43.0,72.0,-52.0,48.0,41.0,-49.0,5.39
teksturirani papir 300 g,stochastic,117,100.0,21.0,81.0,0.0,38.0,68.0,-40.0,46.0,90.0,-43.0,8.04
teksturirani papir 300 g,stochastic,118,100.0,52.0,81.0,0.0,28.0,1.0,-21.0,34.0,24.0,-23.0,5.49
teksturirani papir 300 g,stochastic,119,100.0,81.0,81.0,0.0,19.0,66.0,-5.0,25.0,22.0,-5.0,4.92
teksturirani papir 300 g,stochastic,120,100.0,100.0,81.0,0.0,17.0,0.0,0.0,22.0,44.0,-0.0,4.3
teksturirani papir 300 g,stochastic,121,0.0,0.0,100.0,0.0,80.0,40.0,0.0,81.0,49.0,-0.0,1.11
teksturirani papir 300 g,stochastic,122,0.0,21.0,100.0,0.0,73.0,39.0,9.0,77.0,47.0,3.0,4.99
teksturirani papir 300 g,stochastic,123,0.0,52.0,100.0,0.0,60.0,59.0,26.0,62.0,60.0,24.0,2.69
teksturirani papir 300 g,stochastic,124,0.0,81.0,100.0,0.0,49.0,36.0,45.0,49.0,44.0,45.0,1.3
teksturirani papir 300 g,stochastic,125,0.0,100.0,100.0,0.0,42.0,53.0,57.0,42.0,93.0,56.0,0.56
teksturirani papir 300 g,stochastic,126,16.0,0.0,100.0,0.0,73.0,74.0,-4.0,78.0,90.0,-2.0,4.36
teksturirani papir 300 g,stochastic,127,16.0,21.0,100.0,0.0,64.0,12.0,3.0,75.0,14.0,0.0,9.36
teksturirani papir 300 g,stochastic,128,16.0,52.0,100.0,0.0,53.0,57.0,18.0,61.0,61.0,19.0,7.75
teksturirani papir 300 g,stochastic,129,16.0,81.0,100.0,0.0,45.0,24.0,34.0,48.0,29.0,41.0,4.2
teksturirani papir 300 g,stochastic,130,16.0,100.0,100.0,0.0,39.0,30.0,46.0,42.0,25.0,53.0,3.27
teksturirani papir 300 g,stochastic,131,39.0,0.0,100.0,0.0,66.0,6.0,-14.0,74.0,46.0,-9.0,8.43
teksturirani papir 300 g,stochastic,132,39.0,21.0,100.0,0.0,54.0,34.0,-5.0,65.0,69.0,-3.0,10.89
teksturirani papir 300 g,stochastic,133,39.0,52.0,100.0,0.0,43.0,76.0,8.0,53.0,15.0,6.0,10.2
teksturirani papir 300 g,stochastic,134,39.0,81.0,100.0,0.0,36.0,83.0,22.0,42.0,51.0,27.0,5.52
teksturirani papir 300 g,stochastic,135,39.0,100.0,100.0,0.0,33.0,47.0,32.0,37.0,82.0,40.0,4.74
teksturirani papir 300 g,stochastic,136,64.0,0.0,100.0,0.0,54.0,18.0,-31.0,62.0,96.0,-25.0,9.42
teksturirani papir 300 g,stochastic,137,64.0,21.0,100.0,0.0,45.0,53.0,-19.0,58.0,46.0,-16.0,14.35
teksturirani papir 300 g,stochastic,138,64.0,52.0,100.0,0.0,33.0,11.0,-2.0,42.0,3.0,-3.0,8.69
teksturirani papir 300 g,stochastic,139,64.0,81.0,100.0,0.0,26.0,85.0,8.0,33.0,69.0,9.0,6.23
teksturirani papir 300 g,stochastic,140,64.0,100.0,100.0,0.0,24.0,48.0,16.0,29.0,33.0,19.0,4.18
teksturirani papir 300 g,stochastic,141,85.0,0.0,100.0,0.0,48.0,40.0,-43.0,52.0,60.0,-41.0,4.7
teksturirani papir 300 g,stochastic,142,85.0,21.0,100.0,0.0,41.0,11.0,-32.0,50.0,97.0,-32.0,10.25
teksturirani papir 300 g,stochastic,143,85.0,52.0,100.0,0.0,29.0,65.0,-15.0,37.0,72.0,-13.0,8.46
teksturirani papir 300 g,stochastic,144,85.0,81.0,100.0,0.0,23.0,28.0,-0.0,29.0,19.0,-1.0,5.14
teksturirani papir 300 g,stochastic,145,85.0,100.0,100.0,0.0,21.0,12.0,5.0,25.0,12.0,5.0,3.32
teksturirani papir 300 g,stochastic,146,100.0,0.0,100.0,0.0,43.0,13.0,-53.0,47.0,99.0,-50.0,5.05
teksturirani papir 300 g,stochastic,147,100.0,21.0,100.0,0.0,38.0,89.0,-42.0,45.0,92.0,-44.0,6.89
teksturirani papir 300 g,stochastic,148,100.0,52.0,100.0,0.0,28.0,46.0,-23.0,34.0,3.0,-24.0,5.42
teksturirani papir 300 g,stochastic,149,100.0,81.0,100.0,0.0,19.0,59.0,-6.0,25.0,34.0,-6.0,5.33
teksturirani papir 300 g,stochastic,150,100.0,100.0,100.0,0.0,17.0,21.0,-0.0,20.0,82.0,-0.0,3.03
teksturirani papir 300 g,stochastic,151,0.0,0.0,0.0,25.0,63.0,83.0,0.0,74.0,48.0,1.0,8.46
teksturirani papir 300 g,stochastic,152,0.0,31.0,0.0,25.0,55.0,96.0,10.0,70.0,99.0,7.0,13.54
teksturirani papir 300 g,stochastic,153,0.0,72.0,0.0,25.0,42.0,66.0,29.0,49.0,67.0,35.0,7.18
teksturirani papir 300 g,stochastic,154,0.0,100.0,0.0,25.0,35.0,28.0,45.0,40.0,61.0,52.0,5.05
teksturirani papir 300 g,stochastic,155,21.0,0.0,0.0,25.0,61.0,26.0,-5.0,74.0,98.0,-2.0,12.89
teksturirani papir 300 g,stochastic,156,21.0,31.0,0.0,25.0,52.0,3.0,4.0,67.0,17.0,4.0,14.46
teksturirani papir 300 g,stochastic,157,21.0,72.0,0.0,25.0,39.0,74.0,23.0,48.0,58.0,29.0,8.97
teksturirani papir 300 g,stochastic,158,21.0,100.0,0.0,25.0,31.0,59.0,39.0,38.0,52.0,49.0,6.9
teksturirani papir 300 g,stochastic,159,52.0,0.0,0.0,25.0,51.0,38.0,-14.0,66.0,44.0,-12.0,13.99
teksturirani papir 300 g,stochastic,160,52.0,31.0,0.0,25.0,44.0,69.0,-5.0,60.0,69.0,-5.0,16.04
teksturirani papir 300 g,stochastic,161,52.0,72.0,0.0,25.0,33.0,53.0,11.0,42.0,21.0,18.0,9.83
teksturirani papir 300 g,stochastic,162,52.0,100.0,0.0,25.0,26.0,53.0,25.0,32.0,65.0,36.0,7.28
teksturirani papir 300 g,stochastic,163,81.0,0.0,0.0,25.0,43.0,76.0,-24.0,53.0,65.0,-26.0,9.91
teksturirani papir 300 g,stochastic,164,81.0,31.0,0.0,25.0,36.0,96.0,-14.0,48.0,48.0,-19.0,10.83
teksturirani papir 300 g,stochastic,165,81.0,72.0,0.0,25.0,26.0,65.0,1.0,34.0,53.0,4.0,6.51
teksturirani papir 300 g,stochastic,166,81.0,100.0,0.0,25.0,21.0,65.0,12.0,25.0,64.0,20.0,6.0
teksturirani papir 300 g,stochastic,167,100.0,0.0,0.0,25.0,39.0,40.0,-32.0,46.0,92.0,-35.0,7.09
teksturirani papir 300 g,stochastic,168,100.0,31.0,0.0,25.0,33.0,58.0,-20.0,43.0,48.0,-27.0,9.04
teksturirani papir 300 g,stochastic,169,100.0,72.0,0.0,25.0,25.0,30.0,-4.0,30.0,74.0,-5.0,4.36
teksturirani papir 300 g,stochastic,170,100.0,100.0,0.0,25.0,19.0,80.0,5.0,23.0,93.0,8.0,3.31
teksturirani papir 300 g,stochastic,171,0.0,0.0,31.0,25.0,64.0,88.0,-0.0,75.0,97.0,-0.0,9.09
teksturirani papir 300 g,stochastic,172,0.0,31.0,31.0,25.0,55.0,57.0,9.0,68.0,94.0,6.0,13.01
teksturirani papir 300 g,stochastic,173,0.0,72.0,31.0,25.0,42.0,84.0,29.0,49.0,9.0,34.0,6.45
teksturirani papir 300 g,stochastic,174,0.0,100.0,31.0,25.0,34.0,61.0,44.0,40.0,5.0,52.0,5.23
teksturirani papir 300 g,stochastic,175,21.0,0.0,31.0,25.0,57.0,84.0,-6.0,70.0,46.0,-2.0,12.54
teksturirani papir 300 g,stochastic,176,21.0,31.0,31.0,25.0,46.0,89.0,4.0,57.0,96.0,1.0,12.03
teksturirani papir 300 g,stochastic,177,21.0,72.0,31.0,25.0,37.0,7.0,21.0,43.0,74.0,25.0,6.19
teksturirani papir 300 g,stochastic,178,21.0,100.0,31.0,25.0,30.0,65.0,35.0,36.0,67.0,42.0,5.52
teksturirani papir 300 g,stochastic,179,52.0,0.0,31.0,25.0,49.0,75.0,-16.0,62.0,42.0,-13.0,13.18
teksturirani papir 300 g,stochastic,180,52.0,31.0,31.0,25.0,38.0,73.0,-4.0,49.0,0.0,-3.0,10.63
teksturirani papir 300 g,stochastic,181,52.0,72.0,31.0,25.0,28.0,40.0,11.0,35.0,50.0,13.0,6.22
teksturirani papir 300 g,stochastic,182,52.0,100.0,31.0,25.0,23.0,41.0,21.0,28.0,54.0,29.0,5.44
teksturirani papir 300 g,stochastic,183,81.0,0.0,31.0,25.0,41.0,95.0,-27.0,51.0,19.0,-30.0,9.2
teksturirani papir 300 g,stochastic,184,81.0,31.0,31.0,25.0,32.0,58.0,-15.0,41.0,3.0,-16.0,7.37
teksturirani papir 300 g,stochastic,185,81.0,72.0,31.0,25.0,23.0,89.0,0.0,29.0,45.0,1.0,4.78
teksturirani papir 300 g,stochastic,186,81.0,100.0,31.0,25.0,19.0,23.0,8.0,24.0,97.0,14.0,6.8
teksturirani papir 300 g,stochastic,187,100.0,0.0,31.0,25.0,38.0,45.0,-34.0,46.0,47.0,-39.0,7.88
teksturirani papir 300 g,stochastic,188,100.0,31.0,31.0,25.0,30.0,19.0,-22.0,38.0,56.0,-26.0,7.23
teksturirani papir 300 g,stochastic,189,100.0,72.0,31.0,25.0,21.0,29.0,-4.0,26.0,1.0,-7.0,4.08
teksturirani papir 300 g,stochastic,190,100.0,100.0,31.0,25.0,17.0,56.0,2.0,21.0,27.0,4.0,3.25
teksturirani papir 300 g,stochastic,191,0.0,0.0,72.0,25.0,62.0,9.0,-0.0,73.0,52.0,-2.0,9.89
teksturirani papir 300 g,stochastic,192,0.0,31.0,72.0,25.0,52.0,95.0,9.0,65.0,76.0,6.0,12.57
teksturirani papir 300 g,stochastic,193,0.0,72.0,72.0,25.0,41.0,53.0,27.0,48.0,23.0,33.0,6.87
teksturirani papir 300 g,stochastic,194,0.0,100.0,72.0,25.0,33.0,77.0,42.0,39.0,15.0,50.0,5.25
teksturirani papir 300 g,stochastic,195,21.0,0.0,72.0,25.0,56.0,1.0,-5.0,66.0,18.0,-4.0,9.84
teksturirani papir 300 g,stochastic,196,21.0,31.0,72.0,25.0,45.0,94.0,3.0,56.0,47.0,0.0,11.47
teksturirani papir 300 g,stochastic,197,21.0,72.0,72.0,25.0,34.0,81.0,20.0,43.0,16.0,24.0,7.5
teksturirani papir 300 g,stochastic,198,21.0,100.0,72.0,25.0,29.0,71.0,33.0,34.0,48.0,41.0,4.71
teksturirani papir 300 g,stochastic,199,52.0,0.0,72.0,25.0,47.0,22.0,-18.0,60.0,22.0,-15.0,14.11
teksturirani papir 300 g,stochastic,200,52.0,31.0,72.0,25.0,36.0,67.0,-5.0,45.0,74.0,-3.0,9.32
teksturirani papir 300 g,stochastic,201,52.0,72.0,72.0,25.0,27.0,88.0,9.0,32.0,89.0,9.0,4.24
teksturirani papir 300 g,stochastic,202,52.0,100.0,72.0,25.0,22.0,75.0,18.0,26.0,45.0,22.0,3.79
teksturirani papir 300 g,stochastic,203,81.0,0.0,72.0,25.0,39.0,79.0,-31.0,48.0,80.0,-32.0,9.26
teksturirani papir 300 g,stochastic,204,81.0,31.0,72.0,25.0,31.0,85.0,-17.0,39.0,43.0,-16.0,7.22
teksturirani papir 300 g,stochastic,205,81.0,72.0,72.0,25.0,19.0,65.0,-0.0,25.0,13.0,-1.0,4.5
teksturirani papir 300 g,stochastic,206,81.0,100.0,72.0,25.0,18.0,20.0,5.0,20.0,97.0,6.0,2.2
teksturirani papir 300 g,stochastic,207,100.0,0.0,72.0,25.0,35.0,89.0,-40.0,43.0,51.0,-44.0,7.55
teksturirani papir 300 g,stochastic,208,100.0,31.0,72.0,25.0,28.0,88.0,-25.0,35.0,24.0,-29.0,5.78
teksturirani papir 300 g,stochastic,209,100.0,72.0,72.0,25.0,19.0,58.0,-6.0,24.0,37.0,-7.0,3.99
teksturirani papir 300 g,stochastic,210,100.0,100.0,72.0,25.0,16.0,48.0,0.0,20.0,16.0,-0.0,2.89
teksturirani papir 300 g,stochastic,211,0.0,0.0,100.0,25.0,61.0,29.0,-1.0,72.0,82.0,-1.0,9.7
teksturirani papir 300 g,stochastic,212,0.0,31.0,100.0,25.0,53.0,31.0,9.0,65.0,52.0,6.0,11.89
teksturirani papir 300 g,stochastic,213,0.0,72.0,100.0,25.0,41.0,43.0,28.0,48.0,12.0,34.0,6.85
teksturirani papir 300 g,stochastic,214,0.0,100.0,100.0,25.0,33.0,98.0,42.0,39.0,75.0,50.0,5.46
teksturirani papir 300 g,stochastic,215,21.0,0.0,100.0,25.0,55.0,82.0,-6.0,67.0,69.0,-3.0,11.09
teksturirani papir 300 g,stochastic,216,21.0,31.0,100.0,25.0,47.0,7.0,2.0,57.0,38.0,0.0,11.05
teksturirani papir 300 g,stochastic,217,21.0,72.0,100.0,25.0,36.0,59.0,21.0,43.0,3.0,24.0,6.08
teksturirani papir 300 g,stochastic,218,21.0,100.0,100.0,25.0,29.0,45.0,34.0,35.0,18.0,40.0,5.06
teksturirani papir 300 g,stochastic,219,52.0,0.0,100.0,25.0,45.0,91.0,-19.0,58.0,35.0,-15.0,13.97
teksturirani papir 300 g,stochastic,220,52.0,31.0,100.0,25.0,36.0,30.0,-6.0,45.0,32.0,-4.0,9.38
teksturirani papir 300 g,stochastic,221,52.0,72.0,100.0,25.0,26.0,5.0,8.0,32.0,23.0,9.0,5.64
teksturirani papir 300 g,stochastic,222,52.0,100.0,100.0,25.0,22.0,83.0,18.0,25.0,82.0,23.0,3.71
teksturirani papir 300 g,stochastic,223,81.0,0.0,100.0,25.0,39.0,14.0,-33.0,48.0,26.0,-33.0,9.2
teksturirani papir 300 g,stochastic,224,81.0,31.0,100.0,25.0,31.0,33.0,-19.0,39.0,5.0,-19.0,7.47
teksturirani papir 300 g,stochastic,225,81.0,72.0,100.0,25.0,21.0,73.0,-2.0,25.0,39.0,-2.0,3.93
teksturirani papir 300 g,stochastic,226,81.0,100.0,100.0,25.0,16.0,96.0,5.0,20.0,14.0,5.0,2.56
teksturirani papir 300 g,stochastic,227,100.0,0.0,100.0,25.0,35.0,48.0,-44.0,43.0,49.0,-46.0,7.44
teksturirani papir 300 g,stochastic,228,100.0,31.0,100.0,25.0,27.0,93.0,-28.0,34.0,66.0,-31.0,5.93
teksturirani papir 300 g,stochastic,229,100.0,72.0,100.0,25.0,19.0,3.0,-8.0,24.0,26.0,-8.0,4.8
teksturirani papir 300 g,stochastic,230,100.0,100.0,100.0,25.0,14.0,40.0,-0.0,18.0,90.0,-1.0,3.43
teksturirani papir 300 g,stochastic,231,0.0,0.0,0.0,60.0,35.0,72.0,-0.0,41.0,97.0,-0.0,5.44
teksturirani papir 300 g,stochastic,232,0.0,31.0,0.0,60.0,34.0,42.0,5.0,42.0,63.0,2.0,7.88
teksturirani papir 300 g,stochastic,233,0.0,72.0,0.0,60.0,27.0,7.0,16.0,29.0,69.0,19.0,2.84
teksturirani papir 300 g,stochastic,234,0.0,100.0,0.0,60.0,21.0,52.0,26.0,24.0,96.0,31.0,3.41
teksturirani papir 300 g,stochastic,235,31.0,0.0,0.0,60.0,34.0,28.0,-5.0,44.0,49.0,-3.0,9.64
teksturirani papir 300 g,stochastic,236,31.0,31.0,0.0,60.0,28.0,93.0,0.0,38.0,68.0,0.0,8.54
teksturirani papir 300 g,stochastic,237,31.0,72.0,0.0,60.0,22.0,59.0,11.0,28.0,23.0,15.0,5.26
teksturirani papir 300 g,stochastic,238,31.0,100.0,0.0,60.0,18.0,74.0,18.0,22.0,95.0,25.0,5.01
teksturirani papir 300 g,stochastic,239,72.0,0.0,0.0,60.0,27.0,93.0,-13.0,37.0,3.0,-16.0,7.61
teksturirani papir 300 g,stochastic,240,72.0,31.0,0.0,60.0,24.0,91.0,-6.0,31.0,62.0,-9.0,5.93
teksturirani papir 300 g,stochastic,241,72.0,72.0,0.0,60.0,18.0,31.0,2.0,23.0,14.0,5.0,4.47
teksturirani papir 300 g,stochastic,242,72.0,100.0,0.0,60.0,14.0,90.0,9.0,18.0,43.0,14.0,4.89
teksturirani papir 300 g,stochastic,243,100.0,0.0,0.0,60.0,24.0,32.0,-17.0,30.0,85.0,-23.0,5.86
teksturirani papir 300 g,stochastic,244,100.0,31.0,0.0,60.0,20.0,51.0,-10.0,27.0,47.0,-16.0,6.31
teksturirani papir 300 g,stochastic,245,100.0,72.0,0.0,60.0,15.0,94.0,-0.0,19.0,50.0,-2.0,3.48
teksturirani papir 300 g,stochastic,246,100.0,100.0,0.0,60.0,14.0,55.0,3.0,17.0,53.0,3.0,2.49
teksturirani papir 300 g,stochastic,247,0.0,0.0,31.0,60.0,37.0,56.0,-1.0,46.0,67.0,-1.0,8.74
teksturirani papir 300 g,stochastic,248,0.0,31.0,31.0,60.0,31.0,57.0,4.0,40.0,79.0,2.0,8.88
teksturirani papir 300 g,stochastic,249,0.0,72.0,31.0,60.0,25.0,99.0,16.0,29.0,61.0,19.0,3.47
teksturirani papir 300 g,stochastic,250,0.0,100.0,31.0,60.0,21.0,52.0,24.0,24.0,33.0,29.0,3.37
teksturirani papir 300 g,stochastic,251,31.0,0.0,31.0,60.0,32.0,32.0,-5.0,40.0,27.0,-4.0,7.96
teksturirani papir 300 g,stochastic,252,31.0,31.0,31.0,60.0,26.0,66.0,0.0,33.0,63.0,-0.0,5.75
teksturirani papir 300 g,stochastic,253,31.0,72.0,31.0,60.0,22.0,21.0,10.0,26.0,1.0,11.0,2.79
teksturirani papir 300 g,stochastic,254,31.0,100.0,31.0,60.0,18.0,1.0,18.0,21.0,71.0,21.0,3.31
teksturirani papir 300 g,stochastic,255,72.0,0.0,31.0,60.0,26.0,58.0,-14.0,35.0,57.0,-15.0,7.4
teksturirani papir 300 g,stochastic,256,72.0,31.0,31.0,60.0,21.0,47.0,-7.0,29.0,24.0,-7.0,6.07
teksturirani papir 300 g,stochastic,257,72.0,72.0,31.0,60.0,16.0,43.0,2.0,21.0,73.0,2.0,4.05
teksturirani papir 300 g,stochastic,258,72.0,100.0,31.0,60.0,15.0,27.0,6.0,16.0,81.0,11.0,4.67
teksturirani papir 300 g,stochastic,259,100.0,0.0,31.0,60.0,23.0,34.0,-20.0,29.0,53.0,-24.0,5.42
teksturirani papir 300 g,stochastic,260,100.0,31.0,31.0,60.0,19.0,8.0,-11.0,24.0,62.0,-14.0,4.66
teksturirani papir 300 g,stochastic,261,100.0,72.0,31.0,60.0,14.0,37.0,-1.0,19.0,93.0,-4.0,5.07
teksturirani papir 300 g,stochastic,262,100.0,100.0,31.0,60.0,12.0,36.0,2.0,16.0,71.0,1.0,3.16
teksturirani papir 300 g,stochastic,263,0.0,0.0,72.0,60.0,37.0,34.0,-2.0,46.0,18.0,-2.0,8.85
teksturirani papir 300 g,stochastic,264,0.0,31.0,72.0,60.0,32.0,9.0,4.0,40.0,79.0,1.0,9.0
teksturirani papir 300 g,stochastic,265,0.0,72.0,72.0,60.0,25.0,37.0,16.0,30.0,54.0,19.0,4.79
teksturirani papir 300 g,stochastic,266,0.0,100.0,72.0,60.0,21.0,59.0,22.0,24.0,61.0,29.0,3.96
teksturirani papir 300 g,stochastic,267,31.0,0.0,72.0,60.0,32.0,29.0,-7.0,40.0,65.0,-5.0,8.62
teksturirani papir 300 g,stochastic,268,31.0,31.0,72.0,60.0,27.0,11.0,-1.0,33.0,4.0,-2.0,5.37
teksturirani papir 300 g,stochastic,269,31.0,72.0,72.0,60.0,21.0,68.0,9.0,25.0,29.0,10.0,3.21
teksturirani papir 300 g,stochastic,270,31.0,100.0,72.0,60.0,17.0,58.0,15.0,20.0,47.0,19.0,3.33
teksturirani papir 300 g,stochastic,271,72.0,0.0,72.0,60.0,24.0,79.0,-16.0,31.0,47.0,-17.0,6.38
teksturirani papir 300 g,stochastic,272,72.0,31.0,72.0,60.0,20.0,83.0,-9.0,27.0,18.0,-8.0,5.68
teksturirani papir 300 g,stochastic,273,72.0,72.0,72.0,60.0,16.0,35.0,0.0,20.0,24.0,-0.0,3.78
teksturirani papir 300 g,stochastic,274,72.0,100.0,72.0,60.0,13.0,69.0,5.0,17.0,0.0,5.0,2.24
teksturirani papir 300 g,stochastic,275,100.0,0.0,72.0,60.0,20.0,98.0,-22.0,27.0,60.0,-26.0,5.49
teksturirani papir 300 g,stochastic,276,100.0,31.0,72.0,60.0,17.0,67.0,-13.0,22.0,48.0,-16.0,4.29
teksturirani papir 300 g,stochastic,277,100.0,72.0,72.0,60.0,13.0,71.0,-3.0,18.0,15.0,-5.0,4.22
teksturirani papir 300 g,stochastic,278,100.0,100.0,72.0,60.0,11.0,79.0,0.0,16.0,55.0,-0.0,3.91
teksturirani papir 300 g,stochastic,279,0.0,0.0,100.0,60.0,36.0,73.0,-3.0,44.0,57.0,-3.0,7.94
teksturirani papir 300 g,stochastic,280,0.0,31.0,100.0,60.0,30.0,35.0,2.0,39.0,23.0,0.0,8.72
teksturirani papir 300 g,stochastic,281,0.0,72.0,100.0,60.0,26.0,62.0,13.0,30.0,35.0,17.0,4.13
teksturirani papir 300 g,stochastic,282,0.0,100.0,100.0,60.0,21.0,59.0,21.0,24.0,30.0,27.0,3.73
teksturirani papir 300 g,stochastic,283,31.0,0.0,100.0,60.0,32.0,71.0,-8.0,39.0,93.0,-5.0,8.06
teksturirani papir 300 g,stochastic,284,31.0,31.0,100.0,60.0,27.0,46.0,-1.0,33.0,61.0,-2.0,5.91
teksturirani papir 300 g,stochastic,285,31.0,72.0,100.0,60.0,20.0,77.0,8.0,25.0,27.0,9.0,4.11
teksturirani papir 300 g,stochastic,286,31.0,100.0,100.0,60.0,17.0,97.0,14.0,20.0,65.0,19.0,3.31
teksturirani papir 300 g,stochastic,287,72.0,0.0,100.0,60.0,24.0,79.0,-18.0,31.0,7.0,-19.0,6.19
teksturirani papir 300 g,stochastic,288,72.0,31.0,100.0,60.0,20.0,29.0,-10.0,25.0,30.0,-8.0,5.19
teksturirani papir 300 g,stochastic,289,72.0,72.0,100.0,60.0,16.0,30.0,-0.0,20.0,21.0,-1.0,3.97
teksturirani papir 300 g,stochastic,290,72.0,100.0,100.0,60.0,14.0,51.0,3.0,16.0,72.0,4.0,2.13
teksturirani papir 300 g,stochastic,291,100.0,0.0,100.0,60.0,21.0,82.0,-23.0,26.0,58.0,-28.0,4.75
teksturirani papir 300 g,stochastic,292,100.0,31.0,100.0,60.0,18.0,84.0,-14.0,22.0,56.0,-18.0,3.97
teksturirani papir 300 g,stochastic,293,100.0,72.0,100.0,60.0,14.0,83.0,-4.0,17.0,90.0,-5.0,3.36
teksturirani papir 300 g,stochastic,294,100.0,100.0,100.0,60.0,12.0,22.0,-0.0,17.0,25.0,-1.0,3.79
teksturirani papir 300 g,stochastic,295,0.0,0.0,0.0,88.0,20.0,3.0,-0.0,22.0,22.0,-0.0,1.57
teksturirani papir 300 g,stochastic,296,0.0,52.0,0.0,88.0,17.0,4.0,4.0,19.0,31.0,5.0,1.65
teksturirani papir 300 g,stochastic,297,0.0,100.0,0.0,88.0,14.0,47.0,10.0,15.0,75.0,13.0,2.5
teksturirani papir 300 g,stochastic,298,31.0,0.0,0.0,88.0,17.0,69.0,-2.0,22.0,98.0,-3.0,4.46
teksturirani papir 300 g,stochastic,299,31.0,52.0,0.0,88.0,15.0,64.0,2.0,19.0,15.0,3.0,2.65
teksturirani papir 300 g,stochastic,300,31.0,100.0,0.0,88.0,12.0,81.0,8.0,14.0,49.0,11.0,2.61
teksturirani papir 300 g,stochastic,301,72.0,0.0,0.0,88.0,15.0,16.0,-4.0,18.0,36.0,-7.0,3.83
teksturirani papir 300 g,stochastic,302,72.0,52.0,0.0,88.0,12.0,52.0,0.0,16.0,5.0,-0.0,3.17
teksturirani papir 300 g,stochastic,303,72.0,100.0,0.0,88.0,11.0,89.0,4.0,13.0,79.0,5.0,1.75
teksturirani papir 300 g,stochastic,304,100.0,0.0,0.0,88.0,13.0,59.0,-4.0,18.0,46.0,-9.0,5.36
teksturirani papir 300 g,stochastic,305,100.0,52.0,0.0,88.0,12.0,23.0,-0.0,15.0,55.0,-3.0,4.47
teksturirani papir 300 g,stochastic,306,100.0,100.0,0.0,88.0,12.0,35.0,2.0,13.0,98.0,1.0,1.44
teksturirani papir 300 g,stochastic,307,0.0,0.0,52.0,88.0,20.0,65.0,-1.0,25.0,37.0,-2.0,4.3
teksturirani papir 300 g,stochastic,308,0.0,52.0,52.0,88.0,16.0,51.0,3.0,20.0,75.0,4.0,3.39
teksturirani papir 300 g,stochastic,309,0.0,100.0,52.0,88.0,14.0,4.0,9.0,15.0,34.0,11.0,2.54
teksturirani papir 300 g,stochastic,310,31.0,0.0,52.0,88.0,18.0,52.0,-3.0,23.0,58.0,-3.0,4.5
teksturirani papir 300 g,stochastic,311,31.0,52.0,52.0,88.0,14.0,46.0,1.0,19.0,36.0,0.0,3.86
teksturirani papir 300 g,stochastic,312,31.0,100.0,52.0,88.0,13.0,92.0,5.0,14.0,30.0,7.0,1.99
teksturirani papir 300 g,stochastic,313,72.0,0.0,52.0,88.0,15.0,74.0,-6.0,18.0,37.0,-7.0,2.9
teksturirani papir 300 g,stochastic,314,72.0,52.0,52.0,88.0,11.0,80.0,-0.0,17.0,21.0,-1.0,4.19
teksturirani papir 300 g,stochastic,315,72.0,100.0,52.0,88.0,10.0,62.0,2.0,13.0,49.0,2.0,1.97
teksturirani papir 300 g,stochastic,316,100.0,0.0,52.0,88.0,14.0,10.0,-7.0,16.0,61.0,-9.0,3.09
teksturirani papir 300 g,stochastic,317,100.0,52.0,52.0,88.0,11.0,68.0,-1.0,14.0,40.0,-4.0,4.04
teksturirani papir 300 g,stochastic,318,100.0,100.0,52.0,88.0,11.0,87.0,0.0,15.0,75.0,-0.0,3.32
teksturirani papir 300 g,stochastic,319,0.0,0.0,100.0,88.0,21.0,17.0,-3.0,24.0,88.0,-3.0,4.44
teksturirani papir 300 g,stochastic,320,0.0,52.0,100.0,88.0,16.0,28.0,1.0,19.0,17.0,2.0,3.32
teksturirani papir 300 g,stochastic,321,0.0,100.0,100.0,88.0,14.0,80.0,6.0,16.0,18.0,9.0,2.32
teksturirani papir 300 g,stochastic,322,31.0,0.0,100.0,88.0,18.0,9.0,-4.0,21.0,71.0,-3.0,3.59
teksturirani papir 300 g,stochastic,323,31.0,52.0,100.0,88.0,15.0,85.0,0.0,17.0,68.0,-0.0,2.44
teksturirani papir 300 g,stochastic,324,31.0,100.0,100.0,88.0,14.0,54.0,3.0,14.0,72.0,5.0,1.47
teksturirani papir 300 g,stochastic,325,72.0,0.0,100.0,88.0,15.0,56.0,-8.0,17.0,26.0,-8.0,2.09
teksturirani papir 300 g,stochastic,326,72.0,52.0,100.0,88.0,13.0,63.0,-2.0,16.0,38.0,-2.0,3.03
teksturirani papir 300 g,stochastic,327,72.0,100.0,100.0,88.0,11.0,90.0,1.0,15.0,0.0,1.0,2.27
teksturirani papir 300 g,stochastic,328,100.0,0.0,100.0,88.0,14.0,21.0,-8.0,16.0,42.0,-11.0,3.24
teksturirani papir 300 g,stochastic,329,100.0,52.0,100.0,88.0,10.0,92.0,-2.0,14.0,90.0,-4.0,4.27
teksturirani papir 300 g,stochastic,330,100.0,100.0,100.0,88.0,12.0,89.0,-0.0,14.0,62.0,-0.0,1.82
teksturirani papir 300 g,stochastic,331,0.0,0.0,0.0,100.0,15.0,15.0,-0.0,15.0,6.0,-0.0,0.39
teksturirani papir 300 g,stochastic,332,0.0,52.0,0.0,100.0,11.0,45.0,2.0,14.0,57.0,2.0,2.05
teksturirani papir 300 g,stochastic,333,0.0,100.0,0.0,100.0,11.0,34.0,4.0,13.0,37.0,6.0,2.42
teksturirani papir 300 g,stochastic,334,52.0,0.0,0.0,100.0,11.0,17.0,-0.0,14.0,69.0,-3.0,4.47
teksturirani papir 300 g,stochastic,335,52.0,52.0,0.0,100.0,10.0,79.0,1.0,14.0,25.0,-0.0,3.3
teksturirani papir 300 g,stochastic,336,52.0,100.0,0.0,100.0,10.0,24.0,3.0,13.0,40.0,3.0,2.19
teksturirani papir 300 g,stochastic,337,100.0,0.0,0.0,100.0,12.0,39.0,-1.0,14.0,24.0,-4.0,3.93
teksturirani papir 300 g,stochastic,338,100.0,52.0,0.0,100.0,11.0,33.0,0.0,13.0,47.0,-1.0,4.25
teksturirani papir 300 g,stochastic,339,100.0,100.0,0.0,100.0,10.0,98.0,2.0,13.0,70.0,0.0,2.9
teksturirani papir 300 g,stochastic,340,0.0,0.0,52.0,100.0,14.0,19.0,-1.0,17.0,60.0,-1.0,2.93
teksturirani papir 300 g,stochastic,341,0.0,52.0,52.0,100.0,12.0,55.0,1.0,15.0,18.0,1.0,2.01
teksturirani papir 300 g,stochastic,342,0.0,100.0,52.0,100.0,10.0,92.0,2.0,13.0,41.0,4.0,2.52
teksturirani papir 300 g,stochastic,343,52.0,0.0,52.0,100.0,11.0,59.0,-1.0,15.0,28.0,-3.0,3.57
teksturirani papir 300 g,stochastic,344,52.0,52.0,52.0,100.0,12.0,58.0,0.0,14.0,68.0,-0.0,2.01
teksturirani papir 300 g,stochastic,345,52.0,100.0,52.0,100.0,11.0,51.0,1.0,14.0,24.0,1.0,1.9
teksturirani papir 300 g,stochastic,346,100.0,0.0,52.0,100.0,11.0,9.0,-2.0,13.0,75.0,-5.0,3.68
teksturirani papir 300 g,stochastic,347,100.0,52.0,52.0,100.0,11.0,49.0,-1.0,14.0,93.0,-2.0,3.06
teksturirani papir 300 g,stochastic,348,100.0,100.0,52.0,100.0,12.0,21.0,0.0,14.0,27.0,-0.0,2.17
teksturirani papir 300 g,stochastic,349,0.0,0.0,100.0,100.0,13.0,84.0,-2.0,17.0,22.0,-2.0,3.38
teksturirani papir 300 g,stochastic,350,0.0,52.0,100.0,100.0,13.0,75.0,0.0,16.0,18.0,0.0,2.31
teksturirani papir 300 g,stochastic,351,0.0,100.0,100.0,100.0,12.0,78.0,1.0,15.0,19.0,2.0,2.03
teksturirani papir 300 g,stochastic,352,52.0,0.0,100.0,100.0,12.0,96.0,-3.0,15.0,9.0,-4.0,2.75
teksturirani papir 300 g,stochastic,353,52.0,52.0,100.0,100.0,14.0,17.0,-0.0,14.0,54.0,-1.0,1.86
teksturirani papir 300 g,stochastic,354,52.0,100.0,100.0,100.0,12.0,89.0,0.0,14.0,69.0,0.0,1.51
teksturirani papir 300 g,stochastic,355,100.0,0.0,100.0,100.0,11.0,79.0,-4.0,13.0,49.0,-6.0,2.65
teksturirani papir 300 g,stochastic,356,100.0,52.0,100.0,100.0,10.0,75.0,-1.0,15.0,23.0,-3.0,3.55
teksturirani papir 300 g,stochastic,357,100.0,100.0,100.0,100.0,12.0,32.0,-0.0,16.0,41.0,-0.0,3.34
teksturirani papir 300 g,stochastic,358,5.0,0.0,0.0,0.0,83.0,89.0,0.0,84.0,96.0,2.0,2.73
teksturirani papir 300 g,stochastic,359,28.0,0.0,0.0,0.0,75.0,87.0,-8.0,81.0,68.0,-2.0,10.41
teksturirani papir 300 g,stochastic,360,95.0,0.0,0.0,0.0,50.0,5.0,-35.0,52.0,44.0,-34.0,2.48
teksturirani papir 300 g,stochastic,361,0.0,4.0,0.0,0.0,84.0,26.0,2.0,84.0,66.0,2.0,0.41
teksturirani papir 300 g,stochastic,362,0.0,11.0,0.0,0.0,80.0,98.0,3.0,83.0,99.0,2.0,3.02
teksturirani papir 300 g,stochastic,363,0.0,93.0,0.0,0.0,46.0,50.0,54.0,46.0,24.0,57.0,0.78
teksturirani papir 300 g,stochastic,364,0.0,0.0,4.0,0.0,85.0,32.0,2.0,84.0,75.0,2.0,0.4
teksturirani papir 300 g,stochastic,365,0.0,0.0,11.0,0.0,85.0,14.0,1.0,84.0,20.0,1.0,0.71
teksturirani papir 300 g,stochastic,366,0.0,0.0,93.0,0.0,82.0,15.0,-0.0,82.0,30.0,-1.0,0.67
teksturirani papir 300 g,stochastic,367,0.0,0.0,0.0,4.0,80.0,66.0,1.0,83.0,40.0,2.0,2.01
teksturirani papir 300 g,stochastic,368,0.0,0.0,0.0,13.0,72.0,68.0,1.0,80.0,34.0,1.0,5.61
teksturirani papir 300 g,stochastic,369,0.0,0.0,0.0,95.0,15.0,78.0,-0.0,18.0,80.0,-0.0,2.04
teksturirani papir 300 g,stochastic,370,9.0,7.0,7.0,0.0,77.0,80.0,0.0,82.0,28.0,1.0,3.53
teksturirani papir 300 g,stochastic,371,19.0,15.0,15.0,0.0,67.0,24.0,0.0,77.0,97.0,1.0,8.48
teksturirani papir 300 g,stochastic,372,29.0,23.0,23.0,0.0,58.0,14.0,0.0,69.0,70.0,0.0,9.87
teksturirani papir 300 g,stochastic,373,39.0,31.0,31.0,0.0,48.0,89.0,-0.0,57.0,71.0,0.0,8.85
teksturirani papir 300 g,stochastic,374,49.0,39.0,39.0,4.0,39.0,3.0,-0.0,45.0,32.0,-0.0,5.84
teksturirani papir 300 g,stochastic,375,59.0,47.0,47.0,16.0,29.0,62.0,-1.0,36.0,95.0,-0.0,6.22
teksturirani papir 300 g,stochastic,376,69.0,55.0,55.0,31.0,24.0,92.0,-1.0,30.0,47.0,-1.0,4.6
teksturirani papir 300 g,stochastic,377,79.0,63.0,63.0,48.0,19.0,99.0,-2.0,23.0,24.0,-2.0,3.01
teksturirani papir 300 g,stochastic,378,89.0,71.0,71.0,72.0,15.0,21.0,-1.0,18.0,37.0,-2.0,2.76
teksturirani papir 300 g,stochastic,379,99.0,79.0,79.0,100.0,13.0,60.0,-0.0,15.0,89.0,-1.0,2.13
teksturirani papir 300 g,stochastic,380,9.0,7.0,7.0,0.0,77.0,50.0,1.0,82.0,73.0,1.0,3.79
teksturirani papir 300 g,stochastic,381,18.0,14.0,14.0,0.0,69.0,68.0,0.0,78.0,94.0,1.0,7.23
teksturirani papir 300 g,stochastic,382,27.0,21.0,21.0,0.0,60.0,54.0,0.0,71.0,27.0,1.0,9.12
teksturirani papir 300 g,stochastic,383,36.0,29.0,29.0,0.0,52.0,69.0,-0.0,62.0,84.0,0.0,9.56
teksturirani papir 300 g,stochastic,384,45.0,36.0,36.0,0.0,44.0,54.0,-0.0,52.0,6.0,0.0,7.64
teksturirani papir 300 g,stochastic,385,54.0,43.0,43.0,0.0,37.0,40.0,-0.0,44.0,94.0,-0.0,6.95
teksturirani papir 300 g,stochastic,386,63.0,50.0,50.0,0.0,32.0,87.0,-1.0,37.0,99.0,-0.0,4.71
teksturirani papir 300 g,stochastic,387,72.0,58.0,58.0,0.0,28.0,41.0,-2.0,34.0,3.0,-1.0,5.23
teksturirani papir 300 g,stochastic,388,81.0,65.0,65.0,2.0,24.0,86.0,-3.0,31.0,14.0,-2.0,5.4
teksturirani papir 300 g,stochastic,389,90.0,72.0,72.0,49.0,17.0,25.0,-3.0,21.0,26.0,-3.0,3.53
teksturirani papir 300 g,stochastic,390,24.0,19.0,19.0,11.0,55.0,39.0,0.0,67.0,14.0,0.0,10.49
teksturirani papir 300 g,stochastic,391,49.0,39.0,39.0,30.0,30.0,99.0,-0.0,36.0,25.0,-0.0,4.45
teksturirani papir 300 g,stochastic,392,74.0,59.0,59.0,59.0,19.0,52.0,-1.0,23.0,21.0,-1.0,3.03
teksturirani papir 300 g,stochastic,393,28.0,0.0,0.0,0.0,76.0,29.0,-8.0,82.0,53.0,-2.0,10.26
teksturirani papir 300 g,stochastic,394,64.0,0.0,0.0,0.0,59.0,50.0,-26.0,64.0,85.0,-22.0,5.3
teksturirani papir 300 g,stochastic,395,0.0,21.0,0.0,0.0,79.0,67.0,7.0,83.0,73.0,2.0,6.49
teksturirani papir 300 g,stochastic,396,0.0,52.0,0.0,0.0,66.0,41.0,23.0,70.0,97.0,19.0,4.33
teksturirani papir 300 g,stochastic,397,0.0,0.0,21.0,0.0,85.0,0.0,0.0,83.0,88.0,1.0,0.88
teksturirani papir 300 g,stochastic,398,0.0,0.0,52.0,0.0,84.0,5.0,-0.0,83.0,78.0,-0.0,0.27
teksturirani papir 300 g,stochastic,399,0.0,0.0,0.0,25.0,62.0,44.0,0.0,71.0,72.0,1.0,7.58
teksturirani papir 300 g,stochastic,400,0.0,0.0,0.0,60.0,34.0,59.0,-0.0,39.0,64.0,-0.0,4.28
